Date,8410140,8413320,8418150,8449130,8447930,8454000,8452944,8447386,8454049,8452660,8461490,8465705,8516945,8519483,8531680,8534720,8548989,8539094,8545240,8551910,8536110,8557380,8573927,8574680,8573364,8594900,8577330,8635750,8632200,8637689,8638863,8631044,8651370,8652587,8658120,8665530,8721604,8723970,8724580,8725520,8726724,8728690,8729108,8729210,8729840,8762482,8761724,8768094,8770475,8770570,8770971,8771341,8771450,8775870,8776604,9755371,9751401,9075099,9075014,9063079,9063063,9063020,9459450,9455920,9455500,9454240,9455090,9453220,9452210,9451600,9450460,9449880,9444090,9444900,9447130,9446484,9440910,9435380,9432780,9431647,9419750,9418767,9416841,9415144,9414863,9414750,9414290,9412110,9410660,9410230,1617433,1615680,1612480,1619910,1890000
1/1/1992,,,,,,,,,,,,,,,,,,,,,,,,,,,,,,,,,,,,,,,,,,,,,,,,,,,,,,,,,,,,,,,,,,,,,,,,,,,9.085627511,,,9.405133129,,,,,,,,,,,,,,,,,
2/1/1992,,,,,,,,,,,,,,,,,,,,,,,,,,,,,,,,,,,,,,,,,,,,,,,,,,,,,,,,,,,,,,,,,,,,,,,,,,,8.683364458,,,10.74651924,,,,,,,,,,,,,,,,,
3/1/1992,,,,,,,,,,,,,,,,,,,,,,,,,,,,,,,,,,,,,,,,,,,,,,,,,,,,,,,,,,,,,,,,,,,,,,,,,,,9.008257789,,,11.94754224,,,,,,,,,,,,,,,,,
4/1/1992,,,,,,,,,,,,,,,,,,,,,,,,,,,,,,,,,,,,,,,,,,,,,,,,,,,,,,,,,,,,,,,,,,,,,,,,9.890880545,,,9.734195448,,,12.79375,,,,,,,,,,,,,,,,,
5/1/1992,,,,,,,,,,,,,,,,,,,,,,,,,,,,,,,,,,,,,,,,,,,,,,,,,,,,,,,,,,,,,,,,,,,,,,,,10.83774817,,,11.18011956,,,12.78824885,,,,,,,,,,,,,,,,,
6/1/1992,,,,,,,,,,,,,,,,,,,,,,,,,,,,,,,22.48819535,,,,,,,,,,,,,,,,,,,,,,,,,,,,,,,,,,,,,,,,,11.52984312,,,12.47983596,,,12.89480159,,,,,,,,,,,,,,,,,
7/1/1992,,,,,,,,,,,,,,,,,,,,,,,,,,,,,,,24.76263184,,,,,,,,,,,,,,,,,,,,,,,,,,,,,,,,,,,,,,,,,11.93618832,,,13.38847961,,,13.51001447,,,,,,,,,,,,,,,,,
8/1/1992,,,,,,,,,,,,,,,,,,,,,,,,,,,,,,,25.23041388,,,,,,,,,,,,,,,,,,,,,,,,,,,,,,,,,,,,,,,,,12.33936252,,,14.02089013,,,12.43070276,,,,,,,,,,,,,,,,,
9/1/1992,,,,,,,,,,,,,,,,,,,,,,,,,,,,,,,24.4812551,,,,,,,,,,,,,,,,,,,,,,,,,,,,,,,,,,,,,,,,,11.76828675,,,13.66900205,,,11.23837905,,,,,,,,,,,,,,,,,
10/1/1992,,,,,,,,,,,,,,,,,,,,,,,,,,,,,,,18.1324012,,,,,,,,,,,,,,,,,,,,,,,,,,,,,,,,,,,,,,,,,10.91452159,,,12.92903475,,,11.70541475,,,,,,,,,,,,,,,,,
11/1/1992,,,,,,,,,,,,,,,,,,,,,,,,,,,,,,,13.70584023,,,,,,,,,,,,,,,,,,,,,,,,,,,,,,,,,,,,,,,,,10.10231108,,,11.83879113,,,11.40965015,,,,,,,,,,,,,,,,,
12/1/1992,,,,,,,,,,,,,,,,,,,,,,,,,,,,,,,9.05617042,,,,,,,,,,,,,,,,,,,,,,,,,,,,,,,,,,,,,,,,,8.968548387,,,10.36977848,,,9.618394777,,,,,,,,,,,,,,,,,
1/1/1993,,,,,,,,,,,,,,,,,,,,,,,,,,,,,,,7.479302214,,,,,,,,,,,,,,,,,,,,,,,,,,,,,,,,,,,,,,,,,7.697262952,,,8.814214677,,,8.342991551,,,,,,,,,,,,,,,,,
2/1/1993,,,,,,,,,,,,,,,,,,,,,,,,,,,,,,,5.860164337,,,,,,,,,,,,,,,,,,,,,,,,,,,,,,,,,,,,,,,,,7.743964097,,,8.010124509,,,9.344565217,,,,,,,,,,,,,,,,,
3/1/1993,,,,,,,,,,,,,,,,,,,,,,,,,,,,,,,6.475718414,,,,,,,,,,,,,,,,,,,,,,,,,,,,,,,,,,,,,,,,,8.224514791,,,8.005278592,,,10.55712077,,,,,,,,,,,,,,,,,
4/1/1993,,,,,,,,,,,,,,,,,,,,,,,,,,,,,,,11.30972222,,,,,,,,,,,,,,,,,,,,,,,,,,,,,,,,,,,,,,,,,9.208449166,,,8.67895202,,,11.98228535,,,,,,,,,,,,,,,,,
5/1/1993,,,,,,,,,,,,,,,,,,,,,,,,,,,,,,,17.10658937,,,,,,,,,,,,,,,,,,,,,,,,,,,,,,,,,,,,,,,,,10.40756463,,,10.13992602,,,13.6862764,,,,,,,,,,,,,,,,,
6/1/1993,,,,,,,,,,,,,,,,,,,,,,,,,,,,,,,,,,,,,,,,,,,,,,,,,,,,,,,,,,,,,,,,,,,,,,,,11.42781142,,,11.88349185,,,,,,,,,,,,,,,,,,,,
7/1/1993,,,,,,,,,,,,,,,,,,,,,,,,,,,,,,,24.93290567,,,,,,,,,,,,,,,,,,,,,,,,,,,,,,,,,,,,,,,,,11.82342306,,,12.16743646,,,12.70853286,,,,,,,,,,,,,,,,,
8/1/1993,,,,,,,,,,,,,,,,,,,,,,,,,,,,,,,24.50332933,,,,,,,,,,,30.48119535,,28.7932764,,,,,,,,,,,,,,,,,,,,,,,,,,,,11.91406779,,,12.83799923,,,12.93546991,,,,,,,,,,,,,,,,,
9/1/1993,,,,,,,,,,,,,,,,,,,,,,,,,,,,,,,24.16125,,,,,,,,,,,28.61013659,,28.91930556,,,,,,,,,,,,,,,,,,,,,,,,,,,,12.00920635,,,12.95249231,,,11.3297358,,,,,,19.30777066,,,15.60671296,14.89826812,18.05416667,19.10620459,,,,,
10/1/1993,,,,,,,,,,,,,,,,,,,,,,,,,,,,,,,18.72463343,,,,,,,,,,,23.94192554,,25.22206555,,,,,,,,,,,,,,,,,,,,,,,,,,,,11.10568356,,,12.4012219,,,11.45731567,11.76649386,11.74139785,12.49596774,11.91334485,12.21922043,18.20016762,,17.55295699,15.13346774,15.28090176,18.12768817,19.25179254,,,,,
11/1/1993,,,,,,,,,,,,,,,,,,,,,,,,,,,,,,,13.6520671,,,,,,,,,,,17.53854536,,20.2021627,,,,,,,,,,,,,,,,,,,,,,,,,,,,10.03529281,,,11.2607611,,,9.517294733,9.454189723,9.531822872,10.44157407,10.7978511,12.63032407,14.36707609,,14.82276455,14.28688492,15.22474293,16.72150794,17.56054319,,,,,
12/1/1993,,,,,,,,,,,,,,,,,,,,4.250152035,,,,,,,,6.105357143,,,8.944758065,,,,,,,,,,,13.16699309,,16.41057988,,,,,,,,,,,,,,,,,,,,,,,,,,,,9.132066052,,,9.821239881,,,9.405528208,9.765591398,10.48958653,10.5438172,11.04626344,12.44254992,10.10213301,,11.18266129,11.92182566,13.55401306,15.36466276,15.79652458,,,,,
1/1/1994,,,,,,,,,,,,,,0.88922883,,,,,,0.608808191,,,,,,,,1.475294363,,,3.556457457,,,,,,,,,,,10.14417335,,12.55382104,,,,,,,,,,,,,,,,,,,,,,,,,,,,9.034021475,,,9.231316142,,,10.27900782,10.74095622,11.1892039,10.99218986,11.37731113,12.27747347,9.203046595,,10.72393695,11.41945702,13.7140745,14.90658602,15.27244624,,,22.49974492,,
2/1/1994,,,,,,,,,,,,,,0.372383266,,,,,,,,,,,,,1.827226708,,,,3.599291663,,,,,,,,,,,14.76241589,,14.77152069,,,,,,,,,,,,,,,,,,,,,,,,,,,,8.602702559,,,8.708117387,,,9.5535579,10.12195178,10.53298533,10.50655181,10.94314829,12.18665888,10.31833469,,11.49221552,11.86773099,13.47759721,14.4562708,14.83308747,24.5441508,23.68314394,23.23029681,,
3/1/1994,,,,,,,,,,,,,,3.145708414,,,,,,,,,,,,,5.20242978,8.207813809,,,7.168415259,8.856349059,,,,,,,,,,18.00712366,,17.67695073,,,,,,,,,,,,,,,,,,,,,,,,,,,,8.819189691,,,8.600191405,,,10.74212706,10.84827623,10.67180569,11.39164789,11.47909609,11.71407936,13.92682129,,14.43550148,13.09581598,13.24152784,15.65775703,15.92473118,24.88270097,23.33091398,23.28993925,,26.19333333
4/1/1994,,,,,,,,,,,,,,8.88664124,,,,,,,,,,,,,12.5416222,15.64886905,,,12.91319444,16.59738336,,17.96847222,,,,,,,,21.38437186,,21.64287698,,,,,,,,,,,,,,,,,,,,,,,,,,,,9.607839921,,9.112059614,9.20383109,,,11.75378835,11.60555556,10.38823148,11.34644488,10.92597222,9.916881313,16.16491162,,15.94081349,13.20027778,12.01468254,15.11333333,16.77777778,24.96493357,,24.00927372,21.83036436,27.0514881
5/1/1994,,,,,,,,,,,,,,13.79615441,,,,,,,,,,,,,16.89822369,18.5970053,16.94920635,,16.51785547,18.42988296,,19.18571079,,,,,,,,25.09434103,,24.54197389,,,,,,,,,,,,,,,,,,,,,,,,,,,,10.47678898,,10.06147786,10.41454057,,,12.39519796,12.34452899,9.947393579,11.39901725,11.03666934,9.69052408,17.60046083,,17.17708314,13.2363414,12.16856152,15.07438556,17.23763441,25.80200044,24.85737179,25.43991935,23.04172951,27.75585888
6/1/1994,,,,,,,,,,,,,,19.82154887,,,,,,,,,,,,,23.75279995,25.5571164,22.68867244,,22.05864789,26.19263889,,26.38285714,,,,,,,,27.20696118,,27.44603535,,,,,,,,,,,,,,,,,,,,,8.152325167,9.065341238,9.774666937,,,,12.2125,11.01828761,,10.64105833,11.54220842,,,12.63726508,12.73937771,9.082905236,11.99339043,11.04561163,9.103242754,19.87361111,,19.19862013,13.79362502,13.52625282,17.22930556,18.96187319,26.13974826,25.39958059,25.93837607,26.04681638,28.92299776
7/1/1994,,,,,,,,,,,,,,24.65874825,,,,,,27.95485029,,,,,,,28.04956264,28.19283172,25.26915888,,24.48860837,28.20608561,,27.88619735,,,,,,,,27.3189942,,28.3889317,,,,,,,,,,,,,,,,,,,,,9.129812982,11.23380828,11.99138997,12.50624005,9.530335972,,13.21673798,11.78743456,,11.31245042,12.93993157,,16.87258929,10.79130969,11.16499276,8.756209323,13.38475657,11.49860872,10.61411709,19.87820577,,19.02190044,14.71587775,14.03355666,17.63026637,20.69093702,27.29413945,25.74251375,26.79344081,25.64485141,28.61476692
8/1/1994,,,,,,,,,,,,,,23.30823093,,,,,,26.11284014,,,,,25.39228395,,26.61847222,26.53051075,23.97169008,,23.95003433,25.80762289,,25.9844086,27.45054147,,,,,,,26.53485023,,29.10872958,,,,,,,,,,,,,,,,,,,,,10.2030914,10.65802042,12.51753035,12.01468332,10.07327894,,14.5574064,11.1879353,,11.65916705,13.67384255,,19.56334485,13.88083347,14.30245568,10.20226741,13.5103758,12.20678153,10.07668424,21.06072106,,20.32614877,15.78316755,15.45374485,20.53611501,21.59414233,27.93815633,26.40389785,27.19812295,26.94672076,29.58064516
9/1/1994,,,,,,,,,,,,,,20.42799402,,,,,,22.85348475,,,,,22.82335325,,23.9097637,23.40705918,22.63378788,,22.89810481,22.9057117,,23.32211452,24.17470238,,,,,,,26.1593254,,28.19041178,,,,,,,,,,,,,,,,,,,,,9.561544217,10.66163647,11.67452773,12.20565575,9.067292929,,12.68008713,11.30114591,,11.26811163,13.58702036,,17.04688939,12.82137979,12.5903373,11.02879059,14.30460923,12.55601422,11.85271825,19.87046411,,19.40984127,15.97863636,15.41043651,19.14663201,20.74921498,27.99087631,26.70835145,27.09338854,26.40081349,29.61393678
10/1/1994,,,,,,,,,,,,,,16.33709677,,,,,,17.53694565,,,,,17.40116353,,18.61593702,17.0983871,17.79596774,,18.29594016,17.05708592,,18.41736763,19.59916395,,,,,,,22.33723118,,25.22476883,,,,,,,,,,,,,,,,,,,,,8.413689204,9.712768817,9.606847856,9.917767537,7.462381772,,10.19111681,10.33986873,,10.47956102,12.78165235,,12.89230334,11.13741935,11.59913483,10.52376728,12.26958874,11.59727343,11.6378164,17.68192141,,17.48435183,15.27779336,15.20861801,17.8578678,19.33365103,27.08270804,26.35774394,26.70858295,24.78701997,28.50262359
11/1/1994,,,,,,,,,,,,,,12.2347096,,,,,,13.08812629,,,,,12.60504804,,14.3512518,13.55444444,14.25427249,,14.90751082,13.38572037,,15.94404428,17.05725526,,,25.30481151,,,,19.5299926,,22.34888889,,,,,,,,,,,,,,,,,,,,,5.444588097,6.355012626,7.412555372,7.673990045,5.203743842,,7.55251478,9.115811594,,9.255480173,11.33092301,,8.642480159,10.91048888,10.76267196,10.41132965,9.954623016,9.877043651,10.64245342,12.67835823,,12.53303571,12.24854756,13.27786676,15.11627672,15.87319444,25.88717476,24.24301744,24.42651696,23.1214719,26.02256635
12/1/1994,,,,,,,,,,,,,,7.308022273,,,,,,7.544256444,,,,,7.639519592,,9.110929761,8.864650538,9.884146185,,10.48306452,8.958545994,,11.71402833,12.61983231,,,23.65992704,,,,14.61189089,,17.93536866,,,,,,,,,,,,,,,,,,,,,3.953494624,4.121860258,4.960986594,5.311241548,3.808710097,,6.319097102,8.237540372,,8.204180417,9.758924033,,7.549564772,9.515745008,9.488119094,9.637354617,9.47462218,10.16904122,10.84222411,9.379051687,,10.24199735,10.55884003,12.70373609,14.27681159,14.74668866,24.73247568,23.42116541,22.94183948,22.80569892,26.06340902
1/1/1995,,,,,,,,,,,,,,4.640533794,,,,,,4.230437287,,,,,5.042361111,,6.015659854,5.888152842,6.689296188,,7.400091832,6.24406682,,8.739669739,9.434290835,,,21.58260553,,,,12.18570372,,15.22425115,,,,,,,,,,,,,,,,,,,,,3.863037634,4.372715054,4.34409824,4.242455223,3.492572378,,6.417014287,,,7.929549366,8.723878648,,7.610483871,9.707374942,10.26860983,10.66548437,10.54945015,11.07356884,11.87705104,10.00491468,,11.0077701,11.47598566,13.75335714,14.30160355,14.56896383,24.5208325,23.44375292,22.7931696,21.05362903,25.98919915
2/1/1995,,,,,,,,,,,,,,2.830415249,,,,,,1.475231256,,,,,1.630409323,,3.067861764,3.358792702,3.998915816,,4.615405329,3.845713597,,6.149928494,7.217854308,,,22.44255952,,,,12.66723214,,14.93116497,,,,,,,,,,,,,,,,,,,,,3.164162785,4.334970238,3.894217687,4.25601461,3.069807428,,6.142001005,,,8.181731215,8.581729283,,9.135135433,10.61955203,11.06065051,11.27916667,11.41179847,11.8845,12.60532731,11.36494048,,12.97854592,12.62103624,14.17965561,15.08010204,15.43882576,24.48110119,23.68844117,23.20191327,18.92366534,25.59001913
3/1/1995,,,,,,,,,,,,,,5.780431853,,,,,,7.280299539,,,,,7.037730415,9.058689808,7.342933948,8.856739631,8.302553763,,8.083824217,10.35477778,,10.78167766,13.40571557,,,25.87612479,,,,17.54470964,,17.70520353,,,,,,,,,,,,,,,,,,,,,2.032760636,4.251478495,3.650912931,4.089919355,2.950345622,,6.056556696,,,8.530940541,8.540645161,,9.692927345,10.89010264,11.29681085,11.440187,11.74030983,11.90176651,12.81709327,12.1609262,,13.48028034,13.0922043,14.41550936,15.64614975,16.58145586,25.26814516,24.21491935,24.43847926,19.13164803,25.74147465
4/1/1995,,,,,,,,,,,,,,9.47262987,,,,,,12.79940115,,,,,12.32391595,14.13585376,11.84652739,13.58546053,13.16657107,,12.85160714,15.0523346,,15.69036797,19.10164865,,,28.88880079,,,,21.04763693,,21.02215248,,,,,,21.0032458,,,21.27939394,20.91045441,,,,,,,,,,,4.083181269,5.656684783,4.182064119,5.443897908,4.885104618,,6.865520626,,,9.260526386,9.161842336,,11.60325758,11.92767881,11.94843254,11.59766053,12.13884884,11.690193,9.976132756,14.51517191,,14.93247302,12.6289806,11.70031566,14.17945346,15.96736111,25.67527273,24.25562198,24.33699856,20.56037214,26.75534091
5/1/1995,,,,,,,,,,,,,,14.58387481,,,,,,18.38384175,,,,,17.88723118,19.60501711,18.93612453,19.41624424,18.06637341,,17.63763441,19.99354839,,20.46864614,23.73214809,,,31.77350736,,,,25.88660355,,25.73010753,,,,,,25.7002122,,,25.93212366,24.46330645,,,,,,,,,,,5.45814633,7.484946237,6.846424731,8.41422978,6.957607418,,9.604032258,,,10.21737855,10.4476957,,14.47043011,11.77822581,12.00877496,9.809449509,11.68669355,10.9875,10.26317204,16.42435452,,15.9140745,12.61438172,11.81115591,14.47916667,16.41817204,26.11323898,24.73467742,24.88903321,21.97116325,27.06001636
6/1/1995,,,,,,,,,,,16.94697087,,,20.1455754,,18.62407828,,,,23.77232478,,,,,23.55051587,25.68253788,24.14373016,24.51583333,23.50146825,,22.82884921,25.41498016,,25.12403612,,,,31.61304825,,,,27.14821537,,27.21736111,,,,,,28.32347222,,,28.50833333,26.86832126,,,,,,,,,,,7.353460145,8.462941919,9.058560006,10.40666447,8.966120281,,12.40399332,,,11.01804027,11.9921845,,15.56275794,12.16833333,12.07793651,9.760992063,11.85507576,11.21595238,9.697222222,19.03221069,,17.61049344,12.69378968,12.84833333,17.08520202,18.60954875,26.65013889,25.60657828,26.46694444,24.52222222,28.65690476
7/1/1995,,,,,,,,,,,21.54206488,,,24.11717742,,21.44990399,,,,28.18819985,,,,,27.4841381,28.39828209,27.38151029,26.54133075,27.4609767,,26.97193548,29.10957434,,28.5219001,,,,33.39260753,,,,29.64961423,,28.77362138,,,,,,30.10456989,,,30.20165535,26.99960621,,,,,,,,,9.297222222,,9.127638653,9.512889337,10.83939137,11.6618508,9.560124101,,13.71706989,11.39136551,,11.5217727,13.01572698,,18.5962766,13.23485151,13.05409498,10.45061828,13.80000808,12.68586976,10.54517544,20.98613908,,19.80349462,15.08899062,14.7489217,15.95006367,18.48024194,27.44687118,26.27082626,27.09800408,26.83760611,29.60866582
8/1/1995,,,,,,,,,,,22.55182495,,,25.33533666,,22.67649197,,,,28.16117512,,,,,27.8515745,29.12056452,28.00587028,26.43611321,25.43212449,,25.77943548,27.02513441,,26.58608551,28.986479,,,33.09371733,,,29.84274368,29.60719963,,29.50524194,,,,,,30.7844086,,,30.73817087,28.70502646,,,,,,,,,9.911097475,,9.935215054,10.82727645,12.49512463,12.41943665,9.521652004,,13.11491935,11.2141129,,11.47979727,13.28945769,,17.31657317,12.37002688,12.48844086,9.364247312,13.20872624,11.89231329,10.4452957,21.65186586,,20.14954937,15.13682796,15.498349,16.79663128,19.79657869,27.671875,26.52177419,27.1061828,27.29195992,29.9483679
9/1/1995,,,,,19.88583333,,,,,18.77720033,20.52415667,,,22.20810185,,22.46237329,,,,23.9852799,,,,,23.39011387,24.81152778,24.44857143,21.6775,23.7106746,,24.25208333,23.65361111,,24.02141655,25.08748016,,,32.49597222,,,29.65638889,28.17827381,,28.81611111,,,,,,28.95450397,,,29.63607488,28.00305556,,,,,,,,,10.94096445,,10.27640152,10.27487926,12.22311467,12.36801757,9.00219697,,12.43680556,11.11445652,,11.195,13.27008125,,17.56245635,13.67302536,13.38724497,11.97070566,14.79300512,12.95952679,11.36378019,20.10546498,17.71147606,19.4214899,15.34013688,15.08055556,17.23555556,18.7854529,27.84694444,27.11084706,27.97319444,27.14103175,29.51569444
10/1/1995,,,,,16.9849813,17.26843204,,,,16.47446847,17.84902074,,,18.19692613,,19.04030466,,,,19.56103338,,,,,18.73307499,19.86874389,20.54849639,17.04992926,20.3827957,,20.93339678,20.05564516,21.04773551,21.55166135,20.7859639,,,30.62137097,,,26.21370968,23.63064516,,25.02903226,,,,,,23.25633641,,,23.92319691,23.45591398,,,,,,,,,9.496089013,,9.243016597,10.33245357,10.63394428,10.95795534,7.50890937,,10.46061828,10.21593772,,10.64385227,12.58948645,,14.21996526,13.74682732,12.99340176,10.74485582,11.93184945,11.70188172,11.3891129,18.09579933,16.3547043,17.82943548,14.65577957,15.64018817,18.27611367,18.87163978,26.91102151,26.15510753,26.40271155,26.36505376,28.69354839
11/1/1995,9.597380377,,,,10.71958333,10.28093192,,,,,11.50455827,,,10.67153344,,11.16574315,,,,10.33615968,,,,,8.958758627,9.915048733,12.03386905,7.67217536,11.89222222,,13.24176587,10.32501082,15.2848775,12.85690248,12.46890873,,,25.52680556,,,19.77098846,16.42975282,,19.57837302,,,,,,17.14058081,,,18.23693746,18.33236111,,,,,,,,,7.060066974,,6.62868185,6.564040404,7.874390332,8.443243146,5.329563492,,8.003158369,9.376968508,,9.671892057,11.40276154,,10.78084235,11.66684524,11.47166667,11.18099206,11.99445997,12.03288147,11.71103175,15.48095006,14.49791667,15.36318271,13.6262598,15.70232708,16.87951411,17.84610562,26.9868272,26.21029942,26.03971195,22.72438861,27.50318362
12/1/1995,6.259490416,,,,3.765188172,4.254277543,,,,,6.236642345,,,4.641827845,,4.337170088,,,,3.444252179,,,,,3.065336451,3.929458605,5.207730189,1.811954791,5.716935484,,6.979973118,3.947999581,8.821831797,7.044619225,8.558385152,,,22.95188172,,,16.69896139,12.58792655,,16.0625305,,,,,,13.77560878,,,14.77175499,15.67585597,,,,,,,,,5.275608792,,4.715745008,4.844086022,5.487604734,5.289334131,3.193462854,,6.844185675,8.900923101,,8.946102151,10.15623353,,8.810431276,11.13892089,11.87315668,12.25885875,12.53493007,12.83377496,12.48437195,12.63602447,12.93719453,13.21726357,12.66284562,14.18026523,16.10002444,16.3511608,26.34879032,25.79247312,25.79731183,20.97396441,27.50255376
1/1/1996,3.293785481,,,,0.469014973,1.741661103,,,,,2.577054531,,,1.032634503,,2.688248848,,,,0.969942533,,,,,0.740599478,1.744578271,1.373616677,0.180293817,2.634302123,,3.162634409,3.235536162,3.975614439,5.509834913,6.30518756,,,21.70957807,,,13.99550342,10.51244889,,13.18287417,,,,,,11.19669638,,,11.94610215,13.37438621,,,,,,,,,3.776454057,,3.530130801,4.239096965,5.08936353,4.391732369,2.165860215,,5.806223703,8.42449204,,8.484822467,9.582235372,,8.214474539,10.81286566,11.08630952,11.59754072,11.62714956,11.73994167,11.47674993,10.35866563,11.81962366,11.75207373,12.05064103,13.39495706,14.83813364,14.88037634,25.83933664,25.35804441,24.75269341,19.21028726,25.64521182
2/1/1996,2.050733692,,,,0.028211152,1.659191433,,,,,1.614648033,,,1.739178266,,2.304545455,,,,1.724015995,,,,,1.182617069,3.189142361,1.418890257,2.475326457,2.261066464,,2.644911554,3.969765117,3.959277504,5.925553827,7.026748426,,,22.02255747,,,14.98218391,12.44327852,,13.77383183,,,,,,12.35155862,,,12.46722645,12.55805246,,,,,,,,,2.704773506,,2.657327586,3.149843828,3.858103821,3.868752799,1.693638976,,5.773477385,7.686857426,,7.984202542,8.471084912,,7.456111457,10.49948151,11.23485757,11.67817398,11.80486453,12.0066092,12.45148051,11.67042086,12.48216626,13.14204732,12.70416667,13.79027094,14.27635421,14.87992254,25.1816092,23.61192529,22.7748603,18.37948366,25.99712644
3/1/1996,2.274123422,,,,1.927918587,3.683323592,,,,,3.360224027,,,3.948665848,,3.768467742,,,,5.432512221,,,,,4.979639324,7.794466206,4.929723502,6.140706605,5.545276498,,5.772695853,7.229320276,5.66829528,8.373490958,11.68612115,,,,21.72733259,,16.25288018,14.42580003,,15.53135561,,,,,,14.81416319,,,14.8848919,14.79747247,,,,,,,,,3.22800374,,3.459869432,3.746639785,3.803561866,4.395340385,2.197395236,,5.706837383,8.089532143,,8.374595636,8.409670763,,9.60826002,11.2109639,11.29060536,10.35497228,11.10168971,11.03844086,11.46968126,13.07521117,13.27952982,14.29450344,12.92973921,14.25566436,14.09402675,15.68333333,25.21211097,24.13306452,23.44495008,19.41900703,26.32512465
4/1/1996,3.947916667,,,,5.956110013,8.604114279,,,,,7.695138889,,,8.548375604,,7.243876812,,,,11.26924666,,,,,11.70455685,14.26011183,10.62708333,12.30049956,10.97723485,,10.69305556,13.9032891,8.673194444,15.04058295,16.68352381,,,,25.1131746,,21.57406746,19.46602062,,19.10666667,,,,,,20.03054496,,,19.75148629,19.08625,,,,,,,,,3.380335931,,4.404661836,4.680138889,4.545112931,5.762252964,3.931940837,,6.687357124,8.445194805,,9.139690476,9.014543337,,11.32906511,12.19239146,12.30622232,11.75740184,12.06205808,12.28684942,10.53550427,15.66413561,14.14024037,15.73297619,12.74638889,12.93234848,15.09805556,17.43722222,25.78876812,24.91091184,25.65767857,21.18985317,27.50847222
5/1/1996,5.480835045,,,,11.87768817,13.62341814,,,,,,,,13.50300303,,12.13126833,,,,17.60138406,,,,,17.6401503,20.34963134,17.6017527,18.63217317,16.67408036,,16.85920525,19.04594866,15.20421439,20.17568913,23.13235642,,,,28.23521505,,27.41580141,25.7554803,,25.35412992,,,,,,26.25490225,,,26.04411534,24.46511311,,,,,,,,,4.894533661,,6.102929795,8.279435484,7.709285823,8.733475711,6.727655384,9.025369794,8.811935543,,,9.893383728,9.951199811,,13.42793343,12.43624858,12.49812232,9.183117067,11.23316768,11.06074966,9.546679198,17.86100845,15.50003298,17.54730159,13.16386746,13.37142857,17.31321449,19.58295197,27.06877706,25.92418647,26.49247037,22.86626553,28.89462366
6/1/1996,7.378344705,,,,17.205157,19.52261803,,,,,17.03070175,,,19.73030797,,18.32625604,,,,23.86089286,,,,,24.25005051,25.2967814,23.68483641,24.55972222,22.49443182,,22.14666667,25.79347222,18.78288961,24.70460739,26.49210749,,,,30.04347222,,29.27458333,27.71349072,,27.55486382,,,,,,29.05388889,,,29.14253968,26.9225956,,,,,,,,,6.687083333,,7.64797619,10.78777053,10.94009991,11.11745244,8.810882725,10.63529379,10.86517496,,,10.51903382,11.30130748,,15.69789724,11.85409127,11.99219318,8.148035714,11.14930556,10.61559524,8.941200919,19.91205248,15.6534127,18.10220756,12.61236111,13.43869048,17.20420635,20.87913043,27.60432598,26.88677144,27.73162973,26.1712963,29.64041667
7/1/1996,9.214884292,,,,20.44072581,22.49918072,,,,19.57916667,19.88225806,,,21.69364052,,18.04372955,,,,25.95665225,,,,,25.4314586,27.085826,25.75132155,26.0431016,24.30960767,,24.26003002,26.17842131,20.17446254,25.82728495,27.36706989,,,,30.90566209,,30.06302329,29.20304252,,29.41693548,,,,,,30.96942558,,,30.88394777,27.87484255,,,,,,,,,8.626747044,,9.43622604,11.17685895,12.57748288,12.54483227,9.350494984,12.26786455,12.6818899,,,11.04202359,12.29228126,,16.74039438,11.44558814,11.50750768,9.460884289,14.13368502,11.87161499,10.34788786,20.9311828,17.27486559,19.61576421,14.63810108,15.40259473,15.44141561,17.30672043,27.98022357,26.84437553,27.31702477,27.27742141,29.38878042
8/1/1996,10.79422627,,,,21.08225806,23.27861552,,,,20.37782258,21.35533961,,,23.32313103,,22.90103861,,,,26.50584525,,,,,26.1304741,26.07432796,26.72829912,26.61787634,25.41507296,,25.17618357,26.76612903,24.28884659,25.75782258,26.64422043,,,,29.90551075,,30.26531939,28.93703439,,29.90917568,,,,,,30.02352151,,,30.0155914,27.08158602,,,,,,,,,9.985055145,,10.2938172,11.02780346,13.01039272,12.88873874,9.494642857,13.1327687,13.39087243,,,11.26443932,12.95801192,13.01002303,16.58007331,11.24592193,11.37793604,10.08172043,13.84810075,11.75841782,10.37257366,21.03534096,17.60570917,19.97062412,15.20615836,15.49317766,17.93929619,20.47629255,28.37928187,27.46668587,28.39139785,26.88669355,30.38400538
9/1/1996,11.84392099,,,,19.53109127,20.36412871,,,,18.7925,19.9,,,22.53280007,,22.59297101,,,,24.43287463,,,,,23.42208333,22.74900213,25.79070983,24.28416667,23.88930556,,24.39076818,24.16083333,23.64047619,22.0488725,24.2477732,,,,30.23672619,,29.53459179,27.45722222,,28.56077467,,,,,,28.25792569,,,28.90164502,27.14299956,,,,,,,,,9.83863307,,10.05488636,11.75264822,12.67270642,12.25531785,8.517979798,12.41723785,12.13305556,,,10.88902778,12.76869862,12.73966074,15.86027778,12.53972763,12.42089286,10.4314899,13.41888889,12.34097222,11.42577899,19.64194884,17.30770924,19.23397516,15.29723697,,18.8223901,21.22180681,28.25208935,27.25789113,28.21736915,26.94878788,29.88527778
10/1/1996,10.88477365,,,,15.02025904,15.40845681,,,,15.03118077,15.88434181,,,16.29753776,,16.81814516,,,,17.5271031,,,,,16.45984674,17.02207223,22.38848011,17.40167719,17.8109447,,18.16522989,17.47908986,18.91418203,16.28623272,19.02793137,,,,26.33868291,,24.95047904,21.56628416,,24.20670123,,,,,,22.50655065,,,23.25909734,23.35714286,,,,,,,,,8.257383194,,7.434082181,8.363575269,9.37916403,10.04882454,6.81020921,10.03782642,9.48407869,,,10.17276457,12.01687963,12.06160203,12.57569234,11.49391144,11.53735337,11.34777165,12.41185239,11.95181159,11.4063172,17.3272757,15.95553966,17.8532619,14.66895161,15.18870923,16.97309908,18.08141071,27.81291385,27.02367006,27.72581353,24.22979403,28.93833475
11/1/1996,8.618774264,,,,9.563194444,10.40133233,,,,10.04150637,11.01627157,,,10.54318337,,10.80450758,,,,10.74282619,,,,,8.931382275,10.38120981,,10.32550889,11.96514971,,12.77208333,10.3379529,13.75679625,10.28902778,14.36658911,,,,23.775812,,20.43481023,17.79452459,,20.37157954,,,,,,19.39958333,,,20.29583333,21.53679348,,,,,,,,,6.766998557,,6.459722222,6.017288647,7.028115079,7.695997475,4.647814872,7.830326897,7.19,,,9.132757152,10.79852743,10.98941826,9.651388889,11.18236111,11.17223124,11.05854637,11.24299603,11.15737319,11.22986111,13.81586012,13.24138889,13.7692029,12.67611111,13.84625,16.13631313,16.5396558,27.18604419,25.72930556,25.59055556,21.50036199,26.69028968
12/1/1996,6.343653576,,,,6.190380184,5.850205436,,,,7.187400655,6.056321853,,,6.339473461,,7.413172043,,,,6.295164876,,,,,5.17852958,6.608174609,,6.906451613,7.557840502,,8.074193548,7.688172043,9.257123656,7.513572191,9.556341458,,,,21.85368234,,16.33471582,13.97400373,,16.62462105,14.73978495,,,,,14.58446235,,,15.18770598,17.74650538,,,,,,,,,4.501004687,,3.879896313,5.136827957,5.794327593,5.84671659,3.260323279,5.986695526,5.949441143,,,8.057219662,9.326462026,,7.559408602,10.14341291,10.43044675,10.84199758,10.70213134,11.21816436,11.54915431,11.1510645,11.98769201,12.14922649,11.95497312,13.38170996,14.50755408,14.73924731,25.48002655,24.13857527,23.26478495,19.93738504,25.62603687
1/1/1997,3.844895129,,,,2.586194316,3.245850584,,,,4.157217158,4.197564476,,,2.981304125,,4.036265885,,,,2.660366448,,,,,2.051335358,4.276885212,,4.261552158,5.576704545,,6.390359238,5.501635444,7.585435228,5.53019268,8.299050528,,,,21.71050641,,16.35778534,12.83522277,,15.05973502,13.13722158,,,,,11.38369048,,,11.58835165,13.4254622,,,,,,,,,3.149516827,,2.943972835,4.2889174,4.243821271,4.173513394,1.528274447,4.954467823,5.751923614,,,7.605569099,8.219974515,,7.533193688,9.93557883,10.40825653,10.88658133,10.76858133,11.29479743,11.95739247,9.424654484,10.66890797,11.02115836,11.20963029,13.96239247,14.28876204,14.77290843,25.23724983,24.05391415,23.12325563,17.86433009,25.94567972
2/1/1997,2.444117528,,,,2.413798701,3.952299952,,,,3.669494048,4.185558082,,,3.660606481,,3.944345238,,,,3.793391876,,,,,3.848107993,5.916843121,,5.261727608,5.785841837,,5.715582483,7.16477466,6.701262038,6.967911255,9.708512352,,,,23.25019007,,18.53304244,14.16919643,,16.14649324,14.06309524,,,,,13.22402435,,,13.17578001,14.37842262,,,,,,,,,2.592201421,,4.017665816,3.714268657,3.585917208,4.304710632,2.544641216,4.803592298,5.133522727,,,7.647645348,7.929278421,,7.860779994,10.02928834,10.65875667,10.75986842,11.0970291,11.07676446,11.0128379,11.16003658,11.8801121,12.51239098,11.82171972,13.21012222,14.56370763,14.91369048,25.32261271,24.1696605,24.38706298,18.32912491,25.67206322
3/1/1997,2.264320899,,,,3.666175783,5.066822367,,,,4.638220919,5.129013057,,,5.463554793,,6.595100196,,,,7.738772373,,,,,7.655514927,10.88452017,,9.306369799,9.359907834,,9.436314761,10.69816609,9.325771449,10.55066036,16.19959254,,,,25.26048387,,23.26513371,19.80707234,,19.97586861,19.90638202,,,,,18.09398926,,,18.48357771,18.50845765,,26.4015553,26.19126344,,,,,,2.208182031,,3.35547235,3.94368864,3.912690515,3.978675977,2.52623237,4.745825653,5.022067449,,,7.994293744,7.990772557,,8.805088326,10.14908779,10.37918002,9.693682796,10.30910207,9.499949678,9.430136834,13.47236825,12.29850397,13.57641911,11.07789855,,14.61769848,15.37244624,25.44086022,24.56002486,24.59166082,18.80274342,25.54196189
4/1/1997,3.381786499,,,,6.762128757,8.649775535,,,,6.587353609,8.055171356,,,9.036245326,,8.75375,,,,11.36216874,,,,,11.62509199,15.42421153,,11.87569444,11.68089631,,11.85609127,12.81343254,11.13113581,11.7690873,17.9716971,,,,25.72978347,,22.0088141,20.23443424,,20.3444246,20.00482347,,,,,,,,19.62337664,20.93375637,,27.20188701,27.25729997,,,,,,2.746410534,,4.309583333,5.165854743,4.398103316,5.323059241,4.337531146,6.172337662,6.253518231,,8.742748918,8.723407522,8.523202208,,11.00518728,11.08285738,11.22261968,9.948789683,10.38516522,,9.703194444,15.93759031,13.77447608,15.63088596,12.08366905,,15.97134259,17.45270531,26.16160923,25.08565476,25.80170635,19.53264148,26.79975618
5/1/1997,5.048357878,,,,11.351294,13.16218261,,,,10.72580645,11.69176267,,,12.83781912,,12.26013324,,,,16.67581397,,,,,16.62146781,20.60186252,,17.36756455,16.26480081,,15.9858871,17.76397849,14.19023257,17.00361089,20.71765233,,,,28.38167368,,26.78940972,23.56298515,,23.8082661,26.26338315,,,,,,,,24.88317388,26.71130892,,27.95264977,28.29552611,,,,,,4.842601683,,5.896454375,8.480913978,6.892349183,8.476255062,6.26746477,8.319331501,9.01579912,9.449683127,9.913477517,9.812711214,9.883651937,,14.97851662,13.0672043,13.28959119,11.55604232,13.26978425,,10.40967742,19.27658581,16.32741935,18.85215054,13.84508065,,18.61232719,20.81413787,26.79971264,25.39193548,25.59272972,20.73888833,27.33917301
6/1/1997,7.329858194,,,,16.32939991,18.50965831,,,,15.95815476,16.02455688,,,18.84885977,,16.57973124,,,21.86840278,22.10665043,18.59478175,,,,22.72351608,25.76582612,21.46951691,22.03572969,18.40015215,,20.26075,22.72377345,18.25843731,20.02575192,24.60589105,,,30.9558631,29.46743961,,28.87567797,26.62089646,,26.81873413,27.34834416,,,,,,,,28.38325397,27.95180195,,28.73728716,29.04977549,,,,,,7.904444444,,7.854604978,10.3347601,10.433,11.26468928,8.384695872,11.25568968,12.17901515,10.21298768,11.19893116,10.82587105,11.0355863,,17.37535714,14.0942298,14.18269787,10.33963972,11.77768769,,10.0776746,20.7304816,17.43125,20.36057712,14.83686869,,19.94113409,21.43461188,27.13412814,26.15742079,26.90242063,24.53930804,29.02769006
7/1/1997,9.960601583,,,,21.69475806,23.25687436,,,,20.15113204,20.72125576,,,22.96229205,,18.89663978,,,26.2686828,27.16091784,21.73249129,22.42089443,,,26.91238479,29.11629957,26.37087174,27.05509073,,,24.59860043,27.33642473,20.77259985,23.76118384,29.01767181,,,31.83934506,30.61693548,,30.84603149,29.12862903,,28.9077431,29.72637205,,,,,,,,30.82903226,28.3437212,,29.09502688,29.09047619,,,,,,11.14612287,,9.657502444,11.36773609,12.92264216,12.86645545,9.620482948,14.06029497,14.000558,11.13141321,11.07530282,11.30465543,12.41983032,12.48006188,17.90520877,12.57930108,12.42491895,9.385522425,13.67848043,,11.09481916,21.10916281,17.74192326,20.36649386,15.31605223,,18.75720949,21.3230285,27.16263441,26.26306685,26.95147849,26.63185484,29.45672043
8/1/1997,11.47271505,,,,21.54986559,23.15998927,,,,20.30120968,21.5608871,,,23.3240267,,22.48064865,,,25.38928043,26.24244674,23.51253537,23.61056068,,,25.52780338,27.47793011,26.48798103,26.66478821,25.27889194,,25.35443548,26.66215438,23.559447,23.28976575,27.8938172,,,32.11654448,31.1296467,,30.64504548,28.85275794,,29.14464286,29.69502954,,,,,,,,30.71491935,28.40965404,,29.25889017,29.35336022,,,,,,12.36088125,,11.30104734,12.37610449,14.71681982,14.76067173,10.38575269,14.9453207,13.19953917,11.61664614,11.44884793,11.85555035,13.12830595,12.99616165,18.98878815,13.39962933,13.24182704,12.02314176,15.97174731,,13.51473882,21.11499616,19.11745392,20.83235407,17.53690775,,18.48511137,20.55371457,28.03283236,27.13346774,27.96169355,27.45689324,29.53444526
9/1/1997,12.03376222,,,,20.16347222,21.31411164,,,,18.99555556,20.26444444,,,21.52113599,,21.36943441,,,22.74732641,23.26730874,21.9467414,21.67024299,,,22.50331062,24.85112869,24.0909362,23.23395188,23.41569003,,23.81171895,23.56891352,24.0539288,21.54249243,26.79533272,,,29.64300923,28.90529629,,29.30986256,28.56119245,,29.04415122,29.08256027,,,,,,,,29.30523862,29.62136871,,29.69752017,29.38057083,,,,,,11.46035069,,10.66637636,12.41287934,13.52842576,13.78289141,9.267080462,14.25949233,12.47671491,11.14816116,11.6053535,11.56569195,12.96655307,12.87512312,18.3643452,16.93687779,15.55451646,13.9415871,16.54084172,14.2041247,13.25298454,21.40718087,19.55268826,21.14551916,17.64022719,,20.02662583,21.66280797,27.97082507,27.29467839,27.00796188,27.49896384,28.99999332
10/1/1997,10.96975806,,,,15.73182979,16.21287446,,,,15.49179582,16.42859238,,,16.47348543,,16.99137865,,,17.94982719,18.0504241,17.07218935,17.03824923,,19.13340652,16.94228111,19.33843388,19.05888182,17.48351449,18.69080261,,19.58037634,18.03830645,20.58782839,17.75712366,22.46971097,,,27.08943682,26.56908602,,25.28970419,23.74294981,,25.32271505,23.65559331,,,,,,,,23.82407834,25.49167644,,29.66063748,29.23665515,,,,,,9.589165498,,8.504742704,9.153347996,10.75680422,11.12054372,7.079424524,11.15612669,10.24335114,10.83925604,11.00535038,11.21295823,12.4875384,12.4726558,13.96245325,14.18591398,13.08751419,12.01845238,12.77949392,12.36422427,12.71845944,18.05875227,16.96127771,17.93713518,15.9374616,,19.52948574,20.93204301,27.55201613,26.98790323,25.27393695,25.46969295,28.64862503
11/1/1997,9.016547619,,,,9.983245498,10.14556343,,,,10.2825,11.46843254,,,10.71660985,,10.89555556,,,10.43636069,10.56376553,10.12420094,10.86361111,,11.21958333,9.497770563,10.04224967,11.82426553,10.68714976,11.98948413,,13.01986111,11.40277778,15.06691919,11.6399531,15.59779928,,,24.86122541,24.43240741,,19.9442803,16.4428928,,19.63501725,16.53620576,,17.32228261,,,,,,16.83222222,19.62936077,,28.8490786,28.50404135,,,,,,7.252704545,,7.555405464,7.725277778,7.821169485,8.829305556,5.8816278,9.384786138,8.663694084,9.825016234,9.938452381,10.22083333,11.77464976,11.87518092,11.50972222,12.48635101,12.40388889,12.40438492,12.49102571,13.50430556,15.04794012,15.47916698,15.55138889,15.66300474,15.42268202,,19.3510119,19.75652778,26.47251725,25.38611111,24.91806818,23.02402778,27.77875
12/1/1997,5.743809767,,,,4.434498834,5.308254252,,,,6.105395545,7.180867896,,,5.776236698,,6.456317204,,,5.034549993,5.877785489,5.924769585,6.426344086,,6.910506536,5.479654782,6.205564516,7.285479499,6.704618035,7.730280338,,8.650806452,7.296621419,10.39313234,7.851026393,10.81445792,,,22.35652493,22.00532041,,17.10415619,12.97930126,,15.8780914,13.82467771,,14.40537634,,,13.19318996,,,13.6580914,16.51812429,,28.5465266,27.91968126,,,,,,4.689222874,,5.029440537,7.008736559,6.68129011,7.35814633,5.056771431,7.895088326,7.771727443,9.11556863,9.296063748,9.28455523,10.50362903,10.66926088,8.736524228,11.36841398,11.97244624,12.49527386,12.41115591,12.74096774,14.44166667,10.33869048,12.90749516,12.13170123,13.71799969,,16.9837591,17.60606007,25.08500384,23.96729391,23.00186252,21.66284562,26.44233871
1/1/1998,3.596639785,,,,3.366434506,3.886274182,,,,4.190591398,4.621458944,,,4.627363315,,5.56438172,,,4.344635959,5.376011966,5.482258065,5.766801075,,5.544623656,5.048615007,7.15071805,5.825794233,6.192314499,6.935816498,,7.330492386,7.615341782,8.634566971,7.227631303,10.08903839,,,22.62737632,21.51963881,,17.14673579,13.09160982,,15.21144917,13.26333089,,15.20707515,,,13.88338365,,,14.52879312,17.24932796,,27.79135305,27.16994048,,,,,,3.44731587,,3.792778151,5.689247312,5.41592131,5.593719453,4.080195185,7.188213329,6.633701496,8.495504484,8.921136379,8.721113307,9.17640002,9.426513888,8.369754573,11.21330645,11.74863671,11.9469086,11.92163574,12.65362903,13.84837295,9.521072931,12.07674526,11.63516897,12.76035644,,16.40469261,17.67405914,24.81169355,24.30155914,23.50370968,19.45699537,26.12607527
2/1/1998,2.306994048,,,,3.222740801,4.136227923,,,,3.685204082,4.294621599,,,4.611153051,,5.264051871,,,4.68494325,5.690316474,5.553925429,5.709740092,,5.71865295,5.330327819,7.158461809,5.994023588,6.422905575,6.651184006,,7.067113095,7.7186853,7.413988095,7.254489241,10.53989499,,,22.46609731,20.85384502,20.10657895,16.06215247,13.29065051,,15.35511038,13.79183333,,15.08511905,,,14.42319807,,,15.03086088,17.07971292,,27.41953581,27.02941323,,,,,,2.611046691,,5.255807323,5.311904762,5.396998299,5.723803558,4.064654503,6.641849246,7.039343692,8.60813142,9.154613095,8.80363292,8.868090986,9.02092551,9.694628405,11.47755102,11.69910714,12.09060847,11.72102466,12.25928288,13.76513799,10.23239796,11.50475599,11.88552573,12.35329507,,16.2329816,16.97604167,24.60028274,23.88244048,23.55559524,19.11768828,26.28815809
3/1/1998,2.829322894,,,,4.775909136,5.979249217,,,,4.891071429,5.494202899,,,5.932615602,,6.08030303,,,6.186341779,7.518822972,6.601050831,6.998463902,,7.543413978,7.044892473,10.06348799,7.480241935,8.221811913,8.371294163,,8.604973118,9.964784946,8.559690994,9.629761905,13.45410401,,,22.84320276,21.73809524,21.06075443,17.62702276,15.8198505,,16.77915959,16.51281916,,16.78502653,,,15.96687521,,,16.24628509,18.21791824,,27.21573218,26.98139226,,,,,,3.131331548,,5.210022343,5.218602151,5.234206116,5.802918587,4.192296133,6.550152104,7.294997662,9.155084986,9.91374808,,9.004534829,9.170458796,10.43932703,11.72299784,11.83480485,,12.13902388,12.16816436,12.16927803,13.22277319,13.69426008,14.22853477,13.5107214,,16.14245392,16.76888149,25.14494253,24.75534946,24.9452957,20.37453079,27.14211877
4/1/1998,4.825416667,,,,8.247469807,10.22975955,,,,8.176309524,8.987408009,,,9.875096618,,9.842702938,,,12.96090592,14.24703008,11.63402778,11.9177381,,14.51527778,14.49170721,18.72472222,13.54080808,14.69592172,13.18505676,,13.37069444,15.58532115,11.99215823,13.70615079,18.57484127,,,25.77509921,24.78319444,24.78992973,22.68684524,20.35688745,,20.15690476,21.16299603,,21.68416667,,,20.83836941,,,20.96641414,22.04819444,,27.78513889,27.85666667,,,,,,3.94649531,,5.672510488,5.788055556,5.402519841,6.605974121,5.673055556,7.219644174,8.173810386,9.516440492,9.874368878,9.774656433,9.676527778,9.823948334,11.99198175,11.92461094,11.69188492,,11.81194444,11.30997067,10.9857492,14.41496618,13.91873821,15.00771645,13.03097487,,14.55963023,16.30847222,,23.39920833,23.36483333,21.88376389,27.01042929
5/1/1998,,,,,13.00577957,15.34267038,,,,12.90345622,13.41684933,,,13.88786482,,13.48736726,,,17.30913978,18.85054431,15.33830645,15.5515169,,18.78966169,18.96730031,22.81466276,18.65921735,19.70908719,17.86568256,,17.88667435,19.49456605,16.63636527,17.6796275,22.24852151,,,29.50323749,27.50998714,28.15771121,25.70541402,,,,25.52806815,,27.28886329,,,26.05672043,,,25.00768049,25.82841531,,28.73955453,29.3104032,,,,,,5.221927803,,6.632465787,7.439784946,6.935078368,8.300348506,7.732052648,9.178971163,10.2016129,9.984811828,10.21750099,10.32549653,10.6313172,10.56106127,13.74541091,12.36501536,12.36930475,,12.38544547,12.17933773,11.596915,16.47037751,15.05591049,16.50121357,13.68231567,,16.61850998,18.01767571,24.30551192,23.55858929,23.61751344,22.93782141,27.63998045
6/1/1998,,,11.60736111,,17.14936737,18.91192561,,,,16.44647989,17.15555213,,,18.08858937,,16.8448593,,,21.98151515,23.79292229,19.55298851,18.9151013,,22.26602217,22.78765367,27.04547619,22.68782224,23.94095922,22.64843119,,22.40993295,24.55989327,20.68384506,22.28667488,28.25615692,,,32.59703684,30.24070965,31.32847291,29.32066667,,,,28.73860688,,29.87162562,,,29.55463278,,,28.59807061,28.71868227,,29.42390538,29.43209369,,,,,,7.268452381,,8.172773966,8.036666667,8.808315728,10.8013147,8.778489948,10.4915832,13.28288935,10.85077269,10.98059773,11.08403915,11.66985147,11.49156863,15.3752021,11.88674317,12.1323631,,12.39346452,11.87174734,11.53915802,18.62888889,16.56622139,18.13651199,14.6315353,,16.05738044,18.82802591,25.62886364,24.43138889,,25.59505556,28.83569787
7/1/1998,9.843394777,,13.87016129,22.05417889,20.96743472,22.19548748,,,,20.31570827,20.26303763,,,,,20.00668771,,,25.26726911,26.93539204,22.42720814,22.08693548,,25.66318834,26.21008065,29.79068065,26.60817972,27.47796283,25.07730705,,24.93413978,27.08830645,22.38725205,23.85861111,30.05075469,,,31.76926468,30.55698925,30.68897849,30.0122619,,,,29.17995829,,30.89992615,,,31.10237845,,,29.30981183,28.91814516,,29.48408378,29.42368794,,,,,,9.945479694,,9.668830474,10.764208,12.0713652,12.39319616,10.24946739,12.57421275,14.26527368,11.32297434,11.44722189,11.6870923,12.80358366,12.53586764,16.62572965,12.52580645,12.30953132,,13.48976501,11.48100865,10.65711649,21.36322314,17.11008065,19.15089198,14.18732719,,18.66400353,20.52110799,26.59954301,25.57454301,,26.47130183,28.69333014
8/1/1998,11.35184332,,14.74422043,23.15605868,22.20288018,23.97278816,,,,21.52311828,22.09291475,,,,,24.1889977,,,26.63754007,26.97884025,24.88794163,24.78335086,,26.74556452,26.04905914,29.42145861,27.34462366,27.37749616,,,25.6992709,26.79087775,24.63963482,23.98165934,28.41764593,,,32.33566055,30.90179933,30.96132873,31.04554531,,,29.84224828,30.23415026,,31.29074501,,,30.8128139,,,28.87842131,30.68048654,,30.10176651,29.9589913,,,,,,10.95631546,13.03564815,10.64132438,11.40707061,13.38053542,12.78499936,10.18668307,13.30650922,13.71533305,12.02283316,12.04877863,12.21552127,13.61224521,13.50644296,17.81562763,11.87044647,12.01554427,,15.05547273,12.41695279,11.17924848,21.94122504,18.18200549,19.95996961,15.6483871,,18.36084619,19.94301075,26.91562646,26.46686828,,26.39064516,29.06295165
9/1/1998,11.41887077,,14.67958333,20.55385446,20.57986111,22.04482854,,,,19.68008838,21.05366667,,,,,22.9022601,,,24.56298553,24.92984127,23.38377415,23.22916667,,25.02935606,23.72634921,27.08038012,25.58311508,24.97180556,24.1031746,,24.89050944,25.22330409,24.20105137,22.31061508,26.15611111,,,30.44755556,28.99491546,28.87843254,28.69946068,27.01655931,,28.08255952,28.01918651,,27.7752381,,,28.79229884,,,24.85784936,29.41327381,,29.6509843,29.69453822,,,,,,9.850055289,11.08972222,10.35,11.30094532,11.89467266,11.37829538,9.182519841,12.1160119,12.14440476,11.86800233,11.4763323,11.83710895,13.70569444,13.7361922,15.50988636,11.19577579,11.44986772,,13.86748016,12.71011905,12.1668901,20.86828918,17.85811688,19.52003844,15.63062343,,18.31040067,19.08314778,27.16613889,26.35,,26.97467874,28.77916045
10/1/1998,9.953312295,,10.95900538,14.54623233,15.76887055,16.24299997,,,,14.97215404,16.53747207,,,,14.0434492,17.28157904,,,19.07572294,18.45455069,17.52892089,17.57432796,,19.46905111,17.0569278,20.08636713,19.97058736,18.41058856,19.46366487,,20.48698541,18.74101502,21.27245337,18.03534111,23.15769446,,,28.75880752,27.63133034,27.33790323,26.57476295,23.89468391,,26.52581624,24.86796818,,25.34669571,,,,,,22.3390779,26.44539171,,29.42778418,29.35116014,,,,,,8.643145161,6.309139785,9.012485808,9.116129032,9.884507037,10.1720547,7.627284946,10.66528314,10.40366918,10.60859168,10.3749424,10.91952431,12.84707807,12.8647344,13.52374729,12.91344587,12.36914363,11.80604755,13.15819892,12.35135327,11.92360119,16.93886329,15.72741935,16.78728712,14.38010753,,17.60732405,19.10328642,26.86693548,25.70040323,,26.64314282,28.76695469
11/1/1998,8.111165459,,7.679558081,8.951507937,10.0975,10.28185273,,,,10.16638026,11.50743308,,11.28283267,10.66327679,8.999015152,11.32766955,,,,11.51259921,11.10833333,11.26876396,,13.41222222,10.63593254,12.9813587,13.4604073,12.18117086,13.30729798,,14.19045635,12.155,15.8194686,12.74756614,17.30756223,,,25.60515162,24.82741028,24.63527778,23.69024421,20.33246855,,22.42508598,20.98650794,,20.99265269,,,19.11948865,,,17.52988691,22.26833333,,28.64902778,28.51280423,,,,,,7.306274155,1.436502525,7.636966874,7.488988095,8.340053799,8.312460349,5.799221093,8.93840219,8.542088509,9.787012987,10.06482797,10.14315217,11.58402778,11.72659683,10.82046388,11.8152331,11.73210859,11.61017316,11.7311143,,11.90313123,13.85245346,13.33634921,13.76898033,12.71847826,12.77125722,15.19576479,16.53527778,26.06395531,25.14638889,,24.80143056,27.8312798
12/1/1998,6.185659187,,5.799076671,6.153852829,7.140907345,7.326554305,,,,7.634496707,8.961410583,,8.605831102,8.308285172,6.433520185,8.785957838,,,8.862295769,8.794758065,8.760695084,8.838679256,,10.0608871,7.536827957,10.57038123,10.44731957,9.650931667,10.28901478,,11.48412225,9.378239955,13.19823349,10.81344086,15.21727253,,,24.16385873,23.58033154,22.45770804,21.05144009,17.33716485,,20.02325269,18.17724654,,18.22732084,,,15.19894393,,,12.70600998,18.40009601,,27.00837174,26.95077362,,,,,,5.180894777,-0.818486761,4.892377112,6.452956989,6.292857143,6.577708079,4.587866569,7.261117512,7.355763093,9.020194342,9.093698965,8.987921402,10.09506695,10.41469307,7.597209483,9.767712716,9.957035383,9.728219743,9.881753047,,10.63271889,9.35,10.86698669,10.67566227,11.15258668,11.55812212,,14.15913978,24.65357527,23.53398333,,22.30521505,27.13369816
1/1/1999,3.311054732,,2.0664446,2.329285502,2.975346633,2.489895822,,,,3.716478495,4.01893326,,2.856828399,3.139540213,1.437984827,4.033678955,,,2.58475891,2.628256088,3.801344086,4.600664142,,3.914267298,2.026747843,3.938105459,4.878134441,5.019134618,5.915611111,,6.600225406,6.611337416,9.09534226,7.45057801,9.846861851,,,21.81752686,21.55385847,19.72930108,16.7664252,12.83859992,,16.22895545,14.3831662,,15.36972997,,,14.00026882,,,9.825391362,15.78718018,,26.77117127,26.43642833,,,,,,3.801141723,-0.971245666,3.925216266,4.845833333,5.489523303,5.178021822,3.560719522,6.297983871,6.658717474,8.129905661,8.003525083,8.177827634,9.399371758,9.71575965,7.799511885,9.197900387,9.251977727,9.472841392,9.532642165,10.22381425,10.28055088,8.859461607,9.691873261,9.85280895,10.05182816,12.05968326,,14.15329009,24.70551075,23.90545752,,20.50166986,27.01593724
2/1/1999,2.590277778,,2.114699793,2.716957816,2.929613095,3.8476201,,,,4.055993779,4.065625,,3.426711604,4.105459486,3.25650954,4.61264881,,,3.94142316,4.501675607,4.703081055,5.036823593,,4.840875565,3.87808618,7.844298184,5.465042702,6.222606108,6.76550099,,7.510850743,7.339306973,8.406363519,6.963968685,11.9405754,,,22.80432313,22.34906351,21.53779762,19.31526562,15.70623647,,18.61685724,17.58292572,,17.64587585,,,16.75907738,,,11.82450887,19.61103196,,25.91292517,25.65964027,,,,,,1.913541667,-1.160956616,1.29189846,4.870535714,3.920054751,3.894845779,2.712689394,5.723975391,5.982079082,7.675388906,7.592046211,7.611844314,8.48935596,8.775697497,7.245982143,8.836417749,9.157440476,9.263519736,9.380861213,10.21917517,10.05202652,9.426876294,10.48819641,10.81948424,10.61906518,11.77825936,,13.73678054,23.92904633,22.90190476,,20.7705303,27.20473602
3/1/1999,,,2.372592333,3.964397544,3.363210445,5.37919921,,,,4.997458759,5.024551617,,4.393871864,4.887870902,4.150915004,5.062058372,,,5.358083717,5.360185916,4.935924766,5.005034213,,5.990824089,5.416553658,8.695687389,5.92589335,6.972970589,6.727940126,,7.051976285,8.021764088,7.405384936,7.743251519,12.34187963,,,23.56362202,22.50240349,21.8494455,19.15335501,16.84762113,,17.77714803,17.36159056,,18.8869091,,,18.20298203,,,12.5204183,20.72759441,,26.86599197,26.80166284,,,,,,1.704471397,-1.094144081,2.500291661,4.511923963,3.313081562,4.18546995,3.304751052,5.508718238,6.09237567,7.959987144,8.037868694,8.049683194,8.206121701,8.379330099,8.297811212,9.421598878,9.746357929,9.572386402,10.11898888,10.41627763,10.06333567,11.50813791,11.58960447,12.24686026,11.1605773,11.0024296,,14.28575269,24.31227151,23.55342742,,21.88052419,27.16613155
4/1/1999,4.481064527,,5.604861111,9.249583333,8.060525362,9.885740009,,,,8.147956349,8.581257999,,9.064432367,9.715618687,9.35797619,9.528968254,,,11.82618867,11.90697923,10.85724206,10.84579883,,11.78910354,12.01037879,17.72325373,12.17647727,13.80698177,12.24730945,,12.3498957,14.34873016,11.12922807,13.09334047,18.86240597,,,26.85283346,25.87923529,26.35972222,24.01189119,22.63507892,22.80967611,22.05376984,22.67723846,,24.15452899,,,22.62265959,,,15.03027778,23.563542,,27.76935912,27.57570652,,,,,,1.922890316,0.02106536,3.842449495,4.510847058,3.862759191,5.404949495,4.786734848,6.137158385,6.832401735,8.514249074,8.665817805,8.62919279,8.541944444,8.686073232,10.43027997,9.978129117,10.21766195,8.749336627,10.12814833,9.716857159,8.791781401,13.92042929,12.29121396,13.41061252,11.12156566,10.9029798,,14.56112923,24.60104167,23.82555556,,22.28258333,27.94712945
5/1/1999,6.413669605,,10.09477028,14.70681105,13.01492576,15.67774874,,,,13.01609703,13.04140954,,14.1821446,15.22612202,14.64161908,14.03281815,,,17.16915353,17.60455005,15.99159654,15.99684432,,17.75142059,17.69146266,,17.79186163,19.01476741,17.2780218,,17.09447172,18.57467416,15.47635615,16.80509834,20.59876315,,,29.50719788,28.34062282,27.76760753,26.69821019,24.96242201,24.75012909,24.35932466,25.48107283,,26.81524578,,,26.43287599,,,,26.78490885,,28.48101138,29.05638912,,,,,,2.910434692,6.270764497,5.437460763,8.04137288,6.605731453,7.553916048,6.665880084,7.586335404,8.154259941,9.245809427,9.265720782,9.329850397,9.494359768,9.497266944,12.61880635,11.02029904,11.44565217,8.600606546,9.553785754,9.667526882,8.397675422,16.30212716,13.64175766,15.25554103,11.48014418,11.22597274,,16.64836372,25.79219208,25.15954301,,23.34814516,28.40240182
6/1/1999,8.779281246,,14.14145469,19.99726661,18.9996961,21.72464701,,,,18.54328134,18.48610652,,18.73122257,20.93353437,20.83024981,18.0233644,,,23.15128424,23.85079727,20.69792989,20.62706349,,23.47747907,23.16630305,,23.09786635,23.54711232,21.92971793,,21.72287333,22.68579725,19.76781958,21.17069695,25.77806591,,,30.04812723,29.08284656,28.7968652,29.11620632,27.80405733,28.17073151,28.27889514,28.79463624,,29.62971638,,,29.4012122,,,,29.2884066,,28.89441412,29.39042056,,,,,,5.348901707,12.04366015,7.374697314,10.24133611,9.265740143,9.968169587,8.049456522,9.829912049,10.4892343,9.805219404,9.776679963,10.10891222,10.88491647,10.56599473,15.03189065,12.10073734,12.51585078,8.463074525,10.26056835,10.86563803,9.076266649,18.69316562,15.41452449,17.15274979,12.76671569,12.57541015,,17.16615505,25.80677717,25.16994444,,25.16041667,28.82841576
7/1/1999,10.64318996,13.42142473,15.22884409,23.57529729,22.09525831,24.3368138,,,,20.93083818,21.33996329,,21.55886107,24.10403883,24.61250492,,,,26.79359481,27.66012893,23.20752808,23.34316436,,26.20910766,27.14483874,,26.89955493,27.29741076,25.81487375,,25.0969969,26.30901494,23.08185664,24.36454417,28.32893322,,,30.90589979,29.69104045,30.15740783,30.97361614,29.03791703,30.23199744,29.67889421,29.91951361,,30.30395545,,,30.6718574,,,,30.41587276,,28.81747896,29.09062868,,,,,,8.703631006,14.1863864,9.562418186,11.35470749,11.74446337,11.8768983,9.832448787,12.18785637,12.60065669,10.44371406,10.462621,10.72219244,12.06853466,11.76776977,15.69319876,11.1517434,11.64298844,9.050668855,12.35945353,11.86349651,10.22223437,20.34431198,16.99077928,18.79901704,14.54870525,14.57231828,,19.24078358,26.55158358,25.7593414,,26.80266129,29.29173943
8/1/1999,11.97747195,14.27177419,16.1797043,23.32043185,22.76284171,24.44498438,,,,21.36721449,22.36213768,,23.3216791,24.898507,,,,,26.70748208,27.24272184,24.4156106,24.50860215,,26.56147892,26.16685367,,27.68617398,27.74887479,26.846227,,26.70430108,26.74449956,25.78276876,24.22316503,29.76322965,,,31.08037367,30.11801075,30.4651122,30.86645629,30.21962135,31.11292533,30.18857519,30.78756109,,31.20147849,,,31.69447005,,,,30.4977619,,29.67333333,29.93981577,,,,,,10.12548504,13.22843884,10.39922778,12.79362921,13.50439883,12.50356953,10.24375791,13.04382889,13.47033471,10.86311042,10.83795582,11.17786516,12.69954259,12.62872253,16.97582186,12.82781437,13.0674439,11.12311125,14.36544113,12.9886693,11.10744507,20.09797006,17.56532842,19.03728962,15.33924731,13.69574727,,18.10016788,26.76875,26.02966632,,27.56997312,29.17082908
9/1/1999,12.85638889,,16.26797619,21.035185,,22.75030029,,,,20.4114134,21.24341787,,22.03402778,21.69758246,21.52232919,21.99847222,,,21.56652778,22.94055628,21.85364766,22.91732456,,23.14877415,21.78452295,,23.37725516,22.5002646,22.41791667,,22.83158926,23.25059524,23.40723418,20.60903813,23.15152174,,,30.04421498,29.32001208,29.01351449,28.43180556,27.40048913,28.60625933,28.33197464,27.70665404,,27.66037759,,,28.21460317,,,,28.06819444,,30.23027778,30.04395913,,,,,,10.19086125,11.42661232,10.43942029,12.65308371,12.49703986,11.14497694,8.836388889,11.91914141,11.77194444,11.39337474,10.54506313,10.95352053,12.44184783,12.58509662,14.51027778,10.85771912,11.113593,,13.17652778,12.13286232,11.77612319,19.18659875,17.12085864,18.41783213,15.45617816,14.5353744,,16.85169851,26.83145833,25.90722222,,27.53944444,29.05140646
10/1/1999,11.71078935,11.83073565,12.05085533,14.70493765,15.46206061,16.77662693,14.38641026,15.07965201,,16.29944444,17.01406828,15.64331502,17.13949526,16.50997766,15.62824334,17.50531874,,,16.5139174,17.39682294,17.25483256,,,18.51212228,16.07795221,,18.64898317,17.75750351,18.51508915,,19.15711903,,20.11505376,17.03370734,18.86600684,,,27.21083025,26.59850564,26.25075478,25.35793117,23.52683159,25.0742428,25.14572681,23.85836255,,23.89279954,,,23.73438022,,,,24.35564516,,29.34569892,29.10543266,,,,,,9.092375367,6.305856375,8.556114795,10.11864773,10.17368726,9.532543275,7.434955192,9.876116176,9.77570994,9.964815228,9.3084918,10.07779761,11.7875195,11.93999469,11.88675411,10.15540822,10.36671661,,11.31583312,11.41189816,12.10789454,18.34875792,16.74897733,17.79525426,15.59807737,14.27102831,,16.69867792,26.1770921,25.7811828,,25.64705034,28.41651951
11/1/1999,9.936166667,9.357839429,8.442406205,9.982889924,11.11308678,12.61607488,11.38255217,11.67389273,,12.19811869,13.09299779,12.15600838,11.91799334,11.55775362,10.54737031,12.51968678,,,11.25579012,12.17433136,12.1180754,,,13.13217274,11.21335595,,13.69866162,12.91914855,13.59294302,,14.31785024,14.54872632,16.08539552,13.53721904,15.130201,,,23.77951056,23.28716663,22.51113055,20.71558685,18.25188703,20.72631368,21.112046,19.54225728,,20.16566131,,,20.1903373,,,,21.47485672,,28.25763889,28.08756643,,,,,,6.539184783,-0.171311531,6.189941653,7.50125,7.46542545,7.549753435,5.775025645,7.987439614,7.665181487,9.122466121,9.113908366,9.360394002,10.76644096,10.79531161,10.26420549,11.08521204,11.38795157,,12.01947205,12.58233092,12.34599539,15.24253524,14.38408729,14.77817343,14.01006313,13.68071981,,16.24265199,25.69825785,24.73305556,,23.90920833,27.35660518
12/1/1999,8.1916058,6.896482625,5.554712801,5.345414924,6.589707914,7.907920014,6.819911674,7.492178699,,8.058808279,8.615322581,7.518548387,7.252363041,7.469424965,6.143232819,7.862186102,,,6.330387197,7.218910706,7.060727511,,,8.389168685,,,8.715024544,7.31976444,8.716353615,,9.650344787,9.772276765,11.83297113,9.796061244,10.99989853,,,22.12731735,22.21280413,19.95943457,17.86692985,13.84298487,16.65499649,17.19596774,15.32295465,,15.55094564,,,15.14864924,,,,17.08703249,,26.24250128,26.58090616,,,,,,3.897406999,-0.838159824,4.270956054,5.446540439,5.649152641,5.703549875,4.590919822,6.599471397,6.482986952,8.666301692,8.75281408,8.64180745,9.726971503,9.882428523,8.764185686,10.15933848,10.47261358,,,,10.80194122,10.79751849,11.6137628,11.31536584,11.8426224,11.56404862,,14.30213301,24.73854839,23.81263441,,22.305,26.91061244
1/1/2000,5.02000768,,2.099371438,0.966789109,2.04271856,3.332256395,2.028103161,2.579905497,,4.076088019,4.584730014,3.005897346,2.654941926,3.400082418,2.35441927,3.659251653,,,2.665628055,2.753920761,2.712911307,,,4.037102618,1.864752327,,4.539321157,3.814540142,4.759139785,,5.919664563,6.216409537,7.990813161,7.194956224,8.68633756,,,21.4552839,21.3035908,19.03360855,16.44093034,12.52267916,15.65538538,16.12044767,14.71910793,,15.93887915,,,14.53575269,,,,17.3800374,,25.56666667,25.50770584,,,,,,1.941544477,-0.979933881,2.649871435,4.136021505,4.289723927,4.752324791,3.640778022,5.938018509,5.933148287,7.930267967,7.572927526,7.850639105,8.949499554,9.110466547,7.030649943,9.00620564,9.584169004,,10.19325885,,10.82322991,10.1224539,10.75057217,10.65022172,11.02442951,12.20313124,,14.42566461,24.12331697,22.89194425,,21.9885044,25.8305166
2/1/2000,2.664942529,,1.289642679,1.385649174,0.421657029,2.558405646,1.945421396,2.323136289,,2.658689405,2.775615033,1.747628458,1.374910272,2.427635614,1.826491056,2.475205579,,,1.827586207,1.888573152,2.449348352,,,2.966431557,1.632586803,,2.913950006,4.538486672,4.223208282,,4.225081209,6.925093703,5.596020172,7.847988506,,,,22.02529531,21.28293353,19.39303503,16.22222014,13.37078847,15.62144723,15.61586707,14.84467766,,17.07069931,,,15.54109569,,,,16.6127936,,26.06621697,25.61720049,,,,,,2.111272205,-1.029493208,3.579897551,3.341943801,3.42498921,4.501136932,3.589411544,5.551145677,5.999467312,7.688305847,7.678234178,7.779416542,8.245210349,8.334674768,7.847557471,9.770046227,10.67183908,,11.36448651,,11.99297767,11.28838706,11.82053081,12.40996377,12.31531337,13.13688781,,14.88685657,24.22440569,23.84996082,,22.0954023,27.02433783
3/1/2000,3.034570385,,3.596674317,6.145397701,4.649240299,6.003804348,5.672698807,6.331513158,5.439516129,4.527630796,5.440608398,4.798077373,5.398252688,6.227822581,6.292291959,6.580119215,,,6.853763441,8.260905399,7.673985826,,,8.172621552,7.820758957,,8.47594086,10.24617812,9.705335968,,9.489475222,11.29591515,8.618939925,12.17810362,,,,25.26730209,24.64312626,23.8627765,22.06812179,19.11737696,20.67797505,20.12803296,19.77932931,,21.20217488,,,20.89852151,,,,20.73654161,,26.11517064,25.45402004,,,,,,2.215615836,-0.852536232,4.090496834,4.279054571,3.893526681,4.657530373,3.922262952,5.650848193,5.986212227,8.045180416,8.187862319,8.115001169,8.120383584,8.32219829,9.071708849,10.29612021,10.73508065,,10.80688242,,9.967661867,12.6325561,12.38358568,13.27614247,12.21681861,11.6955762,,15.06314867,24.46633065,23.85228495,,21.77205645,27.40716881
4/1/2000,4.428810595,5.511231061,6.195036232,9.295744401,8.300688406,9.346998792,8.972357029,9.574662698,8.583112303,7.46821805,8.249879227,8.022431222,8.044886364,9.322578502,9.23125,9.029821036,,,11.35922321,12.59246871,10.47771563,11.09417819,,12.26248573,11.5417556,,12.40986707,13.68898331,12.35029589,,12.30572793,13.4725507,11.26236111,14.69296443,17.43873196,,23.67920894,25.69300285,25.62710145,25.00803227,22.7397612,20.61765508,22.46702295,21.50657609,21.79388669,,22.69333388,,,22.56400325,,,22.51083744,23.06647343,,26.88151021,27.04740283,,,,,,2.6810639,1.215106627,4.670405687,4.886104523,4.751857362,5.691888528,5.060245389,6.269570707,6.745492424,8.770161946,8.779149649,8.782801932,8.799747475,9.028603269,11.65734629,11.35531142,11.51360319,,11.71914592,,10.36728096,15.77457016,13.64751937,15.11622222,12.66061978,11.81460848,,15.82764759,24.50840278,23.54888889,,22.81341667,27.81024042
5/1/2000,6.397898746,7.94098582,9.193888393,13.56660322,12.42820721,13.1538467,13.47221268,13.74618437,13.25139615,11.59862226,12.21585862,13.43598136,13.65476357,14.93669097,14.80046241,12.61412094,,,17.34553014,18.97929941,15.21538072,15.55073481,,18.60255505,18.51005955,,18.89051072,20.13123964,18.14122678,,16.78417015,18.51854254,15.30486679,19.87033407,22.92818718,,26.52835596,28.29111065,27.79050852,27.8118401,27.57739924,25.84322698,27.11865358,25.43415891,26.66171586,,27.19366921,,,26.74509573,,,26.57547229,26.81190286,,27.7328533,28.20209673,,,,,,4.765413122,7.261477857,6.409864423,7.262665753,6.428595183,8.319802539,7.272253237,8.518277445,8.289530701,9.651377555,10.06245856,9.717382273,9.844213751,9.995302393,13.76130785,12.74363489,13.20290121,,13.14016267,,9.765970186,17.7026903,14.5319941,16.58790323,12.74162691,11.74326098,,17.4819735,25.61276882,24.83192204,,24.66486559,28.60191451
6/1/2000,8.539167481,10.57805556,12.49944444,18.48260705,17.44141414,18.22096014,18.57189394,19.1790295,18.16938061,16.39377964,17.02037165,18.16475626,18.04947127,19.51569444,19.78888889,17.560944,,,20.93650253,22.7739094,20.23419082,19.75458718,,22.95218379,22.51559892,,22.74294466,23.77967172,22.51035628,,22.11225644,22.15041667,18.08541667,,26.60347222,27.23541667,28.37054348,29.99106884,29.43527778,29.55136473,29.58666667,28.2357702,29.64469807,28.05708333,29.05236111,,29.32042007,,,29.47828644,,,29.22513889,27.93125,,28.3083756,28.11379743,,,,,,7.099515575,12.44411498,7.882346578,9.152887681,9.890890269,11.46262956,8.663608546,10.65698671,11.62435935,10.77141689,10.339803,10.47423309,11.1684843,11.24828335,15.07564441,11.62588823,11.74569444,,12.63363574,,10.42121267,19.87955918,15.98024692,18.20030891,13.81102778,13.73129886,,19.49720596,26.41020833,26.08555556,,25.32452778,28.95259662
7/1/2000,10.66854839,13.13028284,15.19471131,22.06743912,21.33621116,22.02067555,22.05259217,23.21531854,21.59995606,19.42890954,20.32341632,21.93790323,20.25619092,22.28339177,22.58219565,20.36932418,,,24.96639785,26.30229877,21.93651133,21.76841398,,25.0506895,24.38049322,,25.80352384,25.8633718,24.32079136,,23.75000903,24.26172861,21.53512163,23.98152632,27.57667134,29.12407614,27.23321532,31.79902939,31.16717266,30.30526471,29.67727977,29.65430267,31.63899805,29.6033549,30.44445525,,30.44013823,,,31.26136713,,,30.66292501,27.05532959,,29.20104021,28.7663065,,,,,,9.21883318,13.86936493,9.588068447,10.53066444,11.98357665,12.8129137,9.347327766,12.38534468,13.97890957,10.90020634,10.78811244,11.09134313,12.33007831,12.51637262,16.39665679,11.37716792,12.13701124,,13.67580486,,10.15585858,19.94470069,16.8143611,,15.18395172,13.92458243,,20.36038119,26.48024194,25.75158602,,26.87354956,29.15211646
8/1/2000,12.17826226,14.19677172,,22.33664957,21.37716807,21.76848835,21.83553604,22.66933215,21.84581413,20.19784362,21.12037645,22.57756849,22.18687137,22.93955704,,22.80776648,,,24.22778167,26.26813932,23.76086,23.66945897,,25.08048153,24.49171395,,25.99761571,26.06557971,25.27541173,,24.8498621,25.61655138,22.44539823,25.26457457,26.92137097,28.81604722,29.29543011,30.63413628,,30.07390873,30.09787902,29.59643525,32.15527199,30.08305283,30.54669132,,30.39501621,,,31.19678163,,,30.96803413,28.789072,,29.41161758,29.20822613,,,,,,10.18314944,13.40932094,9.878535531,11.20854849,12.52510613,12.68080879,9.522678397,13.14296719,12.92412152,11.36770528,10.86397106,11.30475105,12.86074684,12.93531243,16.92407166,11.35100196,11.64475806,,14.76248429,,10.75204535,20.74981884,16.94519635,,14.94876695,14.42633824,,20.18381253,27.66223118,26.17997312,,27.54442204,29.11274058
9/1/2000,12.61514493,13.79630564,,20.21097387,20.26240909,21.53992244,20.78144841,21.84577106,20.62160918,19.12320433,20.68189394,21.81598948,21.5769246,21.65114734,,21.26628788,,,22.79730072,23.89475242,21.8303475,21.77576386,,23.63208333,21.65482323,,23.70853535,22.64690217,23.18141414,,23.23323013,23.21324769,23.44757722,23.62585804,24.10059345,26.01125,29.63551548,30.82081577,,29.72444444,28.96290491,26.97952295,30.42829381,28.67611111,28.16394928,,28.17475296,,,28.34327263,,,29.54913647,27.94509589,,29.56136364,29.67947228,,,,,,10.26064527,11.26527778,9.327777778,11.31060441,11.57152064,11.48219697,8.741268116,11.86799689,12.06734903,10.85186594,10.32469752,10.87751812,12.76771135,12.79460749,15.93168314,11.78440821,11.73844444,,13.66020147,,12.58331349,19.92058081,17.06375541,19.70661765,15.71834541,15.19356335,,19.66531511,27.31180556,26.50555556,,27.32930556,29.32503964
10/1/2000,11.62560002,11.77174544,,14.95053263,15.49764493,16.23214916,15.13586228,16.44471549,15.21597269,15.26697002,16.55770645,16.52424531,16.56599622,16.10495903,,16.74050374,,,17.04250651,18.20747801,16.54267765,,,18.64555867,16.06764843,,18.657036,17.88280572,18.23451432,,18.53970313,18.84292309,19.4102549,,19.17589165,21.15332515,25.25562763,26.54779775,,24.91578255,24.09635344,21.96552107,25.3845021,24.36051309,22.88296676,,23.40939833,,,22.90528785,,,24.31210793,24.09617228,,29.72932445,29.48827033,,,,,,8.713967976,5.884274194,8.41470632,9.482912576,9.482138228,9.646931522,7.16955907,10.24232034,9.922898763,10.33061594,9.658227081,10.26465585,12.15736527,12.23223022,13.22425411,11.23431776,11.28193081,,12.63220759,,11.36965955,17.36834727,16.23016085,17.17573925,15.30503907,14.48651823,,18.40541323,26.94764785,25.96099053,,25.61795699,28.75451092
11/1/2000,9.797638889,9.65078125,,8.809178744,9.782097136,10.73431159,9.66125,10.52111111,9.566486772,10.47778382,11.80955314,10.29511111,10.26721099,11.69570495,,10.42635266,,,11.09882246,11.50119008,9.857083333,10.39563838,,12.66147508,9.348333333,,12.48864734,10.93052536,11.64940217,,12.78026515,12.92138285,14.111407,,14.74080424,17.35648551,22.78138999,23.94044027,,22.21660024,20.77697464,18.18330183,22.18693401,21.09116028,19.29991437,,18.68198033,,,17.95264449,,,19.84317633,19.75581522,,28.7798913,28.25949884,,,,,,7.326092995,1.292940821,7.216098955,7.191998792,7.290109245,7.979259442,5.877535134,8.370718599,8.039247914,9.323375604,8.876498134,9.326793478,10.98148002,11.07639346,8.790851449,10.3628512,10.86852163,,10.96804952,,10.80351888,12.96952514,13.05846618,13.13336957,12.59891908,12.65938022,,16.18585749,26.11090278,24.96996981,,24.0345101,27.63405193
12/1/2000,6.708591861,,,4.074137766,4.045447639,5.195137915,3.898291091,5.140583884,3.921245323,5.366667729,6.569343151,4.593174836,4.090789618,3.937408378,,4.271583471,,,3.693731672,4.282663761,3.296676123,4.000082345,,4.811459263,2.285655468,,5.509368226,4.007761901,5.353934294,,6.334191848,8.295506792,8.385092864,,7.971547665,10.39026414,19.97726157,21.61244262,,18.87332175,15.30025129,11.78941322,15.99745792,15.85450561,13.17298387,,13.38684739,,,11.32958383,,,13.68721365,14.22398901,,27.66235337,26.87853362,,,,,,5.902701985,-0.770224191,6.247043011,6.482334035,6.032789855,6.719945068,4.865816652,7.412330528,6.767237239,8.391918787,7.993730609,8.360600748,9.665573015,9.779514338,7.558292426,9.595073633,10.57620968,,11.2949626,,11.61759584,10.70606007,11.37140019,11.49820009,11.3062933,12.50364603,,14.89834035,25.32943548,24.89435484,,22.3608871,26.93427419
1/1/2001,3.646631791,,,1.314843385,0.785407901,,1.855494825,2.839245718,1.698012033,3.055326406,3.46497195,1.951920958,1.432967675,2.509233287,,1.400023184,,,0.774832122,1.253175777,1.057143844,1.641112138,,2.083528685,0.256993725,,1.823416316,2.281085788,2.662313832,,3.176671342,2.874339645,5.106739631,,5.994699626,7.794515962,16.46535552,18.25725723,,15.35602236,12.04012055,9.056815267,14.40591982,14.88021138,11.06827957,,11.79908903,,,9.317219252,,,10.95433029,11.46199158,,27.16876461,26.63812962,,,,,,4.770979961,-0.88443304,5.633029984,5.300321412,5.520034851,5.98302839,4.401718093,6.450806452,6.493429487,,7.778877343,7.978815504,8.821949054,8.947762943,7.85054401,9.557620383,10.35382772,,11.05332181,,11.25414974,9.290585554,10.52078074,10.24891555,10.71932211,12.21084619,,14.62290206,24.8985741,24.34965605,,20.51579301,26.70250701
2/1/2001,2.825499953,,,2.669112319,1.407608696,2.362899398,2.351339286,3.557993197,2.492163001,3.06551501,3.137026198,1.915820192,1.98753235,3.342986542,,3.569724026,,,3.534571452,3.916786286,3.426636905,3.970036902,,3.612508235,2.83759705,,4.266763716,5.242172501,5.036768653,,5.226036457,4.712118271,5.890262681,,10.24209251,11.5421131,,24.36402288,,22.33478673,17.84956651,14.59127847,18.00338203,16.39776786,15.58264105,,16.40453898,,,14.85967262,,,15.71089015,14.96547619,,26.41126812,25.98502743,,,,,,4.123084298,-0.941724896,4.659943182,5.72808618,5.327249788,5.239734075,4.304672619,6.136238354,6.405446429,,7.661147774,7.649923537,8.233812112,8.394237013,7.490124459,9.105803571,9.801629174,,10.70953739,,10.37737978,9.586535973,10.69336735,10.64347003,10.68483437,11.60990436,,13.76889881,24.37849702,23.88809524,,21.34188988,26.5194275
3/1/2001,1.861609458,,,4.599909534,2.795235135,3.912598587,3.796505376,4.799366359,3.616500102,3.599622275,3.812707722,3.519873272,3.417288109,4.544327289,,4.527925953,,,5.342453917,6.364520303,5.549336305,5.731878706,,5.645972979,4.990198858,,6.569965787,7.651721811,7.156307338,,7.183976309,6.001388181,7.276016087,,11.92509775,14.18202602,,25.35183816,24.77168866,22.56423244,19.0830104,15.73170681,19.39278592,17.47159888,16.89981512,,17.94771141,,,16.73576605,,16.60464882,18.62532194,17.2426394,,26.98129967,26.87017084,,,,,,3.819063785,-0.8019076,4.662058372,4.978765111,5.003250244,4.99490754,4.230787433,5.892360299,6.396741498,,8.00452132,8.034623838,8.252988865,8.381873964,9.262627502,9.86769901,10.3241655,,11.31866443,10.300166,10.60423031,13.42204589,13.06463055,13.84424859,12.16297866,12.24120181,,14.97612489,24.71209677,24.06519168,,21.24979839,26.70574595
4/1/2001,3.192802915,,,9.23901076,7.008051713,8.733623345,8.103560449,8.816705643,7.93139075,6.711702263,7.462386364,7.832214694,7.625565437,8.611320346,,8.279523496,,,9.682083333,11.84307861,10.25448326,10.21626446,,11.62083773,10.91121981,13.89612005,11.7978951,12.83320244,12.10614852,,11.76622475,11.13516853,10.73974802,15.16569272,17.3226861,18.3857971,,26.62572683,26.34608037,24.92769023,23.01315162,20.04147994,23.38901131,20.71774758,21.24026544,,23.08524813,,,22.90410354,,22.2405291,24.08326801,22.59417161,,27.41243742,27.61479837,,,,,,4.088830463,1.525718672,5.234209486,5.362509725,5.411013439,5.543606484,5.615540655,6.598286091,6.947809508,,8.700331577,8.631155578,8.738011638,8.795266093,10.91435332,10.75985672,11.03331412,,11.42082988,10.23507346,9.111658432,15.26366162,13.40437998,14.94328008,11.73231335,10.81376263,13.24954574,15.57296992,25.06284722,23.90998611,,21.572375,26.55712725
5/1/2001,5.097884738,,,14.93222353,13.10632889,14.21115007,14.1311828,14.40751984,13.72640809,11.85500659,12.20510753,13.8813002,13.40094359,14.84856826,,13.81250903,,,18.54122253,19.36936792,16.21190977,15.96668739,,17.97121318,17.57533894,20.97951411,18.37721163,19.50021149,18.11414797,,17.43280385,18.12690111,15.94678683,20.21597125,22.04446003,23.468131,25.24867929,27.46743806,26.60175581,26.33851046,25.77571295,24.81704599,26.75777232,24.2083684,25.58677005,,25.76431607,,,26.64290556,,25.50915247,27.41584268,25.36897499,,28.02493321,28.00970527,,,,,,5.219623656,6.627495325,6.392514025,7.939481066,6.9653773,7.249933593,7.182878044,7.747102512,7.925538014,,9.566186636,9.617660122,9.911762612,10.02568511,12.83715362,11.02719569,11.27526882,,12.26529336,11.00577984,9.721423562,19.01639572,15.80585501,18.10710612,13.19289972,13.35954301,16.15693506,17.46593619,25.56209677,25.05369624,,24.04744624,28.4489686
6/1/2001,7.375002588,12.0201269,,20.65947268,18.57963274,20.03631423,20.19703157,,19.49313812,17.24989217,16.93485672,18.03606664,18.16455283,20.01753788,,19.59360617,,,22.32926932,24.76931763,21.75526829,21.33123188,,23.37217172,22.97343768,24.6197601,23.76588329,24.84571157,23.49751368,,,22.25255521,20.45794176,25.36252525,25.61496212,27.17105245,27.75277778,31.80409157,30.87831313,29.72016414,30.0629208,,30.19988095,27.92008009,28.7252904,,28.05858649,,,28.73344697,,28.17443668,30.23099747,28.66242424,,28.70762626,28.9430794,,,,,,7.963150966,13.07020531,8.251666667,8.963056418,9.636184124,10.09191464,8.655127308,10.33367714,10.85521465,,9.982756917,10.35500165,11.16940539,11.22272947,15.03699934,11.54690989,11.77763889,,12.17683081,11.42880706,9.338057202,20.87315123,17.12599542,19.96844807,14.10927075,14.73453502,16.84683849,19.2912762,26.19256944,25.57159722,,25.80166667,29.45911451
7/1/2001,9.523448723,12.15182328,,23.0469086,21.38752338,22.24051808,22.07139275,23.08639711,,19.35313402,19.97715585,21.57945727,20.49382889,22.37878735,,19.92231183,,,25.82379032,27.79831697,22.12822581,21.85913978,,25.72730248,25.03226945,27.1059262,26.32832729,26.32095044,24.61667016,,23.56135445,24.14831044,21.85093502,25.45829668,27.2177175,28.63802595,28.23346774,31.11177536,30.27647849,29.23581113,29.4152049,,31.1172043,,29.83790323,,29.54683529,,,30.78923562,,29.73690476,32.31198468,28.5340755,,28.95819892,29.3001064,,,,,,9.953529687,14.21142473,9.445137915,10.19039013,11.39074174,11.73934081,9.245591787,11.88091398,12.84875526,,10.86061828,11.15757098,12.35490299,12.3021324,15.53817204,10.83701496,11.34550608,,14.9736676,11.99735822,10.66115591,20.44892473,17.56125409,19.4993338,15.32441561,13.96388499,15.6361336,18.00683731,27.06942204,26.31149194,,27.05047043,29.19435856
8/1/2001,11.27009746,13.764514,,24.03333333,22.1780914,24.325,23.9630919,24.77321429,23.14625576,20.87646564,21.58817204,24.70194441,23.1794688,24.67720898,,21.57204301,,,26.6489752,28.70320579,23.28136374,22.92461431,,27.05781907,26.13189001,27.80164956,25.40737654,27.35972046,25.52253063,,24.78582601,24.93274098,22.39641984,27.4993914,27.90026882,29.17562529,28.09180108,31.94603521,30.95851077,29.95620723,30.22304125,,31.01413468,29.33601876,29.47714372,,29.30636374,,,30.62768817,,29.79053678,32.59527126,29.24645863,,29.33467742,29.45013048,,,,,,11.46450657,14.04721833,10.62187756,11.28277381,13.5173998,13.09318182,9.795782864,12.81653736,13.33544668,10.9237532,10.85010572,11.34793128,13.07562795,13.06441944,16.51328998,12.48769455,12.15168887,,15.20217976,12.87881201,10.71912693,20.40680278,17.73413022,19.87666178,15.41966031,13.85423679,17.57601028,21.72931861,27.69795757,26.44173387,,27.14663978,28.65251551
9/1/2001,11.80525417,13.50887956,,21.43733476,20.87246432,22.44176768,21.48273124,22.64869841,21.08944361,19.57782046,21.15008454,22.4996558,22.11455149,22.16612847,,21.43010462,,,24.1402657,25.46862319,21.88636866,21.45946366,,24.57850406,22.18758017,24.68094642,21.46344807,23.86925226,23.30928666,,23.21055171,22.77229695,22.90776076,24.58451416,24.71702459,26.6456121,27.95676493,30.59039032,29.90038647,28.23297705,28.37871981,,30.24455479,28.8675916,28.03560528,,27.69891046,,,27.59906401,,27.57754804,30.26793368,27.71255984,,30.04038373,30.01137948,,,,,,11.4119686,11.61909091,10.71552975,10.95837664,12.38740009,11.74156032,8.828149978,12.20616985,11.84110672,11.02444444,10.6401087,11.03911804,13.19475395,13.14855347,15.27091952,,11.36421498,,13.36069295,12.02461666,11.48505952,19.21951032,16.71050231,18.70075483,15.11508838,14.85010266,17.76969038,19.96800858,28.02993056,26.71429167,,27.52819444,28.44378482
10/1/2001,11.28348952,,11.33965638,15.71538846,16.00780473,17.17460867,15.91986325,16.97294377,16.00065796,15.601776,17.00739247,16.74191105,16.91922994,16.64687354,,16.61756662,,,17.53380669,17.05537244,16.02392473,16.46778603,,18.39554114,15.0291417,17.84139785,15.0936229,17.11481713,17.32252668,,18.16990295,18.58063406,18.93527934,19.6826087,20.25830411,21.62782061,25.14485157,27.69056834,27.56100397,25.20405723,23.73820711,21.56638007,25.20276414,23.85281089,22.80405032,,22.10614872,,,22.35692496,,22.77025479,25.46687545,24.40032991,,29.4652057,29.07365516,,,,,,,6.192817906,8.561646798,9.648130726,9.947188045,10.21915918,7.595488015,10.30724668,9.892508181,10.02997312,9.543723336,10.25305633,12.33943166,12.32986838,12.45583801,,10.451946,,12.23087785,11.58766363,11.23125133,17.85871318,16.05351086,17.45846774,14.95664232,14.60232479,16.83181644,18.0756237,27.54953249,26.06330645,,26.46646505,28.27427263
11/1/2001,9.342865769,8.782112476,8.080943423,10.97396739,11.28118357,11.85762179,10.95666667,12.00822207,11.03706233,11.78866436,12.79539855,11.32111205,12.03646245,12.19916667,,12.60668811,10.79068573,,12.55627345,12.26508216,12.37303744,12.54407005,,13.42598485,10.75194609,13.00385101,10.74858249,12.88377328,13.61533816,,14.24197505,14.60097289,15.57780797,16.05661232,16.07652778,17.95405468,22.24006643,24.46870059,24.0102926,22.35707729,20.93883454,19.1603744,22.43490942,21.02146739,20.52720575,,20.39490147,,,20.70179779,,20.50913522,23.19049144,21.91108092,,28.78517457,28.63485648,,,,,,6.829830918,-0.301061469,6.651630435,7.021513614,7.011091045,8.055705424,5.984251757,8.049272069,7.650525362,9.233609464,9.125138889,9.464486715,11.26185881,11.25412651,10.09544357,,10.9530303,,11.1359058,11.55103175,11.93625918,15.70563131,14.76088768,15.33570048,14.10791667,14.72314614,15.71641414,15.86207126,26.78022947,25.27319444,,24.55881944,27.62283213
12/1/2001,7.429115666,7.488596491,,8.305826321,8.573421097,9.228903693,8.241628264,10.71924652,8.846912675,9.117026162,10.3980949,9.083777466,9.036524077,,,,7.883271176,,10.16373904,9.599406052,9.551807054,10.29228505,,10.74350571,7.855607442,10.25894428,8.437450116,10.3584161,11.59880702,,12.47702157,12.22889375,13.74364029,13.88005706,15.26638882,17.59006135,22.72355869,24.01616197,24.18091132,22.04484572,20.94367111,17.07589411,21.22443846,19.66702314,18.72650771,,17.3129131,,,16.80111989,,17.43955314,16.84137379,17.47613424,,27.46235975,27.51248831,,,,,,4.800876578,-0.910429151,3.788094479,5.58542862,6.00368159,5.091869076,4.051788219,5.974522398,6.345484296,8.442949127,8.458695652,8.371803413,9.979828616,9.944339584,7.832456755,,10.11169355,,10.34815334,10.47957574,11.10343201,10.73575111,11.68636629,11.3510503,11.76654979,11.68547325,13.97177313,14.34579243,25.61848118,24.00698925,22.83259409,22.2702861,26.76584853
1/1/2002,4.95499065,2.824747475,,3.825929173,3.687248714,4.391805325,3.457101191,,,,6.075268817,4.120427603,4.163645016,,,,3.54305166,,3.418531328,3.378429203,3.982684666,4.772154044,,5.52976274,2.646444813,3.493886268,2.435317303,5.008851842,5.746271865,,6.217469096,6.561995342,9.238492392,9.417484806,8.310113583,11.59669906,18.36741071,22.24981884,21.9100663,19.35255376,15.63010753,12.09369262,16.17083333,15.16295582,13.67450062,,13.64605682,,,,,13.04940387,13.14148,15.22663628,,27.11136364,26.76959413,,,,,,3.746556681,-0.96280388,4.348696821,4.546605557,4.810660549,5.031134345,3.647529197,5.700829827,6.136827957,8.009946237,8.085419589,8.083035297,9.25340431,9.245332356,7.95507087,,9.758467742,,10.27795699,10.35476858,10.7375,9.857818459,11.10080645,10.98010753,11.19919355,11.88266847,14.0514327,14.40739247,25.55188703,24.07716754,22.81062997,20.11407784,26.04016055
2/1/2002,2.914880952,1.728880559,,4.522470238,3.496130952,4.822449164,4.069333559,,,,5.344559857,4.507658532,4.457190913,5.584397192,4.661025825,,,,4.83710792,5.160498258,5.759283902,6.553749956,,5.578103865,4.060256634,6.384035855,3.44864499,7.237478701,7.335862385,,7.81645034,,8.831510754,10.5150974,10.60342262,13.65514936,,23.23817523,23.37592593,20.29173909,17.84127523,13.43622466,17.26777649,15.6556635,15.28789467,,14.90460647,,,,,13.76375477,13.49828093,14.3389881,,26.62612628,26.26315348,,,,,,2.7622917,-1.058332235,3.51753489,4.06893861,3.928778317,4.144623112,3.237350297,5.109686767,5.73796549,7.70310789,7.668452381,7.792770394,8.60603355,8.675373248,7.673063123,,9.545906651,,9.974920095,10.28139881,10.71548525,10.46723814,11.21748205,11.48220982,10.99581483,11.77890528,13.80586912,14.48930643,25.26365166,23.44888568,22.56413559,20.92924527,26.33608825
3/1/2002,3.201612903,3.040188172,,6.616818607,5.085813783,6.803380175,6.039624961,,,,6.27652737,5.979318683,5.685819399,6.996719018,5.644832606,,8.143033816,,7.477542911,7.316226959,6.995297732,8.215880934,,7.454491585,6.289147966,9.210622454,5.075287411,9.75594253,9.500549322,,9.472962621,10.56435728,9.952080411,13.26656891,13.85997386,16.1834619,,25.11898083,24.47552276,22.42056452,19.19364614,16.68944917,18.7418813,16.73373656,16.6351173,,17.76170103,,,,,16.18467212,16.07713885,16.23102501,,26.99731183,26.69617238,,,,,,3.045175103,-1.053016035,3.235349462,4.81155914,3.914283969,3.793328446,3.687475562,5.175397382,5.723655914,7.458822092,7.687096774,7.680931085,8.112096774,8.190055281,7.966935484,,9.440456989,,10.18575269,10.34233871,10.34959677,13.00462295,12.47321559,13.26771077,11.79083547,11.72011029,13.23421242,14.26196237,25.60987292,23.74018817,22.82717597,20.6978416,26.3995479
4/1/2002,4.422589482,5.192222222,,11.52013889,8.845682367,10.90522866,10.6115528,,,,8.836533816,10.0289483,9.64768061,10.89169459,10.53335223,,14.19894917,,13.21373802,13.35331242,,12.82917874,,13.39656746,12.79397688,16.31835317,10.52454365,15.85641822,14.81093356,,14.28540733,16.37660628,13.55227218,18.78271564,19.6481357,21.90467336,,27.46477053,27.0353326,26.30833333,25.32380482,22.47820213,24.35979032,21.66077899,22.51745444,,23.39034535,,,,,22.4795551,22.84368961,23.34703283,,27.10638889,27.2923895,,,,,,3.693420462,-0.240706108,4.020010979,5.080369236,4.254837819,4.700515152,4.429111911,5.938961353,6.215277778,8.083599034,8.488611111,8.421533816,8.538914063,8.527427144,10.61646135,,10.06388889,,10.66955314,10.61916667,10.22243687,15.85303369,13.97517018,15.62693182,12.66102273,11.71421898,14.02361001,15.21655538,,24.95987319,24.9015541,20.55443109,25.96678164
5/1/2002,5.959265072,7.15054359,,14.50748976,12.38199571,,13.52661151,,,11.48173273,11.66408897,13.27497521,13.43781306,13.99823577,12.88744563,15.32941675,15.60203123,,15.27594835,17.86180193,16.37958192,16.69463142,,17.70480518,16.85898482,19.39112657,14.78416101,19.79392115,18.84554673,,18.49391501,19.45836831,17.33534488,21.61652887,22.63441705,24.57708905,26.96009852,28.95875501,28.49133936,27.63234596,27.12017205,25.8697682,28.27726702,26.18522503,26.27238862,,25.94917011,,,,,25.48516162,25.90184512,25.66398378,,27.72651647,27.95360531,,,,,,5.613898163,5.700806759,5.536165712,8.077482902,6.908535228,7.395350031,6.291093398,7.310886222,8.061760767,8.916225281,8.950955887,9.180798999,9.320186897,9.545915092,12.74337541,,10.71577598,,10.3437658,10.15205072,9.251693228,17.34400821,14.86084465,16.87516978,12.70427401,11.48304176,14.19723647,16.88118544,,25.54292279,25.72796621,21.94996228,27.22559618
6/1/2002,8.136235527,10.08740354,,19.38960113,17.33975878,,18.79474034,,19.47126752,16.26138889,15.80097222,18.69181445,18.69846132,20.02027778,20.84965917,18.46277009,22.72723422,22.3988839,22.08943841,24.0072343,21.42097222,21.30436312,,24.48722222,23.13540569,26.46444444,20.94277778,25.75875,23.92907993,,23.09916667,24.55887096,20.916623,26.59182924,26.08474199,27.46628184,28.19824257,29.97215016,29.54239448,28.17982378,28.83305834,27.4983887,30.09765216,27.53890067,28.89581914,,28.4719533,,,,,28.65104007,28.99041667,28.64998337,,28.55386528,28.80140543,,,,,,8.123793948,11.80532664,7.503132097,9.82555336,9.912591772,10.10877388,8.257758509,9.635064316,10.71188252,9.995182764,10.05563616,10.33884282,11.06969744,11.07465436,15.66209171,,11.77078388,8.183067954,11.36900799,10.61705813,9.098044027,20.0110628,16.29623408,18.84532883,13.34986111,12.94004678,16.92478535,19.09121804,,26.05997365,26.55055706,25.05466221,28.18871353
7/1/2002,10.55525719,13.31763879,,23.81133839,21.84503055,,22.83078754,,21.91446977,,20.52804252,22.52783169,21.63789769,23.10842099,23.90703114,20.87071486,28.15111068,27.64873453,26.49704301,27.25735157,23.3827957,23.64626356,,26.24879032,25.57292862,28.61373263,23.67849462,27.76003278,26.2736522,,25.45794551,26.65598198,24.15680222,27.96879298,28.40492038,29.92477869,28.18877351,31.42568916,30.56806483,29.27120362,29.97004831,28.98871765,31.8388448,29.45529077,30.72020385,,30.41503969,,,,,29.29369855,30.12838359,28.69439787,,28.86229654,28.89773006,,,,,,11.18887339,14.50089198,9.335519538,10.74657647,12.13516177,12.0847917,9.13449358,12.17054573,12.69558146,10.91857152,10.66066144,10.85679188,12.43243551,12.51679387,16.91813021,,11.45160874,8.894136866,13.35994651,11.65363828,10.29442424,21.08460145,17.32152291,19.83034712,14.62335788,14.43584892,17.39463587,20.14980708,,26.06944159,26.12721304,27.44343933,28.77983896
8/1/2002,12.13140459,15.25483874,16.54298176,24.93280484,23.19789823,24.54057491,24.23458436,25.44982223,,21.08609013,22.87041373,24.65132293,23.88090824,25.50206273,25.09483227,23.60387809,29.01324692,28.24017217,27.15126544,27.7825071,24.62707191,24.63301352,,27.38249022,26.11053275,29.16998927,24.0392621,,26.71562153,,26.40421429,27.0253504,25.48761923,27.6162295,27.94638592,29.44905882,28.91292422,31.43811515,30.82748086,29.48430162,30.03251483,28.51869861,31.63263128,29.55904802,30.22042435,,29.46035951,,,29.7424519,,29.71929809,30.51186021,29.23101359,,29.47867439,,,,,,24.52633274,12.58313533,13.98252885,10.3307668,12.19487033,14.30564601,12.42958729,9.50894502,12.76462065,12.95283621,11.56260794,10.95470543,11.27986836,12.87857717,12.72034519,16.14748727,,10.78240407,9.148596278,14.20084629,12.43453997,11.61662765,20.1391129,18.01105211,19.71045061,15.81680108,13.90405641,16.84709189,20.08546233,,26.64237156,26.7839496,28.7180875,28.78735673
9/1/2002,12.79304683,14.09120566,16.04537038,21.63810802,20.6884174,21.96184341,21.24661865,22.08199003,,19.68776515,21.30400872,22.21805027,22.02841623,,21.83255857,22.57070206,24.20354634,24.06155483,23.71019269,24.07300207,22.88554189,22.78257269,,24.727902,22.38155193,25.04161946,21.15245428,,24.37913483,,24.62606441,24.48221717,24.93720191,25.27018367,25.87140614,28.45164361,29.18392675,30.19254077,29.6856688,28.97728011,29.11999137,27.42620938,30.51558387,28.66745,28.63625511,,27.53957795,,,27.49548827,,27.26395385,28.12632905,27.53108264,,29.7472332,,,,,,22.14522534,,11.83069664,10.24308086,12.2026613,12.54857847,11.97009692,8.822450238,12.65884959,12.00947086,10.95191645,10.26168478,10.94745773,12.755583,12.71451605,16.08301532,,10.8847811,10.23123295,13.6566113,11.82011317,11.76058503,20.07898825,17.54743903,19.27615799,15.40417905,13.95393972,16.41805556,18.85976763,,26.71507762,26.86518784,,28.96334541
10/1/2002,11.9629272,12.03687533,13.33992205,16.34327583,16.36360324,16.68622152,16.13289847,16.63864064,15.93282403,16.18597296,17.02825109,17.22609683,17.49898946,17.71014133,16.94936487,18.25448618,15.6662553,16.03152088,17.41456187,18.49051672,18.02812975,18.2753785,,20.02629721,16.67900603,19.36838757,16.70260829,,20.00493156,,20.96124718,19.84777936,21.73206768,21.40895232,21.88718227,25.52860207,28.40958793,29.06478675,,27.91374313,27.59714444,24.99825904,28.53146582,26.81644529,25.90480782,,25.29317335,,,24.35033183,,24.7236477,25.02709954,25.23027924,,29.60799751,29.402075,,11.84295336,,,15.70629388,,7.346133186,9.029006435,10.89010541,10.03089998,10.69795796,7.940383518,11.06766499,9.890615944,10.0274696,9.324346015,10.01728997,12.05244387,12.11971275,12.28704739,,9.780826068,9.236788976,10.85161864,11.18477854,11.72167422,17.64375916,16.26920753,17.08667847,15.0613622,13.79784321,15.54150291,17.35590681,,26.09729268,26.25073182,,27.76332735
11/1/2002,9.317751481,8.361987217,8.129649123,10.30124669,9.949946582,10.56373759,9.556442139,10.02600626,9.524945617,10.7745123,11.06966319,10.18472667,10.67025911,10.94472705,9.48697881,11.2906536,8.34234524,8.106454091,8.807771739,9.931576087,10.17632554,11.12005803,,11.82724528,8.316289918,10.6844836,8.747860076,,12.04514618,,13.1116457,12.43006431,15.53049078,13.760575,13.57598062,19.51239774,24.07268812,24.64997482,23.5745098,22.4440789,20.62054833,19.43182868,22.10587487,21.06832673,18.7354921,,18.38477538,,,17.57987029,,18.53704426,18.98243687,19.55868431,,29.41354633,,5.834670682,5.468579319,,,7.975231116,,4.013157036,8.277962084,9.231577891,8.443171654,9.179385501,6.477652327,9.242290999,8.311457431,9.059431426,8.809540435,9.324728339,10.90173985,10.87790302,9.848712121,,11.02333966,11.61347756,12.13498337,11.5004906,12.12265081,14.71546662,14.4060449,14.98212203,,13.45048419,15.52828123,16.37500019,,25.60941466,25.33708862,,26.12289364
12/1/2002,6.631016472,4.460431276,,5.098900871,4.127198791,5.451524077,4.498919722,4.898369565,4.486708372,6.311550958,5.353753423,4.752172076,4.876776406,5.306115591,4.182474472,5.803300456,2.845239961,2.592413544,3.366038764,3.612771411,,5.11893059,,5.147113137,2.143010753,4.483048047,2.510620405,,5.937594033,,7.029934382,6.215115708,9.416528236,8.483232713,7.408945663,12.84700795,19.81091323,22.23917969,21.96055282,18.53685955,16.11153463,,,16.42382038,14.54289221,,14.53180331,,,13.68994941,,14.10775791,14.52007948,15.99755302,,28.15784564,27.4395595,2.511123875,0.997841139,,,1.944499341,,1.192664478,6.88297916,7.457912576,7.619584697,7.684922134,5.45234806,8.116804582,7.119569771,8.663271388,8.912198245,8.744365464,10.01564399,10.08193521,8.94152057,,,11.5319169,11.27931853,11.78859971,12.74877716,11.44330295,12.47346891,12.40281006,,13.79935957,15.24172511,15.66179183,,24.67378501,24.06561329,21.60026152,25.37082895
1/1/2003,3.86372683,0.760810671,,2.14153871,1.003827511,3.019416913,1.754573622,2.074217703,1.803264401,3.059606868,2.883882655,2.707800545,1.960310822,2.593266797,1.463038371,3.009056154,1.615626461,1.280050956,1.643063347,1.772922329,0.546963521,2.409500656,,2.961003974,0.192528217,3.258606594,0.670818306,,3.271294075,,4.443153768,3.893466042,6.281100982,5.075518509,6.128845255,10.82927186,16.80358597,18.28736225,19.18308423,16.11806899,13.83129393,9.648481402,14.95063012,14.95232585,12.17130084,,12.00323484,,,11.26954769,,11.91387201,12.42984562,14.30208041,,27.68412385,27.07409449,1.467806749,1.10886248,,,,,-0.793243976,5.612488312,6.274456522,5.774979281,6.28487611,4.833646776,7.386734455,6.431077606,8.358674478,8.997136512,8.512277934,9.29588336,9.359242318,9.362681159,,,11.5336467,11.81616994,12.13557737,12.88746717,10.34506779,12.01214937,12.12829328,,13.55151356,14.63405797,15.15165965,,24.14094787,23.04478728,19.4612611,24.71466104
2/1/2003,1.378663931,-0.441310772,0.084853224,0.819579866,-0.745669282,1.346293831,0.639528179,0.980967736,0.293187313,1.7483125,1.632342754,0.32983878,1.256156815,1.053593815,0.220735672,1.234563218,1.263121118,0.836985597,0.52953075,0.094627403,0.808659269,1.251291055,,0.832756329,-0.900312408,2.65620471,-0.139225643,2.305770404,2.965282091,,3.240316382,4.523000188,4.596962639,6.956681397,6.951275174,11.63977214,18.15193526,23.31046181,22.32269202,20.50902882,15.80537714,12.71258226,17.25811982,15.90437135,14.5063894,,14.85611237,,,12.99250776,,12.27973313,13.12505218,13.37437712,,27.34986556,26.82280256,1.25393005,1.688498225,,,,,-0.633724355,6.049760611,5.620687465,5.366705487,6.176244589,4.479019055,6.826721014,6.455046584,8.393419443,8.811950052,8.56551501,9.052241907,9.031364107,8.753610248,,,10.89483601,11.52478649,11.04360119,11.6791602,11.34260187,12.4922619,12.81474508,,13.35699405,15.23258929,15.78616718,,23.89412396,22.97293749,19.32081922,24.80279883
3/1/2003,0.717486309,0.247431688,1.490704247,4.905114813,1.391765775,3.621139498,3.514833822,3.607930108,2.895848465,2.540296405,3.691617032,2.068041687,3.982241368,4.287385928,4.092474441,4.863575421,5.083312614,4.586155914,4.712944133,4.910366994,5.072965034,4.818232819,,5.649199392,3.965037902,8.189247312,4.065703494,6.91805166,7.009543011,,6.909647849,9.265415354,7.094186202,10.50070046,12.20155938,16.31399018,21.68885544,28.25841679,25.9335731,25.73384882,21.91436434,17.80359842,21.1664188,18.78442742,19.03249253,,18.61983722,,,17.03365775,,16.14443047,16.80225413,15.57415135,,28.23117384,27.06738178,1.044330932,3.064358345,,,1.329698374,,-0.724079935,4.683320477,5.704282557,5.763863074,5.358526848,4.456169651,6.408881062,6.185788495,8.450843898,8.773094608,8.743204139,9.018380767,9.096874438,9.840151151,,,11.12024256,11.65582889,11.49204798,10.77997629,14.09170173,13.72405664,14.7530914,,11.73238575,14.64965256,15.64910701,25.48352569,24.91931861,25.17698298,19.99242333,26.66127426
4/1/2003,2.165259245,2.683287298,4.262151954,8.80551454,5.519969807,6.95054372,6.916012454,6.468502415,6.38836682,5.408789493,7.532596069,,8.378948177,8.08107382,7.829642693,7.075520735,9.966110248,9.412065217,9.395424901,10.29286891,8.437268884,8.394412604,,11.04523825,9.284873737,13.98955447,9.15764877,12.18407828,10.97513889,,11.06517282,12.47157969,10.35528044,14.36809477,14.70046043,20.51797266,22.56761438,25.49940876,24.4839551,24.21207446,22.60804607,19.487745,23.18408267,20.88128278,21.81365503,,21.49559006,,,21.3260617,,20.55842427,21.17498737,19.85810167,,,28.02951789,1.250423803,7.377216733,,,4.043666557,,0.946690388,5.496986715,6.757320487,5.977379465,6.248881674,5.673001757,6.956324111,6.891208122,9.005616962,9.41886693,9.288711572,9.441558442,9.546012846,11.03097497,,,11.17365175,11.82661506,11.47519818,10.19646959,15.21929348,13.69736111,15.15608586,,11.62396241,13.47711353,15.58587121,25.73213164,24.56927042,25.19583443,21.59548144,26.98877086
5/1/2003,4.407930205,6.568445702,8.091015343,14.73071149,11.18614734,12.05045734,12.63576278,11.80921363,11.77071175,10.50542198,12.00897282,,13.51143262,13.33590504,13.28647942,11.95818989,15.8345931,15.3606475,15.68203015,15.8924405,13.47040248,13.36733977,,15.95264727,14.55538219,18.28241365,14.31363955,17.19851194,16.46102151,,16.22566622,17.01173503,15.71229068,19.74843051,20.73261266,25.0291714,26.75769848,29.99018149,30.17900327,29.08438022,28.46146829,24.52434942,28.50593902,26.1799867,27.17127898,28.57573273,26.92300026,,,27.01558366,,26.6212494,27.37542076,25.64062312,,,28.47670395,6.430895384,10.86881136,,,9.76130239,,7.573399316,7.094045115,8.831224234,8.604793325,8.768849611,7.746760479,8.968481678,9.000611935,9.695582807,9.911517853,9.956413893,10.2993319,10.37328312,13.90155276,,,10.13030151,11.69233203,11.1886863,9.372069574,17.58582866,15.10912225,16.76940743,13.96179456,11.62522111,14.04431894,16.43572718,26.44466312,25.53361968,26.08364033,22.65493157,27.00592567
6/1/2003,6.961976095,9.803336627,11.55578542,19.04995553,15.82569139,16.45269167,17.17813367,15.96753874,16.26273382,14.92500121,16.72689661,,,17.92309306,17.82004141,16.36940986,18.25269324,17.79655193,18.11471509,21.5878057,18.18579365,17.90293533,,20.3216513,19.5175,21.38040341,18.76241217,21.99545509,21.15782609,,20.68039938,22.21199801,19.29381039,24.14751427,23.2000247,27.36716623,27.00580016,30.7428184,,28.65839592,29.24867205,25.99442962,30.30698617,28.00951087,28.82694609,29.83791667,28.27856492,,,29.43029974,,28.65361068,29.86048474,27.23875165,,,28.26450642,12.16942523,14.30868577,,,16.23681159,,12.78802756,8.738329491,10.29863241,10.0649118,11.01100249,8.916041,10.64030468,11.25126208,10.6914372,10.64044451,10.75461447,11.83007082,11.75476122,15.88398057,,,8.777110939,12.1401883,11.19592391,9.848092336,19.82380952,16.25236111,18.63888889,14.76930556,12.86466787,16.73241656,18.17832878,26.90077679,26.41336078,27.48271488,25.14364303,28.52500384
7/1/2003,9.424575042,12.65086914,14.39326438,23.90534128,20.90780739,21.49131113,22.67314165,22.18333333,20.94786763,19.14796668,20.85347395,,,22.63870085,23.41190086,18.32559226,25.60521856,25.14381136,25.29852151,26.36536432,21.99717742,21.32446821,,25.84554486,24.70877322,27.89866601,23.28134749,26.93912459,24.97920123,,23.89166487,26.3425714,17.96694393,26.51914207,25.52238195,28.54552467,24.93339857,31.12659218,30.26225791,29.81728686,30.6380727,26.29404511,30.84111575,28.96992594,29.2224983,29.05971433,28.27691549,,,30.22105496,,29.4635059,30.21209541,,,,28.4431063,15.26915033,19.19577224,,,22.19197214,,15.00566454,10.56084619,11.32460558,13.00997914,12.70179308,10.38882709,12.79180958,13.24166887,11.35019975,11.13259058,11.46821715,13.06395353,12.99218503,17.57268201,,,9.134213903,14.09929122,11.8237672,10.24740533,21.69237962,17.53922394,19.88696237,16.03256194,13.7975748,18.60107049,20.41906211,27.07127747,26.33218794,26.98847433,25.7060367,29.07209561
8/1/2003,11.04146239,13.34592418,14.97302478,25.80670757,22.67061392,23.19534274,23.87190276,23.61370968,22.7295582,21.03558573,22.46282619,,,23.71277852,24.28110074,19.2402335,25.30675789,24.93820126,25.61070009,27.27016258,20.96115591,20.98125,,27.13815999,25.58696237,28.78878522,24.01893408,27.71125,24.52800268,,24.15316434,26.12883553,19.05070991,25.98927554,25.70928004,28.64340062,,31.22794105,30.97955874,28.64252836,29.83753772,26.60706704,31.23338957,29.58306156,29.92292278,30.45252338,30.24154929,,,30.57322772,,29.65290222,30.75607176,29.80472876,,,29.3834292,17.82190966,21.9181085,,,24.29014142,,13.94120022,11.02408198,12.26791573,14.48907701,12.84391997,9.876931644,13.70338827,13.55429757,11.58472576,11.28141549,11.77743211,13.64024755,13.66563989,17.17907742,,,11.09432766,15.34776765,12.95367297,12.33899603,21.50295699,18.91370968,21.19717742,16.96126755,14.16020337,15.0324857,18.16972885,27.79159654,26.62991787,27.24930033,27.15626992,29.49106156
9/1/2003,,13.17445566,15.10682697,22.29702789,20.23169851,20.77826907,20.69666667,20.50585529,20.43802866,19.63435815,20.62688516,,,21.72629861,21.41495537,21.70666831,20.48332729,20.25165459,21.35499396,23.86318954,22.19350845,21.97577381,23.82371609,23.66933379,21.86013384,22.43250171,21.659219,24.24375845,23.41908707,,23.26954702,24.44640539,22.56998026,23.92426838,23.9171485,26.96467995,,30.86794243,30.21693513,,28.73032609,26.15202381,30.10279778,28.49597912,28.63496722,28.29242959,28.38709541,,,27.87558826,,27.94984538,28.49986111,29.1510571,,,30.07208397,15.24864625,17.2875,,,21.09895531,,11.46266589,10.43442907,10.93536585,12.75844368,12.42870224,9.152941041,12.7056063,12.15058575,11.18054458,10.74469917,11.36948232,13.60470042,13.56621523,15.26040804,,10.8417099,10.47506275,13.30331028,11.7982026,11.92914251,20.77788647,18.41686594,20.22320652,17.04219697,13.98067413,16.02094587,18.7391771,28.01008125,27.05648606,27.62218709,27.22641386,29.94777955
10/1/2003,11.08984345,11.70980864,12.08195418,16.3493864,15.83556887,16.62088723,15.73375568,16.14918877,15.52981427,17.90167001,16.35716456,,,16.13577881,15.33081989,16.91442847,13.55634058,13.27513441,14.75201613,16.82064861,16.77083333,16.96827957,16.05501297,17.9530914,14.58062179,16.96592136,18.26547619,17.68947522,18.56864614,,19.05632796,18.02397892,20.27054698,19.59121085,18.94510285,23.45574451,,28.71628745,28.62010991,26.68242242,25.67216945,22.24233044,25.48417781,24.78744156,24.30652098,23.49658602,24.21448911,,,23.84187431,,24.30066484,24.46870617,25.99399753,,,29.88641643,9.271783658,10.88876918,,,13.29176601,,7.576402525,9.738917172,9.890729525,10.49780696,10.90215585,7.913607676,11.08722746,10.47478431,10.38833567,10.33657667,10.94756428,12.90183501,12.75410921,13.89722341,,12.2249745,11.54785328,12.4648317,11.89703398,10.71761254,18.60900538,16.49377045,17.99355423,16.41916283,14.68491224,17.13133474,18.42921926,27.60417092,26.96834013,27.65477655,25.32802999,29.24675985
11/1/2003,9.385308359,8.918697299,8.941011042,11.55580259,10.82441755,11.04081654,10.60754227,11.08160408,10.80634058,11.70023356,11.46076003,,,11.79937953,11.29566304,13.13341787,9.893949275,9.396298309,10.32742354,11.62552105,13.05308853,13.37967062,11.33211434,13.15297101,10.08789855,,14.12599034,13.62860507,14.64922402,,15.15959849,14.41242256,16.5633051,16.41480621,15.48134552,20.75231884,,25.2790324,25.59932532,23.73093582,22.65475712,19.20088933,22.58017605,22.09793808,21.6610348,20.12479055,21.35563076,,,20.83072945,,21.2436689,21.39274319,23.6071525,,,28.4786726,6.483691182,6.481745169,,,9.050791063,,2.521685055,7.16078275,7.836980676,8.539166667,8.635157826,5.780992063,9.082571256,7.811660079,9.159160314,8.712957984,9.360563501,11.52055705,11.60448555,9.055908022,,11.21046466,10.76210566,10.67018116,10.89844548,11.33412839,13.23563138,13.60402778,13.99300121,14.49392205,14.05858232,16.34085365,16.95282902,26.57776868,25.36883799,25.40448891,23.08189931,27.67192468
12/1/2003,6.333915061,4.81373624,3.915966733,5.784848485,4.515089358,5.286544444,4.81512389,5.114332845,4.932013458,6.43611736,5.373621191,,5.474905436,5.397104839,4.893695286,6.387394811,4.164444444,3.368682796,4.172918549,4.312266246,5.576168692,6.167069892,3.811664329,6.689506265,2.379704301,,6.587406675,5.625867546,7.176593654,,8.133564516,7.380997475,9.837928726,8.795745676,8.000292193,12.1490313,,20.16472309,20.62065855,17.66465453,15.73051075,11.44762427,15.26351075,16.17071646,14.62567629,12.58143253,14.50500818,,,13.75186464,,14.67348397,15.01612903,18.29102921,,,27.30115251,2.942823749,1.558827556,,,3.187719941,,-0.349153704,5.05707478,,5.807322559,6.629392831,4.422537082,7.35200816,6.526992754,8.412057886,8.409013345,8.414674444,10.29618977,10.33398473,8.256710336,,10.61532736,10.79947496,10.71361186,11.10826161,11.99571114,10.38851981,11.94973118,11.7695259,12.94448925,12.75999382,14.66776478,15.16651139,26.02215723,24.47854881,24.29590718,22.41320697,27.07241542
1/1/2004,3.697916097,0.586346123,2.393955005,1.698661758,0.505962475,2.591755401,1.178822259,1.430007422,1.417496934,2.89719612,2.880687662,,0.840988097,2.014678911,1.041692449,2.478207971,2.164147966,1.02660492,1.546820944,1.80346351,1.632035846,2.382390823,1.170353834,3.124078996,-0.280266677,,2.888236401,2.570287403,3.717549088,,4.798293011,4.209802797,7.023143249,5.975268817,6.701764843,10.26152589,,20.88804709,21.28982267,18.19182248,15.43392941,11.21378079,15.19608621,14.9868083,13.81601896,13.3552177,14.33054589,,,13.20694568,,13.17473968,14.24082181,15.41301251,,,26.70839154,1.728278401,1.118766955,,,0.944892473,,-0.513842492,3.177417761,,5.188069721,5.165466552,3.790182328,6.08957138,5.499602618,7.680620723,7.562613689,7.764603407,8.942592044,9.051267509,7.0294046,,10.04087318,10.44512046,10.76475884,11.08068698,11.83318777,,11.22607527,10.97764248,12.83692146,12.16641538,13.63810298,14.19792915,25.39704825,24.71444441,24.40806285,19.8779812,26.54284341
2/1/2004,1.306408565,-1.028119869,0.358624426,1.486831584,-0.569117296,1.476055279,1.08933104,1.325335889,0.836109171,2.237017111,1.978608991,,0.036124146,1.500862569,1.165109369,1.776924038,3.652854823,2.231033009,1.698458725,1.215213175,1.742232951,1.987930635,1.273438541,2.341825487,-0.032444249,,1.665748175,2.623452559,3.006015742,,3.154497126,4.982077062,4.227298851,6.671471991,6.459479351,9.57374707,,22.87522682,22.94462201,19.74110352,16.63326592,11.33031885,14.5366084,14.20508836,14.01274192,13.27621805,14.30157819,,,12.52275843,,12.95482679,13.13094305,14.85620291,,,26.66436051,1.434872904,1.242888482,,,0.479785107,,-0.519238676,3.741141361,3.990593908,3.896854525,4.647702967,3.213865145,5.699037981,5.630234883,7.729893738,7.826346729,7.876671502,8.404223838,8.471403341,8.305072464,,10.3701104,10.69390248,11.08062957,10.78332595,11.23606322,9.998187465,11.85014368,12.04387409,12.02077427,11.84869383,13.72833072,14.17549464,25.96329392,24.68845334,24.91619134,19.05164406,26.54873881
3/1/2004,1.416131992,0.569406182,2.257933295,5.045175439,2.375119761,4.503641998,4.26061828,4.465188172,3.94437237,3.538775819,4.4764429,,3.384274194,5.328413458,5.347524209,5.146847356,7.560617141,6.038963272,6.088558269,6.662146465,5.930516597,6.016314442,7.237311647,6.116409793,5.395682456,,6.738543925,8.105751944,7.378341014,,7.238237882,9.739548688,6.830811445,11.3217959,12.05936603,13.76561887,,23.29075078,23.28850514,21.63339525,19.39726477,16.65957946,19.67123087,17.72900274,18.96765284,20.27385093,19.7952431,,,19.02631136,,18.41078514,18.57669153,20.06910604,,26.44644193,26.4506015,1.213066854,2.630763101,,,3.258496683,,-0.436091632,3.763564644,3.525239598,4.047373454,5.00522152,3.803681855,5.718577075,5.960493889,8.137488312,8.410185835,8.337349122,8.529032258,8.677383335,9.861094819,,10.94658613,10.11703623,11.54426559,10.724915,10.15714703,,13.60456989,14.83072698,12.6040695,12.50459934,14.66920502,15.34122838,25.81087275,24.2369273,24.1083514,19.75741107,26.53074291
4/1/2004,2.374458984,3.688532609,4.652958937,,6.381177536,4.828513009,7.570808081,7.597815657,7.288611111,6.242565278,8.927795894,,7.861101543,9.485011111,9.169797096,8.128194444,12.85902885,,11.50958333,11.21841184,9.587433402,9.576954326,11.86804952,11.82942294,9.96,,11.0234596,12.46916667,11.38152778,,11.05667254,13.65085584,9.692557093,13.40546875,16.85342391,18.61335787,,25.06078382,24.74111467,23.66923913,21.57288043,19.825736,22.15186594,20.27694444,,23.34206656,22.39331028,,,22.18669686,,22.18664631,21.97315476,22.74854469,,27.47128019,27.71652417,2.253586957,8.155290404,,,9.187444693,3.4684273,0.954810284,4.207566425,4.4435639,4.495131125,5.933929748,5.069206741,6.63410628,6.961737923,9.028248792,9.547122859,9.289082126,9.346056763,9.439748573,12.27036671,,11.57332126,10.25239844,11.90412495,11.16172705,9.913391524,,14.24833333,15.72416667,13.44817029,11.87282609,14.86888285,16.9402635,26.31339372,24.94389493,25.25544686,22.05360507,27.61902778
5/1/2004,4.168129669,7.460076289,8.474954843,,12.66427782,,14.19567874,13.77728495,13.4386794,11.17520738,13.87282324,,13.26941859,16.57925228,16.0068556,13.5646472,20.19631474,,19.76486644,20.96446938,15.85440437,15.64940393,22.50063698,21.77196353,20.04187705,,19.96533374,21.03269051,18.83178471,,17.89681912,21.83964151,13.40044195,,22.72274133,24.33613976,26.13913661,27.94119627,27.17418452,27.11923743,26.65842843,24.9193219,27.04731873,24.7905438,,25.32328022,26.38209573,,,25.47186079,,25.2234369,25.15610599,25.4786244,,27.26403545,27.66269638,6.629055633,11.38506311,,,12.19424228,5.188013728,7.818413978,6.133806154,7.764984548,7.062299292,9.015080706,7.140121088,8.520425109,9.728813379,9.922464937,10.21886767,10.21156605,10.62338603,10.5460894,15.35650352,,13.2970717,10.72553308,12.29470706,11.65982989,9.721412937,,15.70662693,17.77944717,14.62076321,12.2596907,17.31557918,18.96277307,27.1084789,25.96878214,26.42720685,21.82619215,28.33021378
6/1/2004,6.193527668,9.440929952,11.12188516,,17.01983092,,18.35306324,18.31617424,17.39573344,17.45342843,17.48344579,,17.56733735,20.15965008,20.69311974,18.17945103,23.74619424,,22.76279589,23.82152174,20.12962185,19.99164959,24.70364734,22.9520625,21.5975,,23.51237099,24.63599638,23.32346014,24.60799216,22.37900036,24.42921498,20.09531017,,26.63448068,27.94677381,25.73058794,31.51976104,30.95229492,30.31658432,30.90247585,28.24460978,30.40165758,28.337969,,28.65791449,,,,29.20198309,,28.59141866,28.80328338,27.77815547,,28.68584541,28.93068307,10.88617918,14.09709047,,,,7.433740668,13.19727712,7.960843215,9.999648896,9.783827404,10.96493852,,10.8476872,12.69585529,10.56185441,10.55980182,10.8597467,11.8987409,11.86348642,16.65743961,,12.78304513,10.10036507,11.82065892,11.36448397,10.25168455,,16.6511413,19.17622585,15.24494565,12.9678442,17.83054952,19.92804633,27.45216874,26.39982488,27.55452295,23.47273221,28.55644928
7/1/2004,8.536914962,11.96342864,14.16487473,,20.81138967,22.43996787,22.13753666,22.21276882,21.03894579,18.93611835,20.84752221,22.13874938,19.89233871,22.68307472,22.93665989,22.12108356,26.14956848,,25.01233053,26.23236667,22.38740809,22.14406052,26.62419004,26.02532579,24.44365063,,26.59152004,27.00007331,25.59763908,27.21892935,24.37790506,27.03336096,21.86433442,,27.88154352,29.51411854,27.58153396,31.79103234,30.93155567,30.73741606,30.59461166,28.54841328,31.29993412,28.85714119,31.55123209,29.32514744,,,,30.46455597,,29.81731409,30.25697172,29.61406683,,29.08889342,28.91136502,14.69235457,19.42933826,,,,10.63043357,15.49262506,9.735883757,10.64268767,12.96660246,12.60146218,,13.335463,14.52856528,11.83163256,11.13678553,11.69061568,13.0874871,13.17074742,17.77751286,,12.5495159,9.74261255,14.18618821,12.28018745,10.83910789,,18.09717742,20.52465521,16.12404745,14.69908069,16.91532258,19.54556383,27.83957722,26.79916008,27.90813783,26.50340689,29.66461267
8/1/2004,10.18448949,13.35794146,14.46164839,,21.60692413,23.16566223,22.97257958,23.19908358,21.90819892,19.84341386,22.21609556,23.57635426,22.14512463,23.68264969,23.73816168,23.2788579,,,23.80929066,25.89973968,24.01162342,23.24555617,26.32068671,26.28660782,23.70540928,,26.20255376,26.21140136,25.4442726,,24.90495282,25.98396849,22.7872264,25.89570477,25.41267289,28.1674627,27.98090646,31.07423883,30.92519201,29.85272908,30.26464219,28.62145931,31.11044697,29.08898827,31.67642781,28.58103886,,,,30.05340122,,,30.22456012,30.48546089,,29.49177664,29.42660748,15.33881912,19.66501711,,,,12.9942819,15.70282258,10.95247423,12.28294255,15.14289646,15.16448432,,15.92980592,14.25023656,11.78439426,11.51044124,12.02092775,13.85046204,13.68788736,18.00965928,,13.20999937,11.42710497,15.08349324,12.96025708,11.27856953,,18.56382071,20.23643058,16.79460028,15.03540737,17.46228863,21.12834109,28.1640465,27.20102491,28.16754076,28.07505609,29.78373284
9/1/2004,10.63787259,12.70722222,14.82468599,20.18900633,20.66821256,21.65317816,21.44527778,21.4861715,20.84638889,19.67076775,20.93390097,22.75333333,22.025,21.90251639,22.3467737,22.89628019,,20.79940481,21.48916667,23.52916667,23.22902174,22.8071256,23.63359903,24.38141667,20.89361111,,24.58666667,24.30652778,24.08240276,24.98379055,24.04676591,24.23915459,23.41291667,24.03776515,22.96342391,25.73151397,27.67300725,,29.5792018,28.0158229,27.76899155,25.7413812,28.93841842,27.26917434,31.1307971,27.27149199,,,,28.95593764,,,29.20989899,29.76878513,,29.49277174,29.3645591,16.28888889,18.24862923,,,,12.21146135,12.4802657,9.977839262,11.42714646,13.10987209,13.16886473,,14.03256522,13.0366244,11.18567029,10.83963109,11.48582894,13.62929732,13.43679348,16.87654244,13.85428744,13.1446896,10.34562006,12.68209903,12.15160424,11.09755556,,18.59972222,20.35805556,16.68722222,15.59268116,20.34700483,21.86717501,28.32190821,27.71525966,28.47768116,28.07381643,30.16011771
10/1/2004,10.16135057,10.77429289,11.97096774,14.1712015,15.76156339,16.31400177,15.7230694,15.7738392,15.20147849,15.46046219,16.28424551,16.74923021,16.98478261,16.8235972,16.10557574,17.23650655,,13.90766129,15.1233871,16.95712366,17.48360215,17.60149443,17.15566315,18.59918683,15.02407667,,19.28266129,18.62010923,18.69229613,20.62957667,19.12546751,18.50830411,19.70416082,19.40841515,20.59150304,23.32180366,26.23956288,,27.93065409,27.04592099,26.13044647,23.10982352,26.87536232,25.43121452,,24.80143654,,,,26.44625993,,,26.52137097,27.67803615,,29.61891071,29.46542721,10.80610576,13.7492488,,,,9.471335267,7.598615007,8.653127523,9.995750457,10.58487131,10.39232702,,11.11903396,10.2955762,10.41196237,9.861096868,10.61122604,12.83546793,12.80229669,13.47430777,11.73742828,11.5958158,10.91730567,12.46120115,12.34361851,11.78347943,,15.86012335,16.89859482,15.30483413,15.02074143,18.80940382,19.19206405,27.72076905,27.11655563,27.699813,25.59679757,28.98751116
11/1/2004,8.377035024,7.847047101,8.113912181,8.914605292,9.784801823,10.04624444,9.603888889,9.875706522,9.304305556,10.50000833,11.05301768,,11.00107323,11.39235556,10.22069703,11.83289816,8.628038847,9.366585457,10.10527778,11.41388889,11.96136803,12.00622475,12.28083524,13.08103333,10.55496222,11.73130556,13.44989899,13.35569444,13.45854469,15.0535275,13.87807536,13.66646629,14.90713164,14.71900362,15.49725207,18.6141028,23.68616217,,25.07347277,23.43645477,22.46540459,19.02151021,23.03463844,22.00013261,,20.3361494,,,,20.62381588,,20.76823452,20.84318456,22.83319291,,27.89356829,27.61936944,7.755392512,7.836633729,,,,6.91567029,,6.598063131,7.720483092,6.630439472,8.235518775,,8.443158213,7.918712043,9.486167733,9.17369377,9.657458278,11.56217666,11.5661188,10.2735639,11.01631039,10.46481829,10.14168643,10.66597606,10.87592556,12.26432367,13.99054952,14.04190876,14.25308081,14.29965781,14.11171168,17.75416667,17.05181763,27.32478261,26.49266304,26.79482566,23.10528546,27.42736935
12/1/2004,5.891818607,4.608682674,5.013244011,5.667874861,5.986318403,6.696575912,6.117052361,6.565933529,6.4871641,7.080314973,5.984298404,,6.321418457,6.865112903,5.733498364,7.421195652,4.193852267,3.961693548,4.964516129,6.177298851,7.114895979,7.263978495,,7.555291651,5.491218815,6.107961388,8.319758065,7.974690276,8.333040078,9.558111267,9.225416667,8.401429619,10.78686188,9.32872686,9.708677058,,20.02992303,,22.35517796,18.91921746,16.77954591,12.1248948,16.77562112,16.92707768,,13.76517145,12.61244968,,,13.7707223,,12.96616179,14.17916667,17.43027599,,27.26367674,26.68804385,3.879493922,2.372729717,1.195104069,,2.658143939,5.467346299,,5.419320732,6.608404522,6.41089628,6.714370564,,7.289484785,6.704780802,8.692842875,8.360250041,8.748744634,10.36427653,10.33115942,8.464569255,9.811589497,9.707002529,9.803631689,10.14717104,10.56477566,11.97659188,10.6365942,11.43234572,11.63731725,,13.11632985,15.44930352,15.47996583,25.88192868,24.71789016,24.62821996,21.25576416,25.84513092
1/1/2005,3.367754686,1.009275104,2.163501525,0.690120586,2.141228378,3.697355694,2.952762472,3.448609163,1.172616172,3.917707398,3.445128004,,2.391923493,3.363527817,2.826086006,4.200882422,2.492723518,2.328366174,2.425603255,2.642035714,3.604741307,3.784803328,1.841456067,3.54017853,2.685042243,3.591013908,4.063306452,6.790428998,4.565725806,5.595305049,5.100477761,5.844556186,6.181054231,7.074726933,7.837968464,,18.2095701,,21.13144258,19.00537209,15.77979462,12.26970025,15.97754154,15.93768328,15.52043618,15.17368646,15.33991245,,,14.66358111,,13.56818471,13.62231183,15.81916571,,26.0369289,25.77706225,1.636155914,1.371084239,0.37436894,,1.211056568,4.644398827,,4.362247652,5.020863387,5.061543966,5.325926516,,6.355773498,5.736185133,7.801519402,7.703751753,8.022235858,9.268759297,9.254037495,7.495762251,9.358900187,9.829014727,10.10534712,10.2443389,10.96959823,12.10108908,8.877553763,10.549813,10.67554985,,13.8139876,15.86814516,15.34835788,25.66424827,24.51635272,24.46431248,19.302065,26.10862317
2/1/2005,,-0.31262589,1.0273786,1.479003623,0.263219529,2.319446058,2.113812229,2.365746753,1.49573993,2.108620536,2.298246636,,1.07055854,2.471321429,1.955636352,3.282983954,2.83209741,2.407314942,2.307630909,1.831310335,3.195833333,,1.697190348,2.688811012,2.133297454,3.46266569,2.630803571,3.606485272,3.474286538,4.68148586,3.457089156,5.665236801,3.98139881,6.3032544,7.561639493,,16.09644151,,21.68269149,19.89953077,16.27570903,13.15672256,16.32132866,15.47686982,15.31166198,15.98511905,16.04022386,,,15.52628811,,14.45489641,14.26116071,15.92770487,,25.70834675,25.22346869,1.534802019,1.814736097,0.271055665,,0.236574793,3.839545018,,3.294791667,4.038017598,4.098595962,4.534804371,,5.409556159,5.595490424,7.853772586,7.987822205,7.995721579,8.698524845,8.729536834,8.194726799,10.13815994,10.56235707,11.01607143,11.46389752,11.44662267,12.21041667,11.47498647,12.26233825,12.83548431,,13.80131399,16.05158279,15.46577381,25.55537008,24.4460339,24.50560653,19.72882376,25.87408588
3/1/2005,2.103893908,0.72058386,1.625973275,2.621316855,1.542313634,3.137415615,3.020707653,2.860625793,2.508467742,2.355471618,3.512203011,,2.220434054,3.798869507,3.374234455,4.409690245,5.106071763,4.661810425,4.633682902,4.316646479,5.19861607,5.865931373,4.658465274,4.672497572,4.671202559,6.293937944,5.033823686,6.174742036,6.048391499,7.035728728,5.930483085,7.958331709,6.048556568,8.565572273,10.03966329,,19.40560243,23.84901717,23.26898882,21.649824,18.91246432,15.76236711,18.85284022,17.16578635,18.47071784,18.20946646,18.24591537,17.22141241,,17.92620803,,17.2093207,17.15334737,19.19548908,,,27.17623852,1.585629967,4.470257296,1.268413371,,0.51647382,3.915877064,,4.191785669,3.903889198,3.980228578,5.115803902,,6.027636033,5.846400187,8.426142891,8.559255599,8.608086146,8.795874772,8.913762803,10.41944622,11.29230896,11.52677547,11.58432497,12.41884749,12.21591972,12.85649252,14.7457478,14.10267064,15.02363036,,14.05235157,16.21882305,16.53159558,25.38043638,24.16400878,24.22978612,20.12373613,26.13077808
4/1/2005,3.649416447,4.317011811,5.129842446,9.009396292,7.380642998,10.66216607,9.624785354,9.071032609,8.285,6.929629117,10.05521362,,7.449305556,9.754020713,9.570664312,8.631737484,11.41261364,10.88049682,11.28514438,11.25478865,11.64714372,9.831539855,12.31755435,12.37911475,12.24035177,14.10316634,11.51816166,13.27168706,10.95778538,12.74315772,10.71776676,13.33166526,9.130599473,13.72930995,15.95753329,,22.3326108,24.88302466,24.94751378,23.82572527,23.00446805,18.86030217,22.24094562,19.94730182,21.01660455,23.17831829,22.04019592,21.58644462,,22.01007591,,21.28069444,21.39381045,22.75999523,,,28.673548,2.579559179,9.057162385,7.704720612,,5.480072464,3.789631407,,4.807528154,4.834145806,4.806798557,5.970099209,,6.893687182,6.811020061,9.042100194,9.393688123,9.228147029,9.299392488,9.417259003,11.1915466,11.82721827,11.94836712,11.26451454,12.35024241,11.81556621,9.988740966,15.57319444,13.67105237,15.50736111,,11.34217522,14.69458678,15.81407126,25.57580369,24.46063296,25.12995938,21.55287379,26.70561672
5/1/2005,5.158612776,7.10245548,7.553029772,11.64045115,11.22235698,12.82225339,12.05451508,11.58507199,11.45351307,10.32535122,12.27207542,,11.7970657,13.36416158,13.24056023,12.82001785,16.82433327,16.15845605,16.08411482,,16.56325386,13.70479469,17.06180777,15.69758514,16.43217291,17.94059103,16.31636863,17.35167134,15.63542044,16.93137868,16.45277335,17.53339611,13.85530622,17.22592917,20.30051849,,25.67945141,27.91908655,27.3417582,27.17585454,28.16743221,23.08859546,25.86895958,23.96276047,24.72266087,27.35826523,26.04106794,25.49054647,,25.10195853,,24.71115591,24.9942114,25.5281228,,,29.15609511,6.538306452,11.15359063,13.00603701,,11.04558789,5.239913511,,6.766887306,7.420446828,8.137070826,9.934268577,,9.976499821,10.09734105,10.06773093,10.37353398,10.52403297,10.53844819,10.46092761,15.04025883,14.04112844,13.68960842,12.64559802,14.1173569,13.16069637,11.43411057,18.18410472,16.1368779,17.95376344,,12.20125552,16.32273425,18.58248884,26.5165312,25.93038166,27.38990714,23.22672394,28.41363159
6/1/2005,7.059391195,10.27096014,11.40283213,17.35306928,16.32096509,19.96722991,19.19000804,18.42901845,18.00403986,15.57852061,16.74633117,19.67208333,17.19299407,19.93571528,21.58085317,16.93397508,25.39736111,24.09155303,23.02353463,23.71394324,21.50134662,19.69281609,24.88916667,23.16188533,24.08650362,25.74837637,22.94423364,23.41829039,22.15830918,24.0687134,21.08633011,23.8466767,18.33582235,23.93199064,25.19536318,,27.70256086,29.85784475,29.57655954,28.57587396,30.5511457,26.44533255,29.55225955,27.47620014,28.53554403,30.32991601,29.87889054,30.28422253,,30.00084431,,29.54118418,30.00622249,29.7261871,,,29.63510595,12.77972262,16.27126898,20.77964482,,19.68372036,7.947468081,13.00461338,8.907908948,10.44251992,10.84296043,12.1128453,,11.61215031,13.23907817,10.80686111,10.78688429,11.04845224,11.71381603,11.76262658,16.78058151,13.66816872,13.87348338,10.09573628,12.29914863,11.96837451,9.860890818,19.85569444,17.31327083,18.74144928,,12.51448397,16.82445135,19.01949979,26.36538785,25.73662514,27.14868248,24.95375274,29.48603186
7/1/2005,8.929098134,12.41223497,14.07270461,21.70844733,20.26254726,21.89962812,22.45131053,23.09269824,21.54230258,18.81311828,19.73417281,22.11962244,21.15654686,24.16211898,24.52375614,22.20539155,28.23536115,27.08343268,26.66693548,27.67359748,24.84417166,23.87795911,28.19925199,26.77788119,27.70062635,28.13008065,27.35861384,28.13442029,25.98999373,28.5690425,25.0297492,27.63642699,21.86034423,26.85982086,28.3933132,,29.26595511,31.08349742,30.39717238,30.36079094,,27.56450509,31.33242121,29.6664191,29.64759593,30.8944705,30.64672682,30.98822754,,30.83720749,,30.59461781,31.085554,30.61157156,,,29.85522607,17.54412905,21.92178907,24.97493079,,24.69953834,11.31313893,15.49138691,10.5727152,12.07215699,14.15840636,14.36549976,,13.96911545,14.4157016,11.47992197,11.15995809,11.48812585,12.82690434,12.96548583,17.14008396,12.43007875,12.14840016,9.21766846,,12.65859182,10.807514,21.61534489,,20.20268817,,13.65821609,17.22103915,20.06464469,26.82702799,26.51224548,27.4622909,27.17625733,29.54339219
8/1/2005,10.5122907,13.56423176,15.53142485,23.63525209,22.18149655,24.1726836,24.2163687,25.21529141,23.53934394,20.86107198,22.32254701,24.59644906,22.89986559,25.05512952,25.5828184,24.30980239,29.04312072,28.11683447,27.81230609,28.49477028,25.15455236,24.62255089,28.75873234,27.70196356,28.15993956,28.90110805,28.60433879,28.34061652,26.9546448,28.97957671,26.08916877,28.14469131,23.61510753,27.59656339,27.66980375,,31.28990982,31.66307369,31.37456923,30.56500156,,27.35065475,31.38355315,30.12821284,29.89054533,31.01648882,31.70832953,31.69302028,,31.54057511,,31.36567692,31.94376575,31.15211506,,,30.36722758,17.68076204,22.42322738,25.12509141,24.60944669,25.04699042,12.99350104,14.56329501,12.11074397,12.56589954,15.32873827,14.51504796,,15.06444165,15.34489754,11.89824066,11.59798797,11.88181185,13.75233907,13.75945535,16.14620295,10.94301215,11.0850267,9.568343693,,12.55076634,11.06734993,20.73858354,17.2063432,19.96565655,,15.27521382,16.71408831,19.42899426,27.09648465,26.95934285,27.91487164,27.84417669,30.02234389
9/1/2005,11.46351106,13.11160671,14.87202328,21.92534527,21.28908932,22.48511697,22.105827,,,19.78181632,21.36280002,23.33608092,22.78041667,23.55783056,23.61474552,23.45268705,26.05436594,25.32452899,25.35236715,25.53747987,24.54058849,23.94024374,25.60516533,25.76537687,25.43544082,25.85321487,26.41431763,25.55430556,25.33337977,26.58802878,25.06800966,25.36203353,24.48343764,25.76378877,25.6547433,,29.72001633,30.38524025,29.96353039,29.401649,,27.50959653,30.18391085,28.81691014,28.8121588,29.05669687,29.91221184,30.23903282,,29.99893192,,29.31740423,29.98283903,30.1996359,,,31.04164337,17.22264061,20.84747671,22.67495716,22.34176823,21.99682477,11.47214278,12.11486171,11.00680871,12.15206946,13.74817404,13.26748905,,,13.86869097,11.3053495,10.6608737,11.19782279,13.44512732,13.58429403,15.83225725,10.8988013,11.17521201,9.612068822,,12.32754004,11.1715684,19.33345444,16.797087,18.93580094,,13.95068221,16.34493964,18.15264979,27.31223682,27.14658606,27.89583849,27.09918234,29.91087328
10/1/2005,11.15255467,11.78988164,11.84148209,15.67227931,16.78177642,17.67020278,16.85616526,,,16.29791236,16.6812495,18.22400283,17.74216924,17.27591813,17.31155879,17.46515199,15.91572581,15.74479897,16.98025947,18.7264259,18.47902641,18.29210663,18.53035881,20.2623165,18.13089478,18.86992754,20.53306452,18.34489247,19.9880914,20.91674322,20.45848486,,20.9969086,20.66605306,21.32605041,,28.27646453,27.45408963,27.66649637,26.50753323,,23.3936,26.82829791,25.94893649,24.46721409,25.57607539,24.91595879,,,,,,25.13814282,26.66733795,,,29.39808847,12.59325938,15.0526037,15.47536758,17.48009584,15.96976975,,7.569122253,9.444433996,11.2266803,11.19480702,10.6986569,,,,10.25645624,9.876028063,10.52386455,12.67415695,12.59919939,13.39869181,12.14763366,11.85228744,10.92667324,,11.89790274,11.17164499,17.89646936,,17.3777583,,12.92808426,16.88106007,18.00887469,26.85930907,26.1741978,26.66052791,25.57627247,28.99572793
11/1/2005,9.674622859,9.231918643,9.469681708,10.09238489,11.32873573,12.0800157,11.50394686,,11.32885662,11.9139994,11.86501587,11.55693901,11.74282389,11.95202661,11.53477131,12.68630578,9.268102218,8.883291063,9.807061996,11.01631643,12.49533213,12.35295455,10.29486111,12.93225091,11.24248628,11.4491928,14.22881039,12.04033432,13.91710557,14.15743297,14.23696256,14.03030058,15.826093,15.25270099,15.24031936,,23.94656994,24.5409327,24.51612846,23.15506815,21.47366848,17.66441432,20.50411616,20.65279131,19.45950372,20.05453589,20.1257086,,,,,18.13521912,20.18549627,22.5133133,,,28.79439411,7.55756743,8.013767085,8.082191425,10.33415459,8.240458937,,0.030679348,6.267739491,6.418273386,7.614562849,7.983843853,,,,9.480522504,9.646187439,9.646946808,11.41106239,11.29295949,9.727686445,12.09300706,11.09344348,11.19626036,,11.18929375,11.17613861,15.02220864,,15.09813296,13.43825483,13.48008634,17.17097222,16.88573004,26.82730659,25.54820721,25.66256437,24.22064044,28.88427481
12/1/2005,7.196184459,5.454686025,6.352840377,3.798922236,5.17358566,6.94119799,5.856013324,6.019115241,5.795348221,7.027980365,6.956031894,5.62927647,5.541259191,5.931090553,5.277264035,6.340783015,3.059659888,2.875603586,3.458467742,3.704250606,5.846721599,5.725036733,3.067607527,6.139300289,3.964165498,3.955754024,7.23347943,5.025709611,7.257450912,7.599739364,7.915111033,5.388618422,10.11958275,9.177173216,8.134122435,,20.24734052,21.75706319,22.26989581,19.31534519,17.25270304,11.81764105,15.4103406,15.79718163,14.94148239,13.2321387,15.07577925,,,,,13.60430108,13.71884861,16.32341053,,,27.44790622,2.990676027,1.938792023,1.123615007,3.740830996,1.907632071,,-0.869813581,5.773522455,5.779652685,5.697020086,6.696387704,,,,8.436578024,8.185025857,8.551340388,10.25411188,10.25007149,7.431444427,10.29223509,10.32310852,10.56194674,,11.29285043,11.80712333,11.20917044,,12.0931696,11.79045699,12.96598833,15.46833535,15.13105961,26.49391982,25.385992,25.35271061,21.95454933,28.36501069
1/1/2006,5.421438294,3.310462313,4.281483281,4.112615138,3.921398826,5.116062359,4.844489512,5.276621818,4.640385454,5.439160891,4.984582214,4.049035446,4.098981576,4.92628816,5.137568841,,3.706514605,3.622933395,3.963066854,3.79422043,6.609384164,5.97958158,3.957544413,5.004684207,4.383006078,4.907578004,6.455837359,5.626180458,6.805719378,6.906935632,6.847728684,6.840046814,8.501618747,9.799904507,8.934341524,14.18816832,18.48106206,21.11728859,21.31659222,19.0994351,17.66383186,12.86370666,15.95194052,15.24390266,,15.72560898,16.67133925,,,,,14.90007878,15.44145652,17.76762894,,,26.66557148,1.477914329,2.127477857,1.243693315,3.70554316,1.809823516,3.914493774,-0.989882592,4.567002898,5.22865148,5.581248942,6.288915569,,,,8.402204104,8.743458818,8.381748623,9.159691194,9.213974169,8.979091125,,11.00079455,11.36478922,,11.46326262,12.0117797,10.3944587,,12.04722948,11.87023741,12.4214623,14.80878331,14.44672211,25.55687096,24.27634584,24.10703887,21.12535089,27.41876182
2/1/2006,4.086518076,2.082656702,3.39713743,2.874357904,3.002768798,4.73389507,4.18127588,4.328382077,3.98667177,4.469958634,4.632155293,3.175788581,3.439358178,4.568339514,4.039275138,,3.825764541,3.776950293,3.792820003,3.867208296,6.46097613,5.392457853,3.793264079,4.822279466,3.624779853,5.104861142,,5.209232402,6.276292517,6.738479101,6.4796602,5.983840781,7.685419019,8.263422014,8.821498649,13.74822605,18.71312752,21.20556336,21.2855021,19.77367782,17.52321696,12.99458818,15.50004729,14.74099446,,15.26444808,16.38243823,,,,,14.16171806,14.55824018,16.84309136,,,26.65886868,1.476627939,2.414692188,1.027884871,3.677263199,0.742494824,2.923671136,-1.086601555,3.43956357,4.268113169,3.920322104,,,,,8.194896464,8.45100367,8.233813092,8.645932736,8.620600868,7.720830538,,10.1119267,10.13737969,,10.46431593,10.83742545,11.13912267,,12.68587662,11.98120093,11.90072867,14.80590591,14.58098429,25.1338672,23.9751714,23.43644872,20.70599481,26.30270751
3/1/2006,3.442409052,1.984622512,3.249882311,4.459424883,2.664301304,5.170818192,4.732859981,,4.190554665,4.733889721,5.107732896,3.494244868,4.278061647,5.121962517,5.799352983,,7.317527018,6.619708657,6.125672043,6.328091398,8.223657887,6.481141889,6.920341006,6.623440244,6.716874389,8.209702335,6.955358813,8.337646528,8.267427271,8.643423306,8.113438737,9.251996636,8.0753331,10.65028245,12.21043191,16.15040323,21.88044014,23.68014605,23.53757975,22.57377983,22.33170218,16.82734092,19.54352712,17.70444723,,20.04253851,20.34466633,,,,,18.3188172,18.5651506,20.2960396,,,27.28335545,1.41995208,3.86733871,2.902868163,5.525651855,0.865556335,2.968040377,-1.051162023,3.268780016,5.378889691,4.619292955,4.329884839,,,,7.950380154,8.08939423,8.12171067,8.593692649,8.735535107,8.294583374,,9.847702203,9.723202434,,10.17836107,10.75665089,11.20631109,,12.48986304,11.56502879,11.46387905,13.21631604,13.69502681,25.3729863,24.16950515,24.17259235,20.96610837,26.12860182
4/1/2006,4.961447281,5.069677426,6.556280942,9.435554881,7.791667372,10.04754348,11.4901614,9.725824864,9.359516908,7.847716529,8.808108727,8.364910518,9.559194993,10.63361944,11.79264025,,14.47753404,13.46562017,13.2629738,13.17581522,14.69458333,11.67156807,14.13444444,13.20693857,13.40740685,15.85233245,12.8682764,14.95602558,13.89414495,,13.22943496,,11.81902778,16.54878096,17.8038251,21.29398002,25.2568645,26.72403554,26.26759935,25.92768027,26.20935583,21.93439422,24.32361309,21.82332471,,25.56243303,24.89420683,,,,,23.22952769,23.64217776,24.49804836,,,28.36023637,3.206768116,10.35002067,9.591973155,9.451156126,7.265815246,3.156664327,0.489874851,4.64709058,5.599908903,4.579236253,5.328635977,,,,8.65504871,8.900792214,8.835504767,8.986704216,9.198199856,11.30772103,,11.31571725,10.47709628,,11.35549379,11.2624396,13.86476616,,14.76490942,12.7772739,12.60412816,13.5195425,15.10273366,25.2971227,23.80910493,24.46378771,22.94614105,27.26779511
5/1/2006,6.923672535,8.966440881,9.120616428,13.16139179,11.91705236,12.91034187,17.38116323,12.92654217,12.73405797,11.13250209,11.98246738,12.07974134,14.64143445,14.97603361,15.91788181,,18.0292462,17.24693971,17.08938172,18.34848644,18.16078191,16.30776064,18.8808906,17.57903641,18.19198223,19.35554608,18.29655531,19.66957974,18.0056306,19.05611851,17.37304284,,15.33965054,19.7796678,20.12829216,24.01827957,27.3008872,28.29334158,27.8546875,27.67159888,28.16153113,24.3145223,26.78681961,24.22646703,,27.11008587,26.7064173,,,,,25.76955034,26.4492913,26.80895159,,,29.21619331,8.362407136,13.1600546,15.27025538,13.10230248,11.98006078,4.271470617,6.363860927,5.965920779,7.381562115,6.323454825,7.061050269,,,,9.527816464,9.560957754,9.739166181,10.18090697,10.25333503,13.50860481,,11.56019168,9.366397849,,11.27298175,9.907862319,18.50705406,,17.85284011,13.58235566,12.70570732,16.50253071,16.99663337,26.04629819,25.06288888,25.49029974,23.86079253,28.30713534
6/1/2006,8.661867589,12.24719462,12.8562986,,17.21952295,18.00088587,20.26117144,17.91081966,17.4622601,15.76671558,16.42256958,17.53818841,18.4326931,19.39039084,19.83465047,17.9620365,22.88113056,22.13092177,21.61421498,22.984196,21.30665246,20.22120279,24.40301329,23.32706753,23.74296296,24.89115882,23.33964372,24.24737397,23.28165618,23.80563677,22.96564795,,18.07040404,24.59405805,24.71189008,28.47682971,30.24899484,31.54769669,30.00665108,29.8546256,30.91501021,27.60747786,29.91996473,27.39911554,,,,,,,,28.50351339,29.36468061,28.79834125,,,29.54077859,13.7304944,17.85472783,22.3333168,20.48037681,18.9331401,6.806148127,11.908782,7.727637791,9.404502196,9.676501757,11.71525433,,10.48527912,,10.52572534,10.69776421,10.63430116,11.79878302,11.60991005,,,12.94415294,10.1930231,,12.5570293,10.23472552,20.74770155,,19.07316943,13.58884058,13.27536122,17.54949264,19.47539478,26.91868059,25.84321742,27.48974857,25.19751537,29.15091293
7/1/2006,10.60891058,14.51535286,14.22631645,,21.57372961,22.67567411,25.4006088,23.09456075,21.96702691,20.31470894,20.23799781,22.28348214,20.57019051,22.72692473,23.51212948,18.75542373,25.14744935,24.37412586,23.57618205,,22.91234383,21.59278284,27.60281089,27.47610133,27.30206872,27.54378007,27.5495734,28.21263832,25.40555108,26.79115267,24.59264966,,19.68668186,27.30612899,27.5002253,30.51998597,30.95293248,30.87411204,30.05753181,29.79198094,32.87690182,29.68629823,30.66931185,,,,,,,,,29.69923477,29.33058964,30.06211431,,,29.22068006,16.14537836,22.21276882,23.98999065,23.87883357,23.9666247,9.778634178,13.93253156,9.805384085,10.64222297,12.09260806,12.42930999,,11.74805453,,11.4483662,,11.55299158,12.82779913,12.7911795,,,11.87831878,8.757367534,,12.35461396,10.40140374,22.19446145,,20.19008389,14.50403226,14.85484979,18.59802361,20.91299764,26.76364426,26.23292692,27.362364,26.77623677,29.8188443
8/1/2006,12.30606857,14.06154001,15.12549644,22.93179833,22.13544736,22.37571798,25.63748293,23.50413064,22.44109188,20.20752243,21.20720339,23.05657373,22.79392645,24.02396521,24.97280981,21.98496433,27.68825598,27.46081892,25.88013437,,24.46014174,23.44336022,28.38272504,27.28901502,27.86483337,28.32189324,28.43069943,28.57435957,26.80044145,27.95026665,25.75806709,,23.62810225,27.65404689,27.75494032,31.11165902,27.93760754,31.36340834,30.7371897,30.81075929,33.13129153,29.9934813,31.17100364,30.80237734,,,,,,,,30.93515555,30.40156473,30.54911748,,,29.33377719,18.80362882,22.87089305,25.0083627,23.66917368,24.59075758,10.64917086,12.97676885,10.65067364,10.91788255,13.44336324,12.56706992,,13.69547033,,12.00600156,,11.87048468,13.34108858,13.38494146,,11.42056388,11.20956572,9.607104089,,12.7581487,11.47963322,20.7747417,,20.54469796,16.41413271,15.04968049,17.64698447,20.63972543,27.78255841,26.83822137,27.85782158,26.45278699,29.87816802
9/1/2006,12.84097079,13.71972299,15.21367555,19.83753777,19.53240435,20.25646174,23.95187118,20.39823561,19.46175756,18.71826828,19.52105075,20.50129274,20.66095245,21.2405805,20.83495053,20.93923113,20.12844709,19.78209119,19.75516304,,22.10576019,21.88198671,22.58027778,23.21750756,22.64492589,22.13315366,24.08877415,22.79261724,23.44508635,24.01401268,23.60752899,,23.43126537,24.19723101,22.4443211,28.91248792,30.11164769,31.10886117,30.46808227,29.46667572,31.26982276,27.5187946,29.29747138,28.79780449,,,,,,,,28.73166166,28.41697343,28.64118696,,,30.2039064,17.18803261,17.29204883,20.10517639,21.12474206,,10.65214843,11.30817918,10.76780977,11.24121628,12.22736466,11.78257827,,12.63895318,,11.47581555,,11.49497365,13.3413587,13.37244565,,13.19498957,11.13321635,10.3273315,12.68523206,12.25846888,11.41235523,19.4768599,,19.24884631,15.24005564,14.55108927,18.49556341,19.59167012,27.72366609,26.7535817,27.77300764,26.48861856,
10/1/2006,,12.14649316,12.59873029,15.06127727,15.69964457,16.85595919,,16.18444543,15.59625315,15.57621143,16.49870069,16.28712015,17.82155914,16.78446587,15.51319776,16.74129585,14.33529102,14.23695475,14.65257714,,17.0302957,17.06061828,16.49677419,18.34213949,17.29765662,16.50667042,19.32682073,17.28457118,18.59796283,19.00039154,19.30561828,,19.87768817,19.60095497,20.5755087,24.89641524,28.55595382,28.39233287,28.15072411,26.64217774,27.21638563,23.12351419,25.52381954,25.32220611,,,,,,,,24.58359631,24.55312821,26.47617621,,,29.58344437,11.81628771,11.10105083,12.98006294,14.57127162,11.7253258,9.756789494,7.347486559,9.2879613,10.17159647,9.865773407,10.32919748,,11.29317218,,10.43424179,,10.59697448,12.59361161,12.59655106,,12.2189762,10.762738,10.38251519,11.96493355,11.98152333,13.04257353,17.11920029,,17.50236943,15.06512661,15.21145395,17.53850806,17.72785127,27.81051043,26.96008755,27.43875537,25.14330773,
11/1/2006,,10.0118868,9.597087414,11.96604194,11.55113735,11.91808454,,12.28895994,11.48865726,12.36249012,12.21775148,12.33763889,14.04409223,12.28492391,11.56682266,12.59173657,9.817699275,9.431248902,9.05875,,13.13003019,12.51591184,11.29385705,12.28668339,10.63019324,10.58331061,12.52277778,11.90697857,13.59016162,13.22767107,13.6782444,,15.05372598,15.37452789,14.46362813,16.4508767,24.16875588,26.12004639,24.37442703,21.78519648,21.42678085,16.19298898,19.18743491,19.5471783,,,17.92073452,,,,,19.26375,18.97589394,22.25870194,,,28.81902734,,6.080496267,7.316481131,10.06379227,8.18428744,6.802971433,0.338695652,5.565783377,6.061402613,7.45363856,7.207174933,,7.436715525,,9.318614076,,9.564049736,11.23549133,11.21735695,,11.59425886,11.20842532,11.23757267,11.79317139,12.21609527,12.61465799,14.96852525,,15.35249396,14.17012302,13.8462362,18.00242633,17.51422101,27.32306646,26.63673693,26.8086726,23.21984544,27.30953948
12/1/2006,,6.973439691,8.083775917,7.821709911,7.971926134,8.774082515,8.387682246,8.603201738,8.137206988,9.022043011,,7.857863321,9.63529979,8.977930108,7.711243306,9.030291343,6.597592333,6.188571265,5.640004888,,9.334117897,9.211258352,7.009970238,8.567724118,6.890486209,6.776297388,8.78844086,8.428345218,10.14685484,10.07702197,10.37417655,,11.84986559,12.00931829,11.16431744,15.5670003,23.19046974,,23.94861926,21.24229067,19.9636353,,16.39484253,16.31470898,,,15.81169514,,,14.25088827,,14.14819607,13.95723118,16.75629031,,,27.40854902,3.623850575,2.776894471,3.916047226,6.72849813,4.484895833,4.692288984,-0.889634759,4.591278847,4.667473118,5.042671809,,,6.179547352,,8.422459973,,8.517192613,9.881717774,9.992169238,,10.4927099,10.52670483,10.92191589,10.8104775,10.98486495,11.5462424,10.56260753,,11.54538336,11.73891129,12.92215511,16.32322581,15.87989047,26.15565526,24.92563698,24.6705353,22.36578053,26.71548621
1/1/2007,,3.605134218,5.197333063,4.511091632,4.805194426,6.018304598,4.710239409,5.877448058,6.435518044,6.615938523,,4.967193676,6.076385143,6.58914446,5.331567906,6.90618258,4.289171342,3.858510118,3.789948574,,7.259391071,7.676161864,4.14310959,6.601505642,5.060232585,5.585813783,7.364722807,7.041826396,8.708989598,8.959914012,9.225397306,,10.90024438,10.73151138,10.84403555,15.56793595,23.04997546,24.02504164,23.8280284,21.12000446,20.17418646,12.59668699,16.1581043,16.19873833,,,15.98199855,,,12.74019116,,12.51111817,11.89994156,13.51690243,,,26.57444483,2.398770453,1.298297331,2.02681646,5.260312062,,2.80521383,-1.016424731,2.274042777,3.828103328,3.964301106,4.150033838,,5.564278895,,7.787152981,,7.836572846,8.982274972,9.070558141,,9.221978248,9.344056874,9.857145969,9.724073203,9.359362064,10.06283533,8.187082999,,9.793238238,10.08692321,11.6835406,14.8584917,14.56242276,25.53955182,24.28066524,24.10600907,20.74006726,26.32135099
2/1/2007,,0.003640127,1.422833007,0.245930143,0.076372413,2.05384705,0.958787747,1.032566125,,2.479539161,,0.243628293,0.438534556,2.113571911,0.091972403,1.571210884,1.166893704,0.600480939,-0.504148719,,1.208539889,2.046538561,0.048194708,2.76201923,0.498261573,0.896966991,2.268229393,1.24028015,3.901318111,4.29315088,4.264974767,,7.242203435,6.627010373,7.50326087,12.09411391,19.88473438,,21.50305516,18.87206809,16.9321375,11.77165662,14.4219076,14.14276489,,,,,,13.1089028,,12.73492063,12.0501434,14.81023782,,,27.11172654,1.568343685,1.132744072,0.126045595,3.7457557,,2.864358144,-1.097865554,2.965368554,4.801091578,3.69041302,4.30293937,,5.451198005,,7.662427387,,7.952150386,8.479927015,8.577895778,,9.494799876,9.701573146,10.25061662,10.02756904,10.3359125,10.58842513,10.63101708,,12.02168437,11.16011322,12.99321249,15.28463898,14.89878682,24.98498412,24.06409044,23.42527821,19.74302536,27.15156573
3/1/2007,,0.678964502,2.021370968,,2.071892113,3.738038219,3.766535923,3.709904733,,3.654491054,,1.915250749,2.083741003,4.423537284,4.32092747,4.146195607,4.645149603,4.007682617,3.281565985,,5.925305474,5.596797645,5.027700391,5.838064569,6.07955759,6.860593804,5.950634271,7.746024427,7.749293979,9.131514142,7.268706535,,7.614687848,12.1089589,14.00388297,16.12391236,22.12150879,,23.95964258,22.32250329,20.10553762,17.40355816,19.19756827,18.28016525,,,20.9390109,,,19.69371095,,19.23703996,18.4312576,20.41275211,,,27.17412713,1.310627045,2.168948721,1.478388917,3.985158913,,1.320570185,-1.243480386,1.049350647,3.948561669,3.191003564,2.949761267,,4.693062262,,7.86105426,,8.171959512,8.446552021,8.411799517,,10.36739703,10.49151313,10.24584216,10.60100709,10.52478621,9.84873454,13.87780037,,14.38786009,11.96132055,12.73299325,,14.92741427,,24.86756207,24.94661471,19.98092119,26.98973974
4/1/2007,,3.42694857,4.284300615,,6.095953858,8.049835749,8.052689486,7.198797958,7.059383269,7.459158213,,6.452271786,,8.402470411,8.007202174,7.986666662,8.547187226,8.339993757,7.534945652,,9.907131643,9.213571036,9.858358586,10.29001389,10.33118357,11.92252899,11.01981692,12.46111111,12.23855803,14.02253914,11.76961275,,10.84914921,15.03112617,17.93536161,18.9319268,,,25.1648946,24.53745777,23.02623792,19.84535117,21.13975845,19.89415247,,,23.2173913,,,21.76543149,,20.89133289,20.62233333,21.9613038,,,28.01800204,1.86147343,5.550379018,6.474084212,7.723772042,,2.00734527,-0.175052207,3.52810661,5.245732872,3.703053987,4.818214381,,5.813411865,,8.455831137,,8.867113511,8.999717282,8.253545894,,11.10739574,11.12328586,10.40321272,,10.69003349,9.305551713,15.810375,,15.69395229,12.04948611,12.08072464,,15.81048474,25.60550687,25.14402003,25.25838494,22.32825001,
5/1/2007,,7.047448599,7.949742871,,12.18908532,13.28534596,14.17464229,13.40232101,12.84165999,14.25068721,,12.48832823,,15.06934607,15.84049036,13.07507085,,18.0842803,18.24584145,,16.37887931,15.37889785,19.35122721,18.55905792,19.10336022,20.92732941,17.97818198,19.62297043,17.35381668,19.44213587,16.44432429,,15.07772875,19.81235911,22.42779465,22.92644343,,,27.19497983,26.42952739,28.04349382,24.47267651,25.01418652,23.59966257,,,28.19188312,,,,,25.92098839,25.69279862,26.24187705,,,29.0725378,7.613319892,10.7165194,14.50413635,13.23023981,,3.334940992,6.077740182,5.212598814,9.019271962,6.716657887,7.55352461,,8.025800041,,9.386999022,,9.721934364,10.05524459,9.59109806,,10.97251663,11.34405453,9.834078521,10.91603452,10.76387809,8.864908198,17.93829593,,17.42830119,12.63918186,12.25061406,14.91561419,16.69737034,26.28409106,25.59573174,26.38981735,23.14363913,
6/1/2007,,10.90959957,11.7214405,,17.67507492,18.11410616,19.29584263,19.02426775,17.916222,18.30647977,,17.56956577,17.30755515,20.53583472,21.2011863,18.50974475,25.61621527,,24.27400477,24.53394029,20.95904701,19.00044444,25.42157718,24.06078527,24.46628623,26.08285778,24.06281288,25.09355864,23.11762715,24.28852879,21.7010881,25.41643775,19.33166173,25.76004737,26.81038647,28.2825785,,,29.31977958,29.29573267,,28.29681088,28.57045296,27.09630425,,,29.41617581,,,28.81828189,,28.75852328,28.74354308,28.47900932,,,29.19999344,13.23157604,14.21645207,20.7370297,19.77348633,20.5609375,5.675886521,11.59389511,6.906497036,10.48599034,8.962575209,9.679209486,,9.769662249,,9.8554409,,10.37920271,11.35473485,10.75352875,,12.04306108,12.00907258,9.939517002,11.64611668,11.84061924,9.520262956,19.65804028,,19.05286111,13.64942917,13.6207971,17.63437983,19.13566982,27.46254348,26.13621774,27.38698397,25.65119507,
7/1/2007,,12.15661651,13.74625604,,21.21985133,22.63470296,23.12199715,23.73180484,21.80439055,19.45908327,,21.3836105,19.78932421,22.72219086,23.56999505,20.35601317,27.14033893,25.96076688,26.23549084,,22.10608595,,27.42943548,26.04840995,26.25190244,26.88773373,26.45475999,26.76587903,24.93462634,26.26760081,23.9886682,27.86096056,21.27330475,27.65971666,28.75521454,29.80146234,,32.90180947,31.53781196,31.08622437,31.60241351,30.60108699,30.01613063,28.54911173,,,31.34436387,,,29.14353511,28.27877418,28.70712366,28.64604354,28.39363459,29.56224143,,29.21834233,14.96174614,20.34685443,23.06354025,22.92572984,22.41330727,9.300851192,14.10975117,8.805633549,10.63188682,11.71418857,12.74399571,8.721842077,13.07660254,,10.8123873,,11.02713758,12.6662236,12.08470288,,13.9348381,13.4607996,11.35554399,15.22628887,13.52984852,10.15906381,21.26182527,,20.76250806,15.40600251,14.48584035,19.29419642,20.34640831,27.63656618,26.71492626,27.27300937,26.94692135,
8/1/2007,10.97667719,13.48094122,15.25558672,,21.8315625,23.83022394,23.46044147,24.21538316,22.61296751,20.21817349,,23.31905931,22.53385377,24.32917608,24.70224293,23.6880201,26.39748608,25.85869869,27.62856183,26.59300675,24.94255376,,27.98064516,27.07748925,26.77530229,27.28475027,27.81529013,27.93498142,27.16725847,28.1089844,26.02008649,28.31788803,24.83185132,29.18882071,29.89329126,30.34531323,,32.16747982,30.96220993,31.34861144,31.192964,31.74057195,31.16745559,30.25863137,,,31.3170582,,,30.86535764,30.19876376,30.60241935,30.60149806,30.3229079,31.53627332,,29.2453485,17.11685484,21.31613575,24.70658806,24.34120393,23.91717473,11.3662356,14.12431364,10.26976391,11.84245657,13.47399114,13.4502566,9.422886488,14.01050381,,11.05372838,10.75646321,11.25615957,13.13948026,12.45179734,,12.86514874,12.80860456,10.23127205,15.25969853,13.18791458,10.94953583,20.84257277,,20.26448323,15.6749447,15.66801075,19.55662634,22.33300873,27.67053362,27.22166308,27.51614656,28.42149352,
9/1/2007,11.69934242,12.73427536,14.26798501,20.18883152,20.47345256,21.99159424,21.37883874,22.11056323,20.78029589,19.00962766,,21.85069499,22.5768256,22.65287742,22.79825758,22.44243961,24.62394614,24.09617456,25.58623889,24.75353345,23.15993357,,25.44888889,25.37734167,24.2149859,25.18546578,25.73281111,24.92636831,25.00097403,25.70565,24.60156999,25.27883399,24.56702985,26.35813131,27.35878364,27.98282177,,31.42411232,30.25815437,30.00138285,29.80647343,29.63390903,29.57846014,29.00719203,,,29.45808575,,,29.21088329,28.38939976,29.28666667,29.13800972,29.97800025,30.80655138,,29.76074111,15.63705309,17.94958333,21.82079658,22.55738774,21.41197024,11.09589176,12.41444722,10.55227547,11.94070912,12.85909365,13.11562802,9.22599473,13.59237319,,10.92805556,10.18530193,10.82958333,12.88378184,12.37551389,,11.43826691,11.51167089,10.21733696,13.3467756,12.98557202,11.81905193,20.27788889,,19.69572512,16.26863472,15.54988527,17.7127471,18.86856868,28.16585622,27.27562802,27.58349638,27.72583937,
10/1/2007,11.87811477,11.550136,12.88518583,16.80353553,17.87909054,19.16973551,18.28269503,19.72708232,17.87208141,16.89484736,,18.63599866,20.31402291,19.87225573,19.5484633,19.84528401,19.8147212,19.48124421,22.95467608,21.03118572,20.15515486,,21.43747388,21.92107258,20.38669355,21.06568616,22.49246183,21.38442727,22.29580511,22.49645719,22.07759734,22.14474638,22.63398618,24.38792076,24.4919748,25.07746611,,30.08444007,28.3348947,27.66009818,26.84417952,25.79638266,26.00104021,25.66316036,,,24.84036836,,,25.74957924,24.22116696,25.49973118,25.36032566,,27.53665849,,29.19906498,13.4946882,13.96360449,16.98400392,18.98366336,17.48276344,8.478759115,6.994150538,8.472538069,9.769516873,9.733902919,10.13476508,7.587249094,10.24779687,9.654636583,9.695019975,9.618982426,10.06506545,11.99240368,11.16244413,,13.67525713,12.16737388,11.78564591,12.41300842,12.11474298,11.7488137,17.0794543,,16.76950672,14.46482661,14.15878331,16.79239715,17.42736676,,26.77691094,26.4569834,26.67920757,
11/1/2007,10.41806159,8.505899758,8.255664251,9.377312802,11.01822478,11.35045437,10.2787984,10.49951573,10.11063857,10.96056068,,,10.98001838,11.77614734,10.51324306,11.74471014,8.714153915,8.335602767,12.31570815,11.92918557,11.37440278,,11.94416667,13.65995101,,11.04636551,14.22931528,11.80750356,13.41911454,13.98724508,14.00392271,12.15610397,15.95229469,15.68591733,,17.33762198,,,24.2323913,22.59410628,21.02754831,,20.41235507,20.49900966,,18.39436983,21.24188825,,,20.33310881,19.11087286,19.81658816,19.62908466,,22.77998188,,28.05964372,7.588837121,5.808812121,7.920490882,11.12623725,9.050068901,6.791603535,2.375991063,7.321741718,8.369879776,7.804011858,7.765122969,5.80031895,8.008013285,7.844256384,9.008595191,8.553851559,9.200766908,10.97581221,10.14624292,,13.19955314,10.10530556,10.3660101,11.51832901,11.12942029,10.94998847,15.05349306,,14.85149958,13.29561389,14.215157,16.47403437,16.32697189,26.64637077,26.57564614,25.81236111,25.0597343,
12/1/2007,7.001162927,3.561808528,3.861629266,3.785990692,,,3.807007219,4.437501361,3.886445683,5.597990331,,,5.128977326,6.395676718,5.56806323,6.562935633,3.410244911,2.84290784,4.770396505,5.27660307,6.488127736,6.692367345,5.482392473,6.4887455,4.43782197,5.001433322,7.890926251,6.863146388,8.943525766,8.989768291,9.50943262,7.963856457,11.36867345,13.01697472,,14.9283335,,,24.12892707,22.6084978,20.52122905,,18.10293361,18.01816004,,17.35458742,,,,17.48952197,15.80901896,16.36315342,16.27504061,18.45377513,20.30085022,,26.64724421,2.914597943,0.407686804,0.916700157,4.988535472,1.604923387,5.191089188,-0.780217917,5.244658719,6.260150771,6.585915329,5.940593826,4.171072931,6.507965171,6.013510986,8.002604688,7.83678705,8.075825046,9.594389371,8.877317427,,11.83623295,9.241515948,9.629476391,9.241421225,9.325,10.03749734,10.50343034,,11.16507577,10.93623346,12.59845722,15.19777349,14.73765194,25.69954524,25.10586446,24.30724,23.05895278,
1/1/2008,5.243915517,1.692551449,2.683660589,3.597251501,,3.785001928,3.06249269,3.773258225,3.038756515,4.203631233,,,2.491020625,4.698074451,4.358470138,4.68976529,2.787854426,2.170751671,4.442073925,3.609147908,4.260464002,4.864693517,2.672619048,4.76891554,2.89099599,3.426483637,5.570634759,4.827815994,6.048063411,6.375138675,6.595388675,5.781049222,8.374281206,9.778015428,,11.72860619,20.87993877,,22.12273259,18.70363222,16.07260986,,14.97474446,15.65398447,,14.66305254,,,,13.63457223,11.94952771,12.51537624,12.29749966,14.11840017,16.64133941,,26.19933964,1.976394928,0.90569626,0.790849068,4.714708684,1.980643446,3.007740979,-1.053745788,3.302828424,4.744232118,4.819480747,4.541620699,3.19519051,5.504604956,5.548762166,7.372724191,7.171713099,7.342965064,8.558367334,7.761831184,,8.918858111,8.448489364,8.652863488,9.001863126,9.174374708,10.2761523,8.36579377,,9.839988859,10.00859543,12.78602151,14.20999883,13.51971716,25.06887564,24.43176969,23.39415615,22.24949583,27.15461664
2/1/2008,4.305675287,1.338184658,2.090142429,,,3.239753703,3.098681883,3.896232745,3.01246744,3.914446058,,,1.816174349,3.960197401,4.418181034,4.361481759,2.735744465,2.131062991,3.750743339,3.404148048,4.612537481,5.022025862,3.093456113,4.338923851,3.208693835,3.922882417,5.512712644,6.032714603,7.231020129,7.517997126,7.152190569,8.147787129,8.390473513,11.90381059,12.49140543,13.32746127,23.94338754,,24.30123688,22.4158046,18.73933274,,16.7517966,,,18.53306246,17.48732159,,,16.96071153,15.82896904,15.13082487,15.02327299,16.84101141,21.22521864,,25.43971764,1.824660795,1.241544164,-0.132548055,3.485071334,,2.198612139,-1.175256747,2.441588946,4.086794671,3.932321788,3.30833163,2.260458407,4.663705079,5.452696785,7.110640702,6.932223093,7.264030079,7.776795962,6.900475887,,8.655637522,8.642904684,9.007749462,9.262277384,9.359073304,10.30988791,9.620275862,,11.12247518,10.62318822,12.85789532,14.34748,13.8517138,24.97818193,24.63442086,24.08858037,21.98907149,27.83490187
3/1/2008,4.427423007,1.949893642,2.48363949,,4.089392917,5.124846424,4.96835554,5.547939942,4.947635896,5.11613139,,,3.989477169,5.943011921,6.702033953,6.647504675,5.383429719,4.692718029,6.500581989,6.350133357,7.170012272,7.413472417,6.506830401,7.074213768,6.814516129,8.012864938,8.235113254,9.902717742,9.911563003,10.19601315,9.563688623,11.31729408,9.974400966,13.92958742,14.60936185,16.07903226,23.51682642,,23.86516958,22.2209751,19.71640061,,18.42399114,,,20.62795699,18.58854127,,,19.33208009,17.99077081,17.70407681,17.49042222,19.24746377,22.11827691,,25.71154745,2.036923796,1.610572729,0.02019203,3.829376695,0.226862178,1.772900631,-1.004873422,3.476281929,3.387172744,3.325657238,4.155342875,3.202653716,4.659445639,5.456257703,7.469185595,7.416671448,7.618947363,7.820435724,7.040902971,,9.35450561,9.472466424,9.445972264,9.867966658,9.991538102,9.33686302,13.36750801,,14.00319384,11.51415264,12.29110194,14.70199913,14.83497128,25.83565919,25.37206957,25.44474478,21.57541388,28.47795907
4/1/2008,,4.848660244,5.573153037,,7.654508282,9.619267995,9.811666667,9.584072757,9.241200466,8.243696135,,,9.211860736,10.35762983,11.46615085,10.33913169,12.75523425,11.99963452,12.80262107,12.08509251,11.54641002,11.38987017,12.63292929,13.15105894,13.03855676,13.99762222,13.46250912,14.95867353,13.74248031,14.35999969,13.07529419,16.24491773,12.27631039,16.66151515,18.48876263,19.22418259,25.32543149,,25.73676768,25.11096344,23.41552019,,22.2843323,,,24.60116028,23.08537495,,24.46284319,24.33820205,22.8123881,22.54453111,22.36991494,23.40906746,26.15056167,,26.32338596,1.921493654,8.533218945,7.865588807,8.283173331,5.677786292,2.218583861,0.573840615,3.909257795,4.26262791,4.034195605,4.894844093,4.165942578,5.623802152,6.122777778,7.940569829,7.716248275,8.046364734,8.128566096,7.609440217,9.342045455,9.488634168,9.763998055,8.651714976,9.602900747,9.909907773,8.851454765,14.936034,,14.80684034,11.31025266,11.31245883,14.06337919,15.42460645,25.69760266,25.68166424,25.24653852,22.96314394,
5/1/2008,,8.310816386,8.364948574,,11.95470411,13.08607176,13.27878788,13.36303758,12.92554477,11.84798097,,,14.46225531,14.51246085,15.6175386,13.29242637,16.60289986,16.09321963,17.28775316,17.01451128,15.08964002,15.22476975,17.13857527,17.32880235,16.78046427,16.65534372,18.18384187,18.82798866,18.05712533,18.32414618,17.34097125,20.09543478,15.24474638,20.60805116,22.94127513,23.5952957,26.8140975,,28.22523375,27.75860215,,26.1497669,25.89463436,,,27.91014652,26.02738429,,27.69479921,26.85250276,25.71113944,25.59043341,25.56189762,26.18197437,29.30743976,,27.82947055,6.417606576,11.74045927,13.67633789,13.6394003,10.7669446,3.344237738,6.390846482,5.288884993,7.674113599,5.415308768,7.018478261,5.535511496,7.294150304,7.926647966,8.844657657,8.795624548,8.988923547,9.258270113,8.711271564,12.39043946,10.26234806,10.8885928,8.282210145,9.938606613,10.43302361,9.291590697,17.69608626,,17.28840264,12.15083135,12.68814867,16.75700495,18.03844617,26.27897966,26.4348352,26.21895822,24.44343576,
6/1/2008,,10.92172886,12.87783213,,18.11393116,18.94031439,19.81396135,,18.08233797,17.18385278,,,18.54246857,20.34048792,22.51198346,15.97538743,25.79267943,25.06205298,24.38101477,24.76597937,19.27292262,19.58886413,25.51697464,24.12300972,25.17864311,25.75381388,24.43133654,25.8261532,23.95544906,24.74434331,22.75952962,27.04817633,19.83758509,27.3578744,28.3027657,28.35832126,29.06701142,,29.84222222,29.80327459,32.3227038,30.27545839,30.62403986,,,31.69830314,29.70592995,,31.17927262,31.14956522,29.0549215,29.46619986,29.79914583,29.02428571,31.38749362,,28.48347222,11.56308056,15.01334372,19.16533368,19.90362687,18.576325,6.091969309,11.28560694,6.897457729,8.412813598,8.610150966,9.179866758,7.413665459,9.429305556,11.40763889,9.563472222,9.451890097,9.722323232,10.39366522,9.851301389,13.51409295,10.59123188,10.62814614,8.000370553,10.38623792,10.90190821,9.420996377,19.65575833,,18.96936944,13.2562625,13.91513889,18.51361111,19.09703502,26.83232488,26.96642457,27.26487703,25.73807587,
7/1/2008,,14.19616643,14.88439691,,22.55210379,24.43997637,24.85285809,26.12391913,23.75839803,21.39418759,,,21.74578129,23.75656123,25.27572557,16.30495559,27.98124867,27.28239278,27.64269565,27.98461189,20.41454301,21.28449477,28.0266129,27.51355867,27.276674,28.08488721,27.5861912,27.76917958,25.16234806,26.47486746,24.44669283,27.89458859,21.7168882,28.45726975,29.17609864,29.4241877,25.69092614,,30.16175199,29.87123656,32.98540485,30.57229748,30.31192029,,29.80292029,32.59316269,30.43204184,,32.29323866,32.45104021,29.71128448,30.153692,30.77724649,28.72106549,31.28734806,,,15.12125777,19.64642029,22.61511881,22.29029553,23.46244331,,12.99515843,8.307965171,10.1789674,10.99650325,,7.881574334,11.55641071,12.31505961,10.80302712,10.4904979,10.89692029,12.05354137,11.59088079,15.23253857,,11.1933837,9.485619873,13.11080635,12.15218507,10.9354966,20.68019857,,19.77155242,15.25344817,15.35312062,18.14956755,19.77107878,27.77941211,27.95719378,28.29302717,26.99512623,30.58629215
8/1/2008,11.16520909,14.38527437,15.59753708,,22.45719378,22.58439674,22.79863201,24.19658046,22.47719814,21.03122674,,,23.38349959,23.79519986,24.64233211,22.34182339,26.33816407,25.79049516,26.60929313,26.5719534,22.69862377,22.55038846,26.40468009,26.31403273,25.43769365,26.36336234,27.32106341,26.7689837,25.45998714,26.60117064,25.89794296,26.79640391,24.99330411,28.30152441,29.25406148,29.49314516,26.20520513,,31.05215957,29.85431276,31.98411057,29.5604013,28.75833471,,29.02476784,30.71712249,28.6113562,,31.45421395,32.08682211,29.09042193,29.41982949,30.28679786,26.65213301,32.15890255,,,17.72694758,22.09638359,23.58917728,23.61902456,23.30770763,,13.44002818,9.845438608,10.78894145,12.42027612,,8.091673573,12.00585842,12.86656891,10.79733148,10.35246557,11.05416826,12.43499724,11.86328293,16.38472417,,12.78574153,10.61876613,13.78405964,12.8954866,11.25868821,20.92252881,,20.1795678,15.56342949,16.54839878,19.363587,20.56782959,27.31380902,27.30469261,27.38104254,28.15949042,30.55974636
9/1/2008,11.9902971,13.44352053,14.73710529,,20.61224923,20.92627226,20.71954545,22.29750906,,20.03202796,,,22.40016105,22.43613998,22.59444887,21.99189614,23.52749322,23.61496062,24.89102947,24.02256045,23.1473599,22.38249078,23.68010101,24.92688943,23.06888406,23.56169454,25.08710101,23.96918691,23.84705588,24.65686809,25.1942578,24.06792271,23.62694444,26.1429529,25.5343901,27.53941425,28.33782781,,29.61161232,29.19134662,30.86396145,,28.3664372,,27.45333937,28.12452295,26.56821956,27.13201306,29.40687198,30.70674407,,,28.16586981,27.89104938,30.61924155,,,16.42419686,19.41667458,21.24752044,21.47311528,21.06852651,,11.51723508,10.18113032,11.08881352,11.67038291,,8.282922705,12.00585749,11.81137077,11.00186594,10.13577295,10.78959541,12.61378568,12.18812692,14.73051795,,11.28050725,9.930701581,12.43174517,12.58825483,13.14815821,20.26260646,,19.92826099,16.64498168,16.46187716,18.52743357,19.23198671,27.52769708,27.88587797,27.58365942,28.41024155,30.17717656
10/1/2008,11.68297335,11.86237121,12.07126737,14.35978261,15.83116526,16.82303541,15.90483871,16.62722426,,16.47717449,,,16.85877519,17.18063488,16.58104237,17.17495325,15.73414757,16.12580411,19.42323837,17.93931369,17.69294063,17.08790673,17.27916985,19.84014113,16.53761103,17.64845514,19.66930096,17.94371295,18.25832749,19.31296938,20.16934315,17.79027879,20.0512134,20.28403088,21.28658836,22.55038569,25.85273492,,29.51934899,25.9732961,27.60545339,,24.37177419,,23.40274767,24.76514195,,22.95353993,26.24504441,,,,25.37216294,25.6630201,27.63821295,,,12.49681502,12.79118379,14.15475491,16.59853691,14.97756107,,5.470212775,8.284136218,8.77157444,9.904675613,,7.104611858,10.05145512,9.695506078,9.885886034,9.430019869,10.1756322,11.91206885,11.4704013,12.66236559,,11.69065462,10.35442964,12.1453892,11.89567684,12.19431659,17.83266059,16.02241244,17.6851558,15.22981183,15.18728378,17.21137107,17.75540556,27.33295348,27.33804348,26.93952197,,30.08381651
11/1/2008,10.3597265,9.215203353,8.839898833,8.581781401,10.140824,10.94785592,10.00027778,10.63596791,,10.9804696,,,9.908528295,11.27531255,10.11791111,10.96809398,7.967822087,7.866679999,10.64402317,10.42928828,11.02451208,10.71570603,9.629166667,12.11126606,8.841262077,9.453590649,12.58532005,10.67974377,11.56640769,12.17595875,13.57701032,11.00632246,15.41769598,13.92689284,,16.2573913,20.9014294,,24.73124561,20.5391211,20.22562651,,18.81451087,,17.54167874,18.97245169,20.36611059,18.16482488,21.03114734,,,,21.42034347,21.86660024,23.88567358,,,7.416039855,5.684975988,5.860251394,9.437837379,7.824033273,,-0.519264915,5.952445652,6.291053469,7.050181159,,5.762856829,8.02182971,7.649625604,9.216651139,8.993336627,9.511410848,11.11080808,10.1746555,10.73258454,,11.63073123,11.6194944,11.7716244,11.56287385,12.34409091,15.18900489,14.37274275,15.21583877,13.76735115,15.00736001,17.17396135,17.19115009,26.6405314,26.60667874,25.50144692,24.78756645,29.3200772
12/1/2008,8.356923869,5.921739813,5.182266641,5.012291352,5.422529906,5.8843461,5.519396808,5.946337189,6.614302135,6.551722321,,,3.777481512,6.186313089,5.980883043,6.692602518,3.313117032,3.179984806,4.804737234,4.724705061,7.073657083,6.725871318,3.965941498,6.161886396,3.951162927,4.25756238,7.435746844,6.7492919,8.195882209,8.129362074,9.62835299,8.022969527,,12.14857994,,14.01692433,19.44304445,,24.51639451,20.23604956,19.91336692,,15.9398997,,14.26538709,16.38036048,18.1192734,13.82603571,16.57190109,,,,16.85479625,16.64019635,18.69014148,,,2.964338099,0.479593079,0.380375071,,1.315525201,,-0.940919063,,,,,4.443437376,6.531436586,5.967717623,7.992295001,7.546493232,8.155889678,,8.846748679,7.132262062,,,,9.87589077,,,10.63878886,11.55224747,11.70371289,11.64209112,14.10377179,16.18814366,15.41017248,26.1332031,25.99336055,24.64072975,21.425556,27.24057697
1/1/2009,4.431066709,,2.070918866,0.29256458,1.252652608,3.620174067,2.182149369,2.618780547,2.129891304,3.123823227,,,-1.206970501,2.767361865,1.916320694,2.860460496,0.979330674,0.824950168,2.848370455,1.366101067,3.309250924,3.079808906,0.824804493,,0.755518125,1.445475202,3.827431043,2.846219261,4.830974542,4.953225982,6.723541162,3.514375907,,8.837926601,,12.24060149,19.3995819,,23.74875207,19.12769986,18.5743157,,15.4086115,,14.21107994,16.00867015,17.39596363,13.96047469,16.50315409,13.97414576,14.47242286,,16.74477841,15.76287751,19.49350715,,,2.190466608,0.307114422,-0.354399553,,0.053689106,3.132548309,-1.075452383,,,,,2.739225609,5.05286474,5.111662156,7.200472576,6.834945238,7.318523544,,7.433279638,6.637931471,,,,9.546504845,,,9.28455838,10.38729839,10.7273525,10.43396808,13.32786197,14.85684733,14.30517792,25.59115241,25.20463759,23.43762006,20.55863774,27.51059544
2/1/2009,3.666299812,,1.604237836,1.32527864,0.959332033,3.018269528,2.40660879,2.988321687,2.118223579,2.822807777,,,-0.858218621,3.029626741,2.773952381,3.166666667,2.148297807,1.854480167,2.841787102,2.217321817,3.743883929,3.616130952,1.926469792,,2.076242019,2.840316327,3.743452381,4.149520833,4.721337992,5.110169708,5.914893892,5.722671984,,,,11.39733496,17.91017728,,22.32632635,18.7520251,17.00525538,,15.00483954,,14.31294139,17.37582816,18.32612406,15.41207945,18.2046972,18.99478923,16.05713992,,18.37210256,17.86617391,22.17900668,,,2.035573903,0.564648243,-0.222630847,,0.040490826,2.266674361,-1.164931159,,,,,2.556012465,4.607683983,4.896608144,7.112503462,6.850461721,7.156452921,,6.579313769,6.689636858,,,,9.376374577,,,10.51200487,11.05362325,11.77697671,11.13591278,13.55367554,15.07753623,14.38731027,25.01310818,24.76246118,22.85856625,21.23384446,27.89525751
3/1/2009,3.310325238,,2.911375439,4.13971482,2.984706639,4.527084806,4.268094045,4.947658133,3.454984806,3.867721657,,,3.32576263,4.914798068,5.39924924,5.125403226,6.013623082,5.512985343,5.992051367,5.435023317,6.582280271,5.923315802,5.790327381,7.011700758,5.348142399,6.96929309,6.314931043,7.513610566,7.277372179,7.662407784,7.867537401,9.522197076,,,,14.57192613,20.86791976,24.28939394,23.78437262,22.11011571,21.16827473,,18.45144343,,18.31774194,21.28114773,22.21349345,18.50229429,20.66868864,21.31910355,17.8183395,,20.78274528,19.80341865,23.37564282,,,1.927724279,2.21918363,2.405716223,6.432756059,1.160235912,1.661017871,-1.171787716,2.184946697,4.475468924,3.294908126,3.205677448,,4.701410493,5.172772276,7.232691003,7.098772865,7.339479785,7.610694462,6.179483149,7.756565834,9.561035744,9.995783863,9.553405275,10.30658435,10.15406685,10.16935183,13.09926473,12.67689984,13.79516025,12.10405583,13.04374123,15.21737377,14.91079944,24.22046517,24.38233988,22.78637957,21.83459561,27.55393339
4/1/2009,5.128088587,,5.097270531,9.120762516,7.037062814,8.867262681,9.010426726,9.140809179,7.550555556,7.331999155,,,,9.399727383,10.49445274,8.645869565,12.19707181,11.45004024,11.60865265,11.44584128,11.11564493,10.30965761,11.99188492,11.76516605,11.43688406,12.89694706,12.31435771,14.30683304,12.90671662,13.50410938,13.36139493,15.67609848,,15.93373188,,18.94348759,22.95759662,26.34059783,25.92925725,24.93291408,24.33799204,,21.54303579,,21.06573068,23.34482049,24.16172062,20.58804007,22.19793878,,20.61621871,,23.65251836,22.32488527,26.39432367,,26.6951334,2.743474034,7.007974638,7.433733617,8.581946525,4.719361534,2.208166996,0.129029997,3.494777119,5.210301932,3.686346226,4.399112319,,5.423228245,5.81938347,7.926870334,8.026588164,8.088979469,8.060160299,6.784889136,10.13877972,9.74361715,10.04278382,8.260411726,9.692669082,9.528109903,9.209891304,15.40555217,12.97030676,15.50894281,11.54525399,12.46368329,15.43224013,15.5313823,25.04202185,,23.65845411,23.77091184,28.22797708
5/1/2009,7.16402846,,8.83663511,14.03506152,12.63818586,14.2565743,14.43332507,15.19102756,13.05615358,12.21334537,,,13.25974572,15.40979658,16.66197983,12.85579126,18.30682501,18.0356286,18.80870465,18.5924193,16.08199158,15.51480482,19.21878214,18.49627519,18.12445546,18.9156783,18.64750521,20.0440957,19.0322756,19.97973942,19.48261401,21.29299375,,21.36222746,,23.80582048,24.5549439,28.97790439,28.22755961,28.00326671,27.44681032,,25.8861166,,25.86540599,28.4974158,29.26210857,26.4222417,27.23087992,,26.02670694,,29.84347773,27.04852629,30.18364915,,26.94797218,7.0282065,11.43636676,15.0938255,13.44029964,12.18156206,4.377177632,6.951355774,5.511961525,8.758559115,7.122624051,7.764023652,5.796078775,8.465024544,8.55750935,8.964807259,9.12310071,9.215638149,9.32900357,7.983670271,13.01613417,10.84312179,11.15272908,8.922437509,11.48938225,10.81971716,9.592613371,18.10789738,14.566295,17.42451414,12.44144407,13.3297043,17.96814516,18.41075853,26.92070477,,26.84184198,23.74406181,29.37260724
6/1/2009,9.742223584,,12.22129062,17.1300269,15.92222038,16.90002471,17.50863472,20.52490689,15.93066589,15.78506839,,,18.28407679,19.72334838,20.96399891,18.81849583,19.93778045,19.88599317,21.12918519,22.95162312,21.11666859,20.77038274,23.31253019,23.0992254,22.77415843,22.90830918,24.02008235,24.60376936,24.19197134,24.57771846,24.84441151,25.43895806,,25.35491765,,28.50742095,28.57060645,31.00557916,30.74200564,30.40072825,31.19442288,,28.79172211,,28.76395123,32.04982268,,29.4871353,31.23009423,,28.87966623,,,28.52704051,30.20242314,,28.42535024,11.7075503,14.55850104,19.92801081,18.32639763,17.35861908,6.087223284,12.60364954,7.415485288,9.534530632,9.026860782,10.3138205,7.521052998,10.00946366,12.21216184,10.07203777,9.834272502,10.35944609,11.16273496,9.956318659,15.61954765,11.77112044,12.27858092,10.37721509,12.70208114,12.35802042,10.73830094,19.53298768,16.51524034,18.91443482,14.4852816,15.1434305,17.36683575,19.13524341,27.66456851,,27.51158267,25.58246409,30.5589624
7/1/2009,11.23090518,,13.82927239,21.38454567,20.2144035,,21.39193841,22.96035985,20.81392512,19.74228447,,,20.88231483,22.51085262,23.9234806,21.25896978,24.09651823,23.92318271,24.70480032,28.91058688,24.20263791,23.22948808,26.31049383,25.33834218,25.12857856,25.9155042,26.5069425,26.60549719,26.03672838,26.46915732,26.53482883,27.25759754,22.10902981,26.50003005,,29.63268634,27.19453706,31.97750648,31.61349717,30.86549736,,,29.37812327,,29.19804981,31.39448928,,30.19813838,32.46563177,,29.86353861,,,27.30668005,,,28.52150166,14.22409066,19.32607825,22.33809613,21.79296295,21.48583789,8.951977878,14.80168462,9.003529687,10.62319308,12.40291821,11.65560792,8.507784914,11.37355072,13.49289228,11.11682126,10.43739003,11.14171395,12.37670064,11.1524897,15.74497004,11.09221546,11.37259286,9.466078563,13.5583981,11.91768775,11.19170757,20.65616819,17.58084561,20.15168432,15.18832013,16.06274969,17.55589394,19.02057142,28.01651845,,27.31278901,28.42244996,29.95498737
8/1/2009,12.47296657,,15.65340112,23.62286699,22.75516012,,24.35663917,24.33350865,23.11850164,21.9213338,,,23.55630552,24.880741,26.10582638,23.35435579,24.14179173,24.44122137,25.2813248,29.6588782,25.40145044,24.7463172,28.07258065,27.83852279,26.83326002,27.5944758,29.00251604,28.67515469,26.61418303,27.82818392,27.07826822,28.79246143,20.92830231,27.1646516,,30.17800374,27.70673796,31.59288219,31.25624708,30.55185835,,,30.07152291,,29.75695608,30.41555049,,30.97226341,33.82567069,,30.25920991,,,29.60227326,30.30137681,,28.63297101,16.61903167,19.36879075,22.6912424,23.52666754,23.82932468,10.04390486,13.35838008,9.889212249,9.905391723,12.56629266,12.3901552,8.925157784,12.86413203,13.38057504,11.22374357,10.78037634,11.44558205,13.0838359,11.69150792,16.89479578,12.58899018,12.60942029,10.73098039,14.09884534,13.25040959,11.73401623,20.60109917,17.83162927,20.46433396,15.6249027,15.99423531,,22.00816386,28.32195535,,27.83435016,28.86688873,29.61017415
9/1/2009,12.8887096,,15.44759089,19.68191967,20.01200356,,20.34022189,20.53607231,20.07690821,19.30268039,,,22.46331036,21.98533185,22.16590096,21.86792409,20.98062838,21.28275362,21.95938665,23.09962823,22.80239284,22.08395224,23.02012635,24.13056778,,22.89975626,24.91231984,22.97341541,23.326205,24.12045545,25.04982837,23.02245489,23.2494157,23.890081,,28.10603499,29.30362471,31.25725737,31.34070918,30.43347803,,,29.1744095,,28.39891483,28.83377705,,28.25251505,31.31834639,,27.0523392,,,29.17125365,28.30254204,,28.89814382,17.95821037,20.10898007,20.90998635,21.1450067,20.95347059,10.5761956,12.01963587,10.19428927,9.890672198,12.25441562,11.45253236,8.594248339,12.01472975,12.09693061,11.23257404,10.45346441,11.23921905,13.08431452,11.96064246,16.52295509,13.55775977,13.25881439,11.43574594,14.6495881,13.36684394,12.28386897,20.9104695,17.83911292,20.0743874,15.71240861,16.65490613,,21.86696063,27.95702039,,27.91047947,28.09637575,29.60663556
10/1/2009,,10.85437416,11.49776507,13.76449036,14.99104253,,14.59633638,15.26261827,14.10999802,14.91737034,,,17.49977064,15.98694406,15.57600765,16.99764347,14.6321003,15.18566737,16.45337167,16.62524561,17.81502045,16.98662411,16.29845502,18.10684897,14.73978412,15.75980928,19.30271113,17.20611021,18.63621212,18.87956085,20.58532736,16.24438218,19.80071946,19.83338133,,24.03212368,27.71791513,30.65398276,30.21660886,27.91434693,28.42789342,,26.02140575,,24.53873329,24.26671522,23.16931099,24.13647486,27.13988763,,23.31893982,,,26.48113407,25.19313337,,28.91279929,11.75048885,12.41378627,11.94631475,14.36869174,13.26003547,9.460681181,7.952422117,9.308912058,9.906801637,10.25939702,10.31847448,7.377927436,10.43642531,9.752629277,10.29781302,9.368548827,10.38230344,12.37812519,11.16325742,12.95643385,11.70934523,11.54052318,10.70923147,11.93519433,11.98241509,12.06533556,17.37556259,15.59580002,16.9022524,14.3157777,15.87945385,,18.84771865,28.1516939,,28.16351038,26.81724017,28.8988378
11/1/2009,,9.132721009,9.282342172,10.8991461,11.52842713,,11.63197566,12.10111082,11.40046579,11.84662989,,11.34940357,13.91098533,12.58307842,12.69630725,13.24872812,10.38265713,10.40395169,11.57717518,12.43689133,13.8156864,13.19060277,12.09775165,13.73915931,12.63793366,11.65773234,14.74402494,12.98769894,14.45777833,14.36183629,16.07249914,13.70735975,15.11243638,15.41741648,,19.47160079,23.74548032,,26.58795694,23.56338699,23.72300335,,20.65026184,,18.77756955,18.77928903,19.65357584,18.47114404,20.9096977,18.48102721,18.69321805,,,21.50942249,20.70476222,,28.09017865,8.528872096,8.375237632,8.959620833,10.5797968,9.648343352,6.758304246,0.891871901,6.621008019,6.85780554,7.802091897,7.938357943,5.697208901,7.948170274,7.547151055,9.386884042,9.433985601,9.488264163,11.2129926,10.29056914,10.7236407,11.26458945,11.29799519,11.45246142,11.57386583,11.22649251,11.39754917,14.46982989,13.6371244,14.32954517,12.97532802,14.85434598,,16.88457722,26.93451815,,26.18473712,24.4143012,27.64531875
12/1/2009,,5.298456911,6.342779615,4.26845791,5.928305869,,6.312341281,6.041990782,6.438018174,7.407879324,8.341408206,5.882623878,7.137864701,8.339931042,6.115401531,7.66405238,4.051021798,4.074203483,5.282364014,5.675186207,7.538572931,7.402499203,4.789615623,7.853163144,5.695051184,5.460766644,9.275099739,6.878283124,8.773280495,8.634026999,10.63177615,7.220237623,10.6369946,10.14584261,9.407594368,14.72082838,20.98247449,,24.92812364,20.6015785,19.9624952,12.26003704,15.95713172,,13.74558205,,15.47255135,12.39534651,15.02996804,12.12741032,11.54853321,,,14.71672966,13.21680127,,26.994858,5.201479876,2.334431217,1.810006508,4.62629792,2.857542054,5.19926387,-0.83463507,5.390635077,5.246844893,6.169921708,5.848831449,4.719198587,7.198307782,6.259757671,8.262559531,7.59590101,8.374501517,9.974911477,8.652229713,7.510441096,9.085381065,9.335471885,9.433332893,9.55431855,9.752140723,11.19353069,9.996359631,10.78133298,10.9761925,10.85224328,13.92995189,,15.3931879,26.55147972,,25.09705081,22.88208633,27.74063062
1/1/2010,,2.109063953,3.135973032,0.99293604,1.021920055,3.93889764,2.901292602,3.013220008,2.638197049,3.454910447,4.323064954,2.154431398,2.500755041,,2.533686833,3.326369091,1.883880986,1.667525713,2.3324491,1.400750242,2.975193272,,1.188076296,3.196688347,2.020025973,1.860652212,4.068702821,2.301450635,3.329927287,3.741478436,5.032893916,3.243172132,5.159049496,4.998499348,6.213828406,10.44150171,15.08224312,,20.72157545,16.29075914,15.87721854,9.826602516,,,10.87773375,,13.31895568,10.73953803,13.35609222,10.44380414,10.92672233,,,12.65798755,13.16979692,,26.58804932,2.868735098,1.184212986,-0.489115106,2.060482201,-0.088120986,4.074125446,-0.959164496,4.816979005,5.507614952,5.610949193,5.108293396,4.186334144,6.276580483,6.239740129,7.906728482,7.627328282,8.044475216,9.151404051,7.80265558,8.704648632,10.18437194,10.60192687,10.77702873,10.7748202,11.36518792,12.45811699,9.500966748,10.87195418,11.10560484,11.20829476,14.74260594,,15.20367646,26.51121038,,24.57707212,21.10315372,26.48865843
2/1/2010,,1.021927213,2.670985152,1.02560381,0.510597563,2.660682918,1.954567494,1.992832233,1.605013469,2.073625623,2.834973742,1.185013141,2.016902728,,2.271831928,2.629045081,2.209103702,1.829639622,1.896255233,1.360598528,2.5091302,1.694284659,1.087869057,2.477737836,1.521363425,2.068598793,3.45116022,2.342203085,3.177090156,3.257782609,4.485538504,3.354010996,3.953925872,4.933206983,6.34549429,10.77658985,15.44436439,,21.33214972,17.38536146,17.02485446,10.94984967,,,11.24215397,,13.56898813,10.79071697,10.64488755,10.69445203,10.41460936,,,13.09129595,14.08715334,,26.81683033,2.816370077,1.521519968,-0.398167167,3.43317837,-0.044556174,3.30180546,-1.022347258,4.584056694,4.663383594,4.795126218,4.980689212,4.128011117,5.93051654,6.160366083,8.249158348,8.14813296,8.344702571,8.883876963,7.536976579,9.435694657,10.70127659,11.04307472,11.10905769,11.32085116,11.67462812,12.68229901,11.47021776,12.28919902,12.69251139,12.32519546,,,15.50710381,26.15752181,24.14015246,23.9250401,21.04799546,25.44711923
3/1/2010,,3.137145708,4.126149158,5.694667242,4.010385053,5.321333211,5.281564388,5.42161913,5.166096285,4.901048446,5.114093535,4.677807863,,,7.416115015,5.760301321,7.077953361,6.738537284,7.266574026,7.041826456,7.781532258,6.341289951,7.22962389,7.717746727,7.340662401,8.521920582,8.637338359,7.812084826,7.816714784,8.351010402,8.506818243,10.31744531,6.509495233,9.688534863,11.85983012,14.01652389,16.93401858,,21.93892848,18.76843162,16.98384481,14.76457354,16.6296647,,15.5899865,17.13221136,17.23231782,14.77037926,14.48110082,14.9956524,15.5963341,,,17.04836779,18.85988635,28.1875629,27.34763522,3.135125264,4.118651483,2.382707622,3.105316889,1.61377618,2.6121084,-0.938803073,3.742135225,4.002122711,4.644909701,5.024869649,4.130326497,5.537797469,6.087570325,8.636425718,8.519010122,8.805827626,8.937904856,7.73676402,10.05166993,10.90721644,11.05827906,11.06652892,11.44801251,11.5270966,11.55689519,13.4642805,13.21282532,14.28566545,12.69036689,13.10694965,,15.53094292,25.3599338,23.54225111,23.96514414,20.97023904,26.12076951
4/1/2010,4.714336749,6.001531072,6.621964714,10.83817672,,10.54792333,10.82711933,10.9644983,9.824945175,10.06428328,9.014211704,8.721370325,8.810103182,10.98083729,12.52526098,10.2931819,13.42775278,13.30838889,14.28838887,14.05064411,12.92511111,11.5635779,15.06947222,14.05652832,14.01479692,16.53447745,,15.28763333,14.26614248,14.73984444,14.90708027,16.7862183,11.44386536,17.01840666,19.57154232,20.5057936,22.60573,,25.28832701,24.35098372,21.52779347,21.52679161,21.71862056,,21.86602012,23.06784103,23.00151209,21.72323394,21.3039292,21.51146692,21.57348624,,,22.10854388,23.87509314,27.94335233,27.17923042,6.1786157,9.371123007,9.923136111,9.745453873,8.139245471,3.066112209,0.875301806,4.899308693,5.36701373,4.713899446,6.126141686,5.374475406,6.670296591,6.986515073,9.026943382,9.108166133,9.186612538,9.274687753,7.904605177,10.71325483,11.08421661,11.16093199,10.49666251,10.87684304,10.76844586,10.99893555,15.10554475,13.55063889,15.17958059,12.72671944,13.19540844,,16.22404484,25.85136896,23.76471201,24.21456357,20.90127003,26.80157755
5/1/2010,6.421216865,8.653494624,9.55420173,14.91286816,13.60272908,14.36363213,14.81898387,14.96176411,13.92632258,13.33236366,11.89342567,13.11455755,12.92599467,14.31720809,16.26627674,13.61479079,18.62595617,18.12444892,18.37762471,18.77665381,16.93868981,15.58723118,19.46512097,18.75305295,18.75237903,20.55283565,,20.13002419,19.20759701,19.90761425,19.89404161,21.41393296,16.3975725,21.42277296,24.29040439,25.39634122,24.48813698,,28.834375,,27.99915849,25.28998364,26.64012495,,26.04337639,28.10549322,29.06820891,27.01427957,26.44734105,26.79940393,26.52827071,,,26.8312709,28.04522118,28.25211713,28.26276829,10.77899749,12.79542449,15.0656129,14.36632179,12.87447346,4.489734856,6.771238245,6.441100876,8.271610566,6.965112202,8.326330273,6.885158461,8.769361851,9.160238429,9.61181255,9.414533661,9.939644694,10.19427621,9.029581405,12.57391251,11.89782024,12.32787518,10.29403343,11.44378533,11.25539972,9.713913377,16.80337769,13.81573925,16.43152688,12.34792339,11.07438458,,16.8507515,26.74264259,24.83554815,25.79564049,,28.00057854
6/1/2010,8.734291667,11.24221014,12.74068237,20.16469203,18.75052756,20.04955006,20.53932917,21.09051806,19.73181944,18.62978194,16.93144038,18.53221434,17.73578557,21.03425133,23.57145114,17.98524523,26.19937627,25.62055556,25.19020139,25.86923309,22.30597222,20.93083333,26.86847766,24.7692442,25.86773865,27.37099159,26.81531559,26.97769493,25.65211246,26.17658508,25.32974577,,19.98168698,26.63147343,28.65399319,30.46936375,27.27021739,,31.58655079,,31.25521739,29.75846618,30.2399215,,30.08572796,31.25873628,32.00908479,30.95257707,30.39824275,30.57334541,29.9987362,,,29.4618599,30.52655529,29.13615315,28.62602657,15.78236602,17.71529495,22.09558889,21.6595803,21.09794306,6.048367212,12.03443237,8.061639767,9.694859935,9.819644582,11.3943599,8.455818731,11.36120773,11.85755222,10.22226881,10.34012077,10.6188856,11.24601504,10.29660077,14.5305605,12.31494565,12.67562198,9.562379227,11.90038992,11.73739138,9.949612899,19.96141389,15.79317677,19.00923056,13.12824861,11.81556159,,19.44042435,26.98355072,25.33861715,26.50126812,,28.75330314
7/1/2010,11.04277151,14.96547744,15.65173757,24.23399234,22.49052308,23.5877449,24.2573172,25.15764382,23.20414113,22.21688382,21.0894799,23.03488496,21.59288214,24.46539855,26.61764119,22.17329304,28.9763629,28.54339645,28.1589879,28.64427362,24.25537518,23.1720088,29.19103647,27.86639873,28.18575579,29.2428207,28.09068198,28.58419273,26.76915404,28.06166573,25.29118771,29.53411125,20.18039243,26.84922967,30.0125935,31.2074793,28.27323749,,30.49954149,30.52063482,30.35984981,30.5216281,30.42717649,,30.60890591,30.58531774,30.37614072,,30.601048,30.73270422,29.72176977,,,30.20915732,30.57359904,29.27184181,28.44409249,17.63022177,22.58055207,24.32118939,25.20466758,24.62564247,8.728406738,13.16956522,9.786834078,10.62532688,11.49282694,11.78073919,9.028853723,12.12117812,12.75919466,11.45328424,10.57627279,11.17447698,12.4409674,11.39338815,14.60047335,10.56265275,10.82641725,8.517315334,12.97370986,12.09263648,11.53626881,20.01537903,16.89555517,19.49327554,14.43929804,13.25683146,,17.96486304,27.55261714,26.03177568,27.05146468,,29.13438098
8/1/2010,12.38655108,15.26180323,16.4483871,23.1759993,22.17386629,24.04441115,23.73771628,24.25541421,23.08565025,21.85829887,22.0363307,24.12542858,22.87497662,24.17277934,25.02953508,22.68927069,27.04429973,27.24314165,27.71328459,27.59101216,24.85316328,23.17411492,27.70315101,27.95398416,27.4878078,27.65146692,28.00126239,27.90461425,26.03674848,27.95803156,24.97824291,27.5629819,23.17996494,26.85226741,30.30882422,,27.80493806,,31.41381403,31.02252221,30.84964353,30.94634759,30.82137097,,30.63834995,31.03790254,30.92387798,,31.26356942,31.71045943,30.51277174,,,29.92860991,31.53950898,29.94193867,29.24353086,18.88361958,22.31403953,24.18475579,25.32717736,24.53418659,10.05583459,12.70337562,10.55884281,10.6309451,12.59538814,12.27484859,9.402582983,12.35885344,13.15625877,11.38136767,10.86891708,11.4051054,12.97645937,11.72323784,15.61828541,10.82919642,11.1478994,9.510327681,13.67371435,12.23255663,11.1087424,19.49794127,17.15924147,19.30985525,15.09966556,13.11229547,,17.26449493,27.32322453,25.9015789,26.99265587,,29.29109099
9/1/2010,12.81333999,,15.72915396,20.63259685,20.72195448,21.58004369,21.61418708,21.82897615,20.87032956,20.0944191,21.14064447,22.07203292,21.50518757,21.83210093,22.78252683,22.95348792,23.32756648,23.38198171,24.91247974,24.14457729,24.48633202,22.927353,24.2752588,25.1221682,23.98026734,25.06138348,25.08845702,24.70346132,24.9749324,25.74108042,24.70486558,24.79037522,23.82818961,25.09419945,27.76991063,,28.60428387,,29.86549575,29.58653416,29.30203534,29.76407522,29.58941621,,29.36584711,29.35040383,29.46565873,29.18716749,29.42184092,30.30843568,28.35785579,,,29.33715964,28.68416342,29.88619651,28.67777001,14.12436395,17.66688789,19.47223023,20.93546378,20.03727483,10.31936798,12.00153225,9.941533048,10.79813812,12.61005163,11.29392575,8.727355245,12.51510001,11.93713222,10.71637181,10.01993522,10.8722607,12.79475362,11.79066771,15.46565978,12.38423513,12.4978584,10.50210357,12.6786911,12.49444543,11.2883342,20.15152127,17.19146342,19.61955795,15.01562238,13.44654469,,16.54643568,27.72786146,26.21831279,27.24727304,,29.32426818
10/1/2010,11.77057435,,13.32040461,15.20352384,16.25053763,16.76359761,16.55258737,16.59368817,16.0748172,16.19494086,17.18085607,16.91552425,16.85155082,17.07392473,17.16098656,18.00431276,14.84775269,14.91217009,17.26771909,17.54243379,18.5913172,17.28596482,17.28189516,19.35905001,17.21928825,17.90990562,19.1375717,18.24097709,19.05250509,19.61801075,19.45822344,18.25172978,20.05871212,20.02139715,20.47256683,,25.99769752,,26.94264224,26.37526882,25.45078308,24.86733871,24.78601566,,23.93031139,23.77326438,24.47364125,24.18943002,23.99576905,25.50356475,23.6777057,,,26.39699626,24.88744231,29.69327957,28.09330678,11.48826075,12.86792876,13.64796371,15.28780341,14.5021856,8.747006582,6.657234689,,8.427502231,9.943344915,9.926525777,7.151456182,9.887546371,10.13865708,10.12352788,9.497986375,10.38709677,12.24475624,11.18551369,13.34941074,12.47069308,11.30518934,10.61992382,12.01830879,11.93024778,11.53182328,18.51848253,15.94756545,17.80296909,14.40140159,14.25136693,,18.64580252,27.81588465,25.82572464,26.80884175,,28.68276064
11/1/2010,9.890281065,,9.303509144,9.26569846,10.47901506,10.79460397,10.67687512,10.48524817,9.972770833,10.8333849,11.95151561,10.96725141,10.53082132,11.10202295,10.83170972,11.97998986,8.810656824,9.150228865,11.93965894,11.48545778,12.99364817,11.2070785,11.247093,13.58237832,11.4966163,11.58890344,13.12179064,12.03678481,13.10765901,13.81589756,13.64118895,11.82728303,14.44153703,14.34235548,16.37966842,18.88745112,22.55221609,,24.56449209,22.77013925,20.75927709,20.93972318,20.62641722,,19.57896747,19.17460957,20.43272918,19.00468477,18.42352646,19.67270184,18.02426846,,,21.41864275,19.90391975,28.10539424,26.56303638,7.150398896,6.964714734,7.4794,9.717478727,9.054060749,7.096020531,1.499526596,7.017411836,7.551439786,8.065221705,7.950405672,5.873400539,8.18015528,8.037730224,9.223701377,9.31043421,9.315653491,11.02277524,9.963412415,9.938515589,11.30292973,10.96733592,11.00513701,11.55073671,11.12252761,11.43922117,14.67386727,13.97651856,14.78500809,13.71607874,13.2112435,,16.32165252,27.42880029,25.27509563,25.58591623,,27.88211556
12/1/2010,7.663598268,,6.150502571,3.153705837,4.303232485,5.235127396,4.998981358,4.336455645,4.278959375,5.77677618,7.043495792,4.931829099,3.573600208,5.35911641,4.156387145,6.529641362,2.376595664,2.312770464,4.458897877,3.30114827,4.751450444,3.62513053,2.392442411,6.65530914,2.529219264,3.172032642,5.064578366,3.439164171,4.818909946,5.822983871,6.229256829,2.89132238,7.841269285,5.887891333,8.862874538,11.62630568,16.70656265,,20.07946122,15.88336372,12.87000058,12.53557525,14.34281206,,12.33208309,12.85311725,13.56321879,13.12436485,12.95538856,13.51973118,12.82142462,,,17.67854722,16.74711073,26.78994964,25.51756024,2.748211022,1.257640888,0.133239247,3.48242701,1.237021447,4.835366463,-0.945369544,4.768952986,5.523229313,6.259747546,6.208638276,4.564903344,6.798653258,6.86885333,8.164667007,8.111731366,8.261816269,9.746707255,8.988483297,8.251053512,10.20628799,10.30248948,10.7022382,10.39113009,10.86547133,11.8137118,11.00792917,11.42797686,11.89408281,11.60486957,12.33190265,,14.24093406,26.71613237,25.0172978,25.15539972,22.25095833,26.94028167
1/1/2011,5.270700982,,3.378430341,1.202650453,0.990035136,2.375707106,2.355716398,1.986827957,1.873973187,3.333786583,3.747348181,1.499920933,-0.357064079,2.013072698,1.413020313,1.785581052,1.064892473,0.831747312,1.837617933,0.225475125,2.671532152,1.291073371,0.229500561,2.101528629,0.69095359,1.255483297,1.602122392,1.551979993,2.619227092,2.587885694,2.66873539,2.483658652,3.899918186,4.784642356,6.061903927,8.88323204,15.98239247,,20.36297394,17.8944766,13.53670524,10.81463885,11.99399252,,11.19921973,11.97633954,13.10781429,11.07988755,10.60680437,11.15819335,10.98268467,,,14.06732118,14.63027902,26.14099462,25.00423095,1.501674182,0.389041301,-0.631553641,3.240045651,-0.027889474,3.543022972,-1.062243402,,4.415830996,4.545947554,4.868192337,3.094337307,5.861366293,6.391817013,7.692158082,7.443564219,7.700652918,8.671454269,7.656514785,7.426300444,9.685082239,9.86749065,10.16754074,10.42719729,10.19230365,11.13214119,8.96231586,10.61998364,11.10819028,10.78619156,11.82623783,,14.2833089,26.25026882,24.54888382,24.74582983,21.00426601,27.04960846
2/1/2011,2.866929756,,2.146312112,1.245319264,0.521885513,1.568146998,2.085635417,1.769804607,1.404220497,2.33990051,2.539068088,1.431149737,-0.388907515,2.230759458,2.832735254,3.221169772,2.386933036,2.257009576,2.691134852,1.93069167,5.250580357,3.055684524,2.379306233,2.845113636,2.415877364,3.322731337,3.02655493,4.514651786,4.870578481,5.209792608,4.579974826,5.853843924,5.022756766,7.701592085,9.606659373,12.08192288,18.38029891,,21.98138632,,16.74086051,13.47450769,14.08271692,,13.08410785,14.64895257,14.83170525,12.00837893,11.85671436,11.53613678,11.64476873,,,14.5242883,16.51824136,26.59156138,25.12169488,1.253855543,0.925415828,-0.570901786,2.800739777,-0.054299994,2.75235919,-1.171366813,,3.951733954,4.598337804,4.604016093,3.09274186,5.151271645,5.643606484,7.447811635,7.211393634,7.519436994,8.243212404,7.059430071,7.362842909,9.307466356,9.324931183,9.294688147,9.751580524,9.535533126,10.80002588,10.31602663,11.03970203,11.82158279,11.00310268,12.14699171,,14.31559912,26.71360637,24.88284808,25.64964003,18.94599038,26.03207816
3/1/2011,2.553619735,,3.809383026,4.812903226,3.534730014,4.339650538,5.205196237,5.064919355,4.450148094,4.463985215,3.955645161,4.411689966,4.114846289,5.596370968,6.883051962,6.412342564,5.2695,5.054390327,,6.709190494,9.270944367,6.938037634,7.28693899,7.85192514,7.328907014,8.844686828,7.537699573,9.535044355,9.349818548,10.30994624,8.605989949,10.50862234,8.220906895,10.45963067,15.1030914,17.14327957,20.58367154,,23.99489358,24.32572464,21.02177377,19.00967742,19.61712249,,19.07693829,21.55094086,21.13454301,19.56258553,18.8561828,19.32541544,19.65108558,,,20.20024544,21.81103957,26.40952548,26.07670032,1.062950322,1.125927419,0.894342926,3.997080645,0.928628953,3.026694717,-1.191183008,3.556316271,4.286803519,3.885153959,3.675119457,3.235471652,5.041788856,5.838988057,7.3271176,7.320967742,7.546575503,7.93670683,7.059244974,8.191801075,9.767302053,9.759750733,9.821849481,10.0754266,10.27081413,11.48365475,11.49926636,11.79311068,12.75462879,11.53820125,11.28951613,,14.41154745,26.53266129,24.35134409,25.42553763,20.62728495,26.73788357
4/1/2011,4.248057239,,6.412910157,9.249890755,7.355102657,9.135329381,9.385194823,8.634006368,8.099141035,7.607695833,7.096038647,8.505748086,7.805175121,9.169076087,10.78495896,9.229408213,10.38108635,10.0979529,,11.23145027,12.81068237,10.68067633,11.95451087,12.82772296,11.94473704,13.21432367,12.29528392,14.21625,14.11155797,14.60729469,12.80378074,16.20903037,10.87047101,17.34339537,18.83654205,21.14738527,24.7067814,,27.55682164,28.20883893,25.10931159,22.59296498,23.68555556,,23.53051093,24.83095411,24.45689614,23.56566385,22.70694444,23.35653382,23.19949286,23.98377193,,24.32693621,24.84593367,27.3456099,27.31984058,1.920381944,5.829793056,7.15779697,8.250186111,3.86478254,3.154163059,0.446409295,4.727167874,5.713550725,4.487194225,5.172060277,4.831576087,5.802023966,6.489805116,8.066295564,8.110785024,8.257614734,8.241531621,7.239559179,9.846595066,,10.52479469,9.709661836,10.38293753,10.41470411,9.633557861,15.03085592,13.27342572,15.22318696,12.12873496,11.03895531,14.06474034,16.31759442,27.18756643,25.25249067,26.44800725,21.78591184,28.50653656
5/1/2011,6.285986442,,,14.1915567,12.90873656,13.97163978,14.97021652,13.92764727,13.76995357,13.12716129,11.18994539,14.03629085,12.95232904,15.060554,16.63290347,15.19987781,16.74789516,16.55780154,,18.87303201,18.75382772,16.04883548,19.57047686,,19.37768817,19.73993438,19.36743548,20.72849462,19.60871903,20.93976993,18.10161875,22.08497599,15.25094086,21.24185367,24.03137564,25.44771505,25.46747312,,29.12195535,29.64497429,27.24395161,26.06719261,25.94865591,,25.91374234,26.56894577,26.35965989,25.36427073,24.15826812,25.27341632,24.81421604,25.30082876,,26.20085905,26.36070169,27.68975998,28.09138665,7.077094941,11.16545238,14.02447336,12.75991883,10.11520675,5.178650283,6.624853904,5.918558481,8.631659335,6.663844086,7.540378363,5.947690616,7.53862202,8.114891097,8.842773599,8.900403226,9.151063581,9.054349951,8.128211781,12.68824217,,11.40142962,8.992490119,10.40628055,10.72844787,9.304276637,16.6069328,13.81794355,16.23640451,11.97342537,11.0504521,14.60241935,16.97340637,27.41534702,25.46762506,26.39164914,23.19801893,28.5452107
6/1/2011,8.446727053,,,19.17650362,18.01650966,18.8,20.63898464,19.54603716,19.20965074,17.84557624,16.14990942,19.13375,18.29604578,20.46116546,22.36256351,20.43735507,23.1242875,23.19030797,,25.23680347,23.31974034,21.21589976,26.07647343,25.18394714,25.22314614,26.34556818,25.28585584,26.26105676,24.70012077,26.05375972,22.97540184,26.51791667,19.69470136,25.50374482,28.80246981,29.64946946,27.9959563,,29.74628339,30.27621465,30.19315217,30.50434783,29.76736111,,29.97766667,30.85044579,30.42164251,29.82881343,,29.64228261,29.24929952,29.16240338,,28.80701087,29.36638031,28.65467062,29.60649222,12.41877525,15.47840086,19.9225,19.91753233,18.41258333,8.029788098,12.09107708,7.72785316,10.28724034,9.031443237,10.08677471,7.340169082,9.25647343,11.68946305,9.903141038,9.765012077,10.09254227,10.41606108,9.527951487,15.25775582,,12.40163043,9.574130435,11.63284867,11.75971014,9.789667874,18.79436812,15.24690278,17.94602047,13.05743056,12.20068841,15.29375604,17.56882842,27.0142029,25.34966184,26.4930314,25.97570652,29.4953442
7/1/2011,10.47674731,,,23.32567204,22.20388563,22.85658602,25.25320827,24.10746941,22.72217742,,20.13421576,23.01886342,21.22839475,23.96670757,26.28850327,22.3244868,26.72067754,26.5145395,,28.22595027,24.4756662,22.89154979,28.87473118,28.4362372,28.2688172,29.32638243,27.9230949,28.7625,26.31677739,28.16128945,24.91607747,28.60902291,20.62318646,27.38715362,29.62486559,,26.78104839,,31.17702371,30.51449275,30.69301075,30.70398391,30.39677419,,30.34540526,30.56252922,30.7939633,30.32461903,30.63834541,30.67371435,30.02664797,30.03049906,,28.78348694,30.01401237,28.81481417,29.23868619,16.17379032,22.83688905,23.47238195,23.12573714,24.1462781,9.114619649,14.32587977,9.656597709,11.58647012,11.25365865,12.65414239,8.558876812,12.38110683,12.93395833,10.52050608,10.29395161,10.73300023,11.79359726,11.07168069,16.22262155,,11.91884642,9.04786115,13.12089002,12.50405566,10.20653715,21.09748925,16.67442204,19.35572984,13.94010753,13.89189883,16.96935484,19.68007087,27.29153226,25.85201613,27.29080178,26.7639977,29.38695068
8/1/2011,12.10482702,,,23.85994624,23.38534946,23.71298876,25.67580645,24.38009409,23.12132422,21.86367023,21.35490884,24.94998778,22.65400304,24.2811828,25.75531306,23.9078341,24.40806452,24.60961898,,27.08477314,24.97021388,22.80782392,27.15577957,27.65754839,26.83037634,27.77982831,27.57150538,27.65177069,26.63059841,27.90988464,25.00828482,27.31666667,23.24845168,27.41759259,29.91420056,,28.59919355,,31.52505452,31.40476827,31.16397849,31.53804985,30.78654161,,30.7629328,31.98804888,31.77307163,31.5993539,32.107087,31.75548153,30.80328341,31.01799322,,29.77150538,30.66965204,29.09916061,29.40274328,17.95919716,23.37110215,23.78226391,24.70978936,24.37366935,9.559469545,13.43480014,10.42820652,12.63542999,13.73222141,13.10296868,8.65312724,13.10268817,13.02419355,10.93563889,10.82855572,11.07497662,12.57359787,11.59857994,16.38886746,,11.6983871,9.159860704,15.33903865,12.7457919,11.03413978,20.48781452,17.32592742,19.71215591,15.14240813,14.31733871,16.58978495,18.5890805,27.72204301,26.07526882,27.25362903,27.73346774,29.33471833
9/1/2011,12.50900362,14.14960749,,20.92363304,21.51457126,21.5085101,23.56111111,21.55305556,21.03902778,20.33191537,20.21939394,24.99334574,21.92877525,21.12819444,22.69471535,22.95960749,19.05528889,18.99611111,,21.7298721,23.83888889,22.01,22.60402778,24.26607132,22.46573232,22.5651322,24.15597222,24.12333333,24.49777174,25.28600242,23.89102657,24.17041667,22.65948068,24.71988636,26.56666667,,29.33319444,,30.73265705,,29.10583333,28.36670729,28.29944444,,27.44938005,27.286848,28.15285013,27.61953056,28.15225479,27.82192029,27.06954672,27.93679293,,29.41569444,28.65761473,29.64433575,29.83223194,15.62239648,18.53541667,19.14438131,21.10382083,20.97884583,9.860137242,11.32653052,,11.50947464,11.87570746,11.23326735,8.491666667,12.32883333,11.96366052,10.76423913,10.30986111,10.90059783,12.57017857,11.45370029,15.39865597,,11.79181034,10.33137767,12.86838941,12.42819444,11.62166667,20.2854,17.28663889,19.5649125,15.24418158,14.75305556,16.35646739,16.68944444,28.0840157,26.45971014,27.90058575,27.31611111,28.75729029
10/1/2011,11.84736989,12.41089409,,17.33504609,18.69183333,17.69686663,19.4662985,17.50958708,16.9457478,16.8286676,17.36056111,17.8001801,17.90768945,17.317777,17.98571017,19.5708608,14.36188546,14.39847229,,17.21701563,19.98917277,17.83908275,17.02391304,19.82549661,16.75107527,16.87086532,20.0004741,18.05756194,19.54329709,19.70635776,19.36416118,17.74624427,19.48610686,19.2651122,22.87743222,,25.8838874,,27.02706481,25.57896671,24.12437401,23.51047325,23.96117929,,22.88122937,24.56307274,23.65864631,23.83509707,,24.00944002,24.20967636,24.28053997,,25.99337967,24.66066919,29.55968008,29.57252378,13.31985016,14.45480303,13.30504223,14.90501709,14.82402384,9.253600144,7.263861995,,10.26058538,10.32376621,9.854503345,,10.27245208,10.09907496,10.07679995,10.14771096,10.30256898,11.99500876,10.90702831,13.76557095,,14.73704811,,13.56350355,13.10124984,12.42509683,18.79107165,16.86456872,18.5938816,15.42489972,14.3941758,16.0808906,16.39313932,27.9486975,25.7621142,27.02379054,25.70330953,28.5622914
11/1/2011,10.07101522,9.73969697,,10.90330517,12.04666667,11.2652399,13.86194444,11.33897649,11.34486111,12.25904028,12.38825604,11.97171607,12.1728431,11.62861111,12.32111111,13.82122549,8.845416667,8.62192029,,10.9965622,13.64320862,12.31065892,10.66386364,13.94265922,10.95069444,10.33707104,13.12219444,12.23986111,14.09465278,,13.89753623,12.2211087,15.05957345,14.77405664,16.52434524,16.94182842,22.43589976,,24.81514473,22.87811111,20.58605144,19.11625,19.63792929,,18.35850202,18.88288981,19.91045768,18.55896525,19.14187043,18.97795894,18.19242063,19.31625,,21.66558081,20.32719543,28.75899758,28.5353788,7.569922425,8.648460187,7.491428571,10.12370586,9.171730556,6.741749814,0.264403523,,6.546805556,7.732007576,7.537133838,,7.853472222,7.785844203,8.86898088,8.436454678,9.070831557,10.86451871,9.723390897,9.612023025,10.98606322,10.38154389,,10.24577624,10.63380185,10.87472222,14.08875,13.49402778,14.3100875,12.87380556,13.28931991,15.53301768,15.73251208,27.1658046,24.52165792,25.36132559,24.2550463,28.04706643
12/1/2011,8.212526123,6.999775809,,8.344354839,9.276209677,8.930913978,11.58467742,9.050138659,8.914919355,9.66318601,9.984543011,9.239552786,8.72270921,8.848387097,9.839887729,10.9233871,6.026081989,5.847002104,,7.675909946,11.25816061,9.574067894,7.300500978,,7.405510753,7.660682063,9.564217172,9.267607527,11.07964586,,10.93091451,8.751759531,12.3469697,12.1047043,13.46209677,14.71223118,21.57339878,,23.18744203,21.26384409,18.53104839,16.17553763,16.55948617,,15.28470577,14.51847401,16.21393475,13.97817608,13.96008065,13.98098995,13.19798387,14.14865591,,16.40649252,15.7770515,28.02420052,27.2848172,4.074352395,3.362629703,3.132012091,6.445093093,4.641255376,4.948411535,-0.903560955,,4.840713587,5.372169663,5.642595308,,6.417900782,6.685635811,8.089711632,7.84976784,8.239612135,9.538370203,8.270012082,7.392069892,9.148036466,8.722446237,,9.561155914,9.411220196,10.66378299,9.855887681,10.93435484,10.97718548,10.97544758,12.37204301,14.88146383,14.61008065,25.58655914,23.6837015,24.05510753,23.17540323,27.19072581
1/1/2012,5.529401703,3.116259267,,4.281586022,5.079802053,5.563575269,7.818145161,5.157795699,4.961693548,6.312577864,7.1957223,4.845710537,4.532294721,5.684098878,6.213715126,6.703714565,2.906854839,2.872983871,,4.00764633,7.623869624,6.081997733,3.647530176,5.626369682,3.783198925,4.27793117,6.183432679,5.964247312,8.194161992,,8.149596774,6.0735911,10.28285444,9.522066386,11.49225318,12.5681696,19.53641896,,22.22414975,19.32778284,16.81157667,15.56379032,16.0094086,,15.6672489,16.06102151,16.71656837,15.34092508,15.26169355,15.16809841,14.60391007,15.02275649,,16.53786065,17.30147849,,26.27972055,1.644831378,0.959993303,-0.235055145,3.646854812,1.319201206,2.316422287,-1.04611437,,4.427113881,3.983,4.4110826,,5.499462366,5.532365758,7.491935484,7.180034213,7.553506843,8.486081841,7.108023215,6.94865007,8.744738863,8.982246377,,9.734204067,9.940860215,10.49892473,9.41136641,10.61341398,10.81454435,10.63999462,12.3122434,14.82499947,14.43104839,25.81612903,23.97777689,24.68315005,21.59422043,27.21039037
2/1/2012,4.202566272,2.012545274,,4.601730385,4.55655922,5.472372904,8.015644421,5.060984848,4.959195402,5.855601476,6.440683068,4.765352145,4.41311049,5.787808369,6.909456635,6.454924242,4.711842309,4.547445027,,4.827670977,7.707519553,6.358880225,4.959879719,6.135048754,5.291810345,5.935453251,6.362279656,6.871551724,8.050947822,,7.680191154,7.193965517,9.026511744,,12.3122223,13.53994253,20.56366174,,23.79528804,21.75,18.67442529,15.81512726,16.68930251,,15.77006626,16.7933908,16.58538218,15.03404595,15.36795977,14.78491379,14.80678945,15.08343596,,16.69037356,17.32498625,26.39879662,26.36978879,1.600812629,1.129861111,-0.070543887,3.568119628,1.299297484,1.654871996,-1.130323475,,3.611899164,2.690373563,4.092105652,,4.833658171,5.592998955,7.308482934,7.16795977,7.378996865,7.941040275,6.719617578,7.554941279,9.079734565,9.384051724,,10.08329585,10.03211746,9.83372064,11.21426862,11.46313718,12.46587644,11.05544397,11.69523988,14.74083356,14.73002979,25.68505747,23.49368441,24.40057471,21.26499818,27.04352824
3/1/2012,3.909126134,3.287240316,,7.695430108,6.924817672,7.910694444,10.47784258,7.857546083,7.472140762,7.423961441,7.667628166,7.227616573,7.040017107,8.556363955,10.8119152,,10.4311828,10.17755376,,9.892471036,11.72228021,9.878062317,10.56680108,10.59307527,10.0169238,12.49611022,9.799030073,12.30107527,11.90275766,,10.09936869,13.80060684,11.21657795,13.68916535,16.91008065,17.51263441,22.96605223,,24.94821729,24.3370734,22.95336022,20.65971582,20.95954301,,,21.89066356,22.22529634,20.75824113,19.93781769,20.271093,20.55854424,20.1277057,,21.16732118,21.87829835,26.57708997,26.61978243,,6.385495559,5.130645161,6.659229897,3.732130231,0.47244187,-1.142271147,,3.974040817,2.950443042,3.907554746,,4.619985975,5.505570785,7.34440546,7.280742913,7.460663601,7.671050831,6.467242844,7.721990947,8.659077628,8.876146062,,9.308613838,9.420033069,9.281683773,12.34252707,11.56817789,12.79404396,10.766348,11.14434262,13.36115591,13.80394141,25.72177688,23.35694624,24.05753965,21.48583744,27.10005392
4/1/2012,5.276625808,5.938945941,,11.59301932,,11.25667271,14.09006094,11.5487231,10.68652778,10.23141395,10.46759693,10.92392857,10.84130772,11.76569444,13.64357229,12.39153986,13.88263889,13.64888889,,13.76251263,14.95280386,12.57589306,14.3717152,13.23980669,13.68870773,15.90204435,14.4745762,15.24125,14.72161232,,14.96258303,15.27570652,13.8792029,,20.0953744,20.87635101,24.15097222,,26.01614113,25.6170202,24.35407609,23.52833333,23.53680556,,23.65032778,24.21316425,,24.0898567,24.03166667,23.91134058,23.64247585,24.115,,24.7423128,25.24083333,27.10134332,27.72567784,4.15522892,8.849305556,9.249444444,10.11861111,8.157964976,1.548510226,0.598495088,,6.023055556,3.785878489,5.783583981,,6.405618687,6.602891414,8.106326542,8.491805556,8.361603988,8.330142183,7.03424473,10.84474638,10.91131039,11.05393226,10.745,11.26455808,11.17366546,9.989861111,15.35473508,13.38925785,15.24435278,12.00408756,11.2743254,13.77486111,14.81146574,26.29541667,23.91583333,25.12675725,21.94402778,27.49254235
5/1/2012,7.025769263,9.208113392,,15.83145161,,15.58571178,18.76533267,15.22001519,14.94861072,14.44033871,12.87969261,14.99328913,14.86351645,16.10658602,18.11951543,15.44960262,18.32195535,18.00053763,,19.10090188,20.02231183,17.19322165,20.20295699,20.35238834,19.77983871,21.66711148,19.80410823,21.2365602,19.63239247,,19.24312763,21.26142473,17.36312635,22.44311594,24.40793011,24.53616813,26.4844086,,28.37757819,28.74428152,27.51223118,27.37514663,26.88776882,,27.21092368,28.12854722,27.67937439,27.1722313,27.25107527,26.88126044,26.45833333,26.68215007,,27.23923842,27.3297043,27.7348862,28.31202191,8.663673021,12.96075269,16.11303763,14.9995139,14.23198925,2.831387331,6.19791587,,7.872201857,5.901743821,7.024499781,,7.645295699,8.05531487,9.274841153,9.612273684,9.504015789,9.528095117,8.186827957,12.81929374,11.2577957,11.50338889,9.167741935,10.55872434,10.72795699,8.963885498,18.48985215,14.89968794,17.88867339,12.43947715,11.6452957,16.87728495,18.19073324,26.44516129,24.62862903,26.00107527,24.67486559,27.92350769
6/1/2012,9.201358696,11.99989734,,19.71069444,,19.17165404,22.01211111,19.75857151,19.36955367,18.7638942,17.31598595,19.65751976,19.69038895,21.35333333,23.13653986,20.69339372,22.89214207,22.93138285,,24.43275149,24.60832729,22.04239583,25.15442084,23.90946226,24.49093434,25.34251517,24.64837121,24.56316151,23.54416667,,23.03375,23.85610963,21.8482197,24.69674627,26.12569444,26.61958333,27.44873792,,29.29475139,28.90772343,28.04736111,27.73477712,28.0530754,,28.02549369,29.62832729,28.96391908,29.44312639,30.34735672,29.70210145,28.92757373,29.22521618,,29.47529589,29.60372076,28.85252964,29.48666944,13.59091667,17.92666667,21.57875,19.65717172,19.95194444,5.957783816,11.41535354,7.49736715,9.316268116,8.978677536,9.218477633,,9.745086188,11.04213768,9.546325209,9.661733092,9.947669082,10.627343,9.284903382,15.12324879,12.457343,12.88844203,9.625875604,11.02910628,11.1749451,9.583943237,19.78292222,15.86608394,18.92237639,13.26385278,13.02309696,17.60036232,18.68242699,26.74805556,24.86236111,26.15041063,26.54871981,29.34955808
7/1/2012,11.64365358,14.30545263,,24.58508065,,23.34973118,26.05808895,24.32058873,,22.02562325,21.26614823,23.20812212,22.19875697,24.25821061,26.2547619,23.72270283,28.85917819,28.28179874,,28.28188933,27.12736175,25.01290323,28.60387865,27.63518391,28.1176564,29.25680401,28.31965288,28.88269552,27.42557429,,26.77515885,29.28061488,24.75542991,28.47264326,30.53346774,29.71096891,27.52076002,,30.34459922,30.75215054,29.82739014,29.85274578,29.9145556,,29.8303814,30.1961081,30.23732719,29.87973314,30.72730303,29.79676251,28.74301288,29.5290022,,29.70210166,29.25374424,28.8695901,29.27878788,18.45603086,24.37615124,25.00282258,24.86882942,24.67158135,8.58592131,12.94930193,8.941624697,10.41371977,11.40129521,10.77494847,8.336588713,11.13980415,12.17499787,10.70390901,10.557087,10.76825938,11.96836988,10.80936982,16.55988514,11.75109971,12.37497905,9.63714565,13.86116685,12.37140762,10.20388297,20.70991609,17.06175257,19.98502175,14.63340737,13.91544477,16.1289446,19.00944951,27.76419631,25.23720196,26.60340909,26.76722715,29.49505132
8/1/2012,13.36111926,15.88266129,,25.38393206,23.63552632,24.95174731,26.93373656,25.29039829,,23.62539247,22.92841519,25.09811828,24.0199456,25.10067204,26.71545699,23.59301075,27.38024194,27.22322347,,27.99931837,26.78373656,24.42325269,28.25416667,28.09013441,27.94489247,28.30103802,27.97142356,27.5648216,26.47419355,,26.07526882,27.73514493,22.82872678,27.00067204,29.37311828,28.8023216,26.31336771,,30.93817204,30.40437439,29.73182292,29.08481183,29.04676136,,29.36206897,29.31672427,29.75739247,30.10203091,,30.32459093,29.20378558,30.13091398,,29.81102151,29.92607527,29.27022345,29.07137097,18.32062561,23.07755376,23.41908602,23.89171554,24.27913043,10.13671692,13.39375292,9.87829912,10.72866402,12.09312922,12.76814516,8.587231183,13.38844086,13.2266129,11.45398391,10.93763441,11.19477985,12.68924731,11.44641187,16.84131232,11.76496026,11.59613095,10.07092099,14.2901393,12.20923647,10.79035021,20.42727016,17.27221774,19.79882124,15.00708468,14.78776882,18.56061828,20.39610215,28.12432796,25.82949392,27.4140194,26.66034946,29.68475339
9/1/2012,13.74082729,14.56803744,,21.92472222,21.25533816,21.78171662,23.63992754,21.85038647,21.14347222,21.55542639,21.12205918,22.70849638,22.75111111,22.79628623,23.69648002,22.60340031,22.78259717,22.67805556,,24.65129781,25.25930556,22.73513285,24.6396558,25.32659091,24.35902778,24.86693364,25.28616271,24.55569444,24.5375,,24.35887077,24.52286836,23.33416667,24.73888889,,27.33458333,28.2461413,,29.9326872,29.31777778,28.69308904,28.2775,28.3825,,27.70958451,27.78386473,28.23027778,28.49258804,,28.53493357,27.67222222,28.51538647,,28.85555556,27.93013889,30.42179952,30.29673913,16.24668753,,19.88208333,21.21406401,20.99277778,9.704440131,10.1947343,9.756814888,10.78826357,10.80148602,11.47989021,8.601050725,12.3397601,11.88408213,10.93353261,10.47770477,10.89739734,12.60620773,11.48982919,15.30259662,10.80194444,10.97444444,10.5574204,13.88562374,12.31638889,11.49666667,18.98963194,16.79261111,18.64902778,14.912309,14.87708333,18.50305556,19.26138889,28.09097826,25.47707126,27.01707126,27.20110507,29.71239734
10/1/2012,12.90604839,13.12906372,,17.05067204,16.77553763,16.80241935,18.05712366,16.71075269,16.34327957,18.03451701,17.53460145,17.4673913,17.55228495,17.36082866,18.12791031,17.83278401,15.71424731,15.4344086,,18.29267181,19.97836022,17.76088125,18.0839181,19.41973656,18.07937705,17.96140518,19.57335203,18.36491935,18.34543705,,19.49806622,18.37364954,20.18293011,19.08072834,,23.4521856,27.08914605,,28.0436943,26.95537634,25.82685334,24.88091398,25.15725806,,24.28674242,23.65650421,24.3280914,24.22914113,24.57930108,24.14783724,23.07451496,24.42849462,,26.26196237,25.4805,29.801759,29.66182796,10.64101064,,12.55194653,14.8155,14.27298387,8.248778104,5.090515504,8.270902397,8.209895767,9.260308555,9.853384653,6.977316002,10.06854839,9.450672043,9.850499915,9.40907869,10.12242286,11.91858679,11.23591153,11.86008065,10.90115708,11.17339932,11.24325119,12.88830645,11.97465521,12.29164329,18.08548253,16.46456989,17.7741025,15.15856592,15.45430108,19.45153109,19.17909335,28.49099462,25.77162225,27.46903715,25.6912985,29.1797399
11/1/2012,10.94765608,9.903472222,,10.7203744,10.58838109,11.10229743,11.61440217,10.89375949,10.19238527,11.17858826,12.49173364,10.38448781,10.0884058,10.56139911,,10.77647343,8.021851669,7.509890442,,9.797330978,11.77718599,9.679847308,9.620139752,12.12954134,9.921177536,8.987761995,11.55875,10.12230676,10.85853096,,11.46636473,9.640394708,12.64884404,11.2504648,,15.07919247,20.87921388,,23.43529825,21.09192202,19.52166447,18.28814888,19.34266908,,17.76706522,17.65567633,19.05331467,18.67300204,18.91186853,18.84710474,18.48622365,19.46126208,,22.29252375,20.42747585,29.50572464,29.06777778,7.063007952,7.699027778,5.437916667,9.891870328,8.283616546,6.050387399,-0.413828048,5.7904432,5.281850571,6.961427317,7.14417843,4.409777888,7.574450169,7.372928195,9.138980331,9.686305367,9.496400966,10.95708953,10.35659969,10.69802866,11.94292545,12.11727053,12.21334541,12.3416302,12.44811249,12.25735782,15.51448533,14.6305151,15.5643561,14.12385761,14.55623188,16.60398715,17.17761254,27.35347222,24.95987209,25.79131039,23.9273957,28.69786067
12/1/2012,8.047376642,6.407772324,,7.580058651,6.943521824,6.953897849,7.788131136,6.947446237,6.4625,7.81129792,9.074596774,6.923525224,6.797492987,7.531802244,8.145491918,8.371614816,5.946042801,5.059677419,,7.114884409,10.06948925,8.065378363,6.687679965,8.228371701,7.460485465,6.935454545,10.2036055,8.240894216,9.176867816,,9.579575736,8.62752204,10.71763568,10.82076002,,14.39865007,20.6061828,,23.44784333,21.10734572,18.71979124,16.68152758,17.83351662,,16.53630952,16.17446237,17.4375935,16.19591863,16.49601964,16.43088476,15.45603617,16.69553296,,19.27088221,17.73333333,27.73101917,27.39879032,3.487441142,4.459543011,3.030932666,6.67565457,4.672825853,3.949034171,-0.844868035,3.384794296,3.949865591,5.365494709,5.1772594,2.647311828,6.385828658,6.38266129,8.557578414,8.910957754,8.641974462,9.940495771,9.118010753,8.525888266,10.57392473,10.77123656,11.28141655,11.67806218,11.31478495,12.62688172,11.61413014,12.94110215,13.03137769,13.07181279,13.94883389,15.93136274,15.77772557,26.15359981,23.72311828,24.66774194,21.69284842,26.98185484
1/1/2013,5.039951762,2.317399273,,3.463819248,3.079698457,4.264784946,4.423544881,3.164554531,3.612915445,4.54348428,5.864820009,3.690909091,3.729924242,4.866801075,4.65323165,5.046774194,3.209735858,2.265860215,,3.144544642,6.865188172,4.981411237,2.789916167,5.338806452,3.874425709,3.857139541,,5.363575269,6.813477517,,7.118834736,5.747276021,8.358134642,8.538294233,,12.8016129,20.41931811,,23.25251613,21.43891421,17.80364338,15.72005248,16.41223118,,,14.50604839,15.72795699,13.00444722,13.01209677,12.6561828,12.45705034,12.56692964,,14.49879032,14.27343969,26.66135089,26.34892473,1.835993349,1.381586022,-0.382782056,3.779417835,1.130733909,3.143901143,-0.964437012,4.169915849,3.63077957,4.447214076,4.935762554,2.646546283,5.618328446,6.176624591,7.873826979,7.946370968,7.954124416,9.061323033,8.301515152,6.758238238,9.341666667,9.393595138,9.771370968,10.1016129,9.488172043,10.51752199,7.976350923,10.46477151,10.56836449,10.57473107,11.84351871,13.43404628,13.59043361,26.15241935,23.6255201,24.0508532,20.64739736,26.77084502
2/1/2013,2.77589479,0.764991177,,2.946683673,1.394266814,2.671279762,3.40014881,2.391815476,2.437226732,3.464502135,3.907150503,2.023691636,1.987477649,3.422395539,3.629166667,3.433333333,3.106507035,2.112418831,,2.370485654,5.59881717,3.818317688,2.391220238,3.859756729,2.742255435,3.892618502,,4.786020139,5.684266775,,6.135019509,5.601263915,7.537310018,8.410555927,,12.69549042,20.71948551,,23.4492638,21.22157738,18.21950299,15.67232143,16.82008929,,,16.0632117,16.63212992,15.82481548,16.08509779,15.97298784,15.36889881,15.99908597,16.11029942,17.39732143,17.90737401,26.64103908,26.18392857,1.560443723,1.197225555,-0.886622856,3.065089286,-0.039673695,2.681263528,-1.051036373,3.504483696,2.968452381,3.943530021,4.594642857,2.627219203,5.252083333,6.028779644,7.694042914,7.668630247,7.827555054,8.454667208,8.058779762,8.206774068,9.375498188,9.341815476,8.629017857,9.300595238,8.947211439,9.541923701,10.48952462,10.98274392,11.92014286,10.54014137,11.42145445,13.9536352,14.08520551,25.68154762,23.24375,23.74627976,20.97151268,26.63145704
3/1/2013,3.047635365,2.296867695,,5.94516129,3.573241,4.091397849,5.419670407,4.441450444,4.071639785,3.946541725,4.382815356,3.840477708,3.488978495,4.782240533,5.628390573,4.926414212,6.204498172,5.013306452,,5.993573925,7.660080645,5.225024438,5.528091398,5.70048717,5.660080645,6.559901823,,6.539650538,6.589112903,,6.563318139,7.480584066,6.466678886,8.630744507,,12.90122137,19.57983871,,22.30432632,20.13709677,17.10717041,15.38380084,16.43051075,,15.95563029,17.13373656,17.50739247,16.73449084,16.94000701,16.84666463,16.35476221,16.84320147,16.88675199,18.68454301,18.7559161,26.96069903,26.98467158,1.277798143,2.058572931,0.280867551,4.415585215,0.491392432,3.235027733,-1.073369034,3.466935484,3.627419355,3.967994815,4.560939008,2.951057737,5.498708509,6.131586022,7.7684646,7.680890603,7.89811828,8.356199796,7.697446237,8.868951613,9.732839262,9.725592354,9.027773705,9.597043011,9.406697055,9.434225075,13.86419302,12.40206989,14.18408065,11.1760457,11.94284712,14.75537634,14.84744624,,23.59578074,24.40951379,20.76491935,27.28453094
4/1/2013,4.109213988,4.648939943,,10.47184783,7.679130435,8.920972222,10.94027778,9.146621573,8.719861111,7.783193056,7.487828283,8.841224747,8.216509662,9.474166667,10.99902778,9.210694444,13.37434179,12.13041667,,12.4602271,12.90476449,10.54666612,12.67494048,13.07341317,12.56867754,14.56669621,,13.40601588,12.54979469,,11.56722826,15.69484633,10.16768759,14.83222222,,18.05082729,23.75583333,,26.61040888,26.09082071,22.7878969,20.46166667,21.42153382,,21.1734854,21.45577899,21.43508838,20.68926944,20.48178195,20.43617918,19.8628001,20.10657609,20.08727273,21.59925011,21.43694444,27.14888285,27.35391634,1.174852798,6.260066425,6.468888889,7.812585809,5.366234722,,-0.345007304,3.865628019,4.067947958,3.988831326,5.043214207,3.781431159,6.532729469,7.144722222,8.373255929,8.558244949,8.546859903,8.870576965,8.213611111,11.06611111,10.64358092,10.62569444,8.81136693,9.967119565,10.15214372,9.229898551,16.62377083,14.022625,16.74202917,12.22592917,12.23525801,15.26477273,15.88845411,,24.87035024,26.27986715,21.43301932,27.8742287
5/1/2013,6.250473033,8.547429935,,15.98965054,13.44463534,15.05799492,17.75741668,15.59152875,14.57405914,13.298875,11.87273843,14.32239115,13.69784946,14.93790323,16.24627173,12.86975456,19.06350545,18.14394949,,,17.54139785,15.32687348,19.0533906,17.91608865,18.59852523,18.88456981,18.46979167,18.832625,17.59867238,,17.08991935,19.80733403,13.87943442,20.37412023,,22.07278518,25.38313145,,27.7280314,27.55598135,26.27420524,23.46192202,24.55967742,,24.45421714,24.86924548,25.10869816,24.6889768,24.76418218,24.37685463,24.06038018,24.18604071,24.24414731,24.87548701,24.87138733,27.79882597,28.49746924,6.283383257,12.17837775,14.36983403,12.51467837,12.50533585,,4.091826576,5.487480799,6.286290398,5.719702131,6.904395108,5.200928641,7.763966276,8.797564707,9.217866781,9.239105466,9.531613647,9.962055867,9.139919886,13.41893727,11.75288686,11.55498481,9.982323561,10.7844187,11.02061628,9.63315524,18.79800269,15.69776882,18.69286022,13.50372826,12.86021505,18.18394109,18.75449286,,25.90673265,27.41585187,23.19202102,28.6069409
6/1/2013,8.308076024,11.36324495,,20.88974034,18.37859903,18.74324275,21.86587121,19.9527657,18.94980029,17.92626866,16.53919686,18.6533004,18.12227092,19.69875,21.43742433,17.61271465,22.53858586,21.65611111,,,22.31208333,19.82940821,24.81770531,24.31261806,24.96358586,25.08463889,23.92959596,24.43479016,22.80620169,,21.58414855,25.40333333,17.91786645,25.75541667,25.61666667,27.39298144,27.06736111,,29.34711667,29.50638889,29.45024712,28.78356034,29.11708333,,,30.70222826,29.87125,30.04265,29.86083333,29.74443841,29.12875,28.90016414,29.2960381,27.95486111,28.56168651,27.81425725,28.38305556,12.00523551,16.3925,20.05960859,19.04294924,18.39160556,7.716231884,12.31831522,7.393315217,9.075036232,9.48076581,10.2003027,7.29587283,11.08792271,12.52463768,10.06265152,10.38413318,10.4022874,11.26346014,10.59419192,16.07027778,13.07325585,12.62200163,9.737121212,12.1459596,12.08119727,9.917436869,19.92146908,16.44572222,19.76621806,14.34876543,13.44861111,18.57033213,19.70610672,,25.71611111,27.11686594,25.0184574,29.73888889
7/1/2013,10.62300725,13.58051075,15.26170524,26.14849462,22.9141129,23.12359748,26.04943793,24.60071295,23.42647849,22.19425579,20.00838008,23.68194538,21.61849739,23.95265895,25.90456989,18.89722417,26.97668303,26.3063172,,,24.005464,21.63818987,28.59310897,28.15688123,28.48830645,28.94610349,27.87069892,28.10861022,25.77298387,,24.61690042,28.12487371,18.69499182,27.57252539,26.81384409,28.56394343,26.3652062,,29.49862366,29.07204301,29.34227401,26.71527419,29.05483871,,,29.93951613,29.29086022,29.66294355,30.32389746,29.96626344,28.70591398,29.37674731,29.59989534,28.98951613,28.24730145,28.49193548,29.01626344,16.6193457,21.61673679,23.27083333,23.00233994,23.69025,9.59756052,14.33449042,8.974584555,11.3413681,12.74560626,11.84277316,8.608461898,13.39519635,13.51639201,11.71736209,11.73373656,11.4555783,12.74019083,11.83928842,15.61465054,11.09397535,11.27834635,8.875099345,14.85983435,12.51057639,11.18714565,21.04820487,17.79806276,20.42474135,15.86733871,14.4719086,17.74879032,19.07084763,,26.28945769,28.13546634,26.73826979,29.5690244
8/1/2013,11.887313,14.26555049,15.10994624,25.02446237,22.65228495,22.38922842,23.70632388,26.90888212,22.15416667,20.99254142,21.01733871,23.46068522,22.43054435,23.09611156,24.73456577,22.59261337,24.48275479,24.08072698,,,25.19266597,23.09446102,26.03570594,25.78425,26.2943971,26.40088254,26.46427175,26.15478336,,25.91087963,24.60377487,26.09503857,22.75747687,25.75062051,27.52204301,28.34822347,28.55228495,,30.22194453,30.2248539,30.68923669,27.66210273,29.54560117,,29.44755747,29.95134409,29.9752396,30.19685215,30.80604839,30.49932796,29.76169603,29.93470664,30.28493402,29.26895161,29.21202219,29.23660589,29.59668069,16.24462366,22.33117058,22.02002688,22.12611193,22.85524194,10.92986793,13.80618864,,11.82716276,13.67084555,12.78908613,9.575464218,13.88247429,14.46754909,10.90643408,10.75336022,11.47168016,13.08400538,12.13991935,16.48744044,11.89629416,11.99253268,11.80228495,14.98408932,13.12905263,11.06594894,20.6022704,18.22419355,20.39558602,16.47379032,14.46017999,16.31242987,18.81327404,,26.63829476,28.55381019,27.71313114,30.33679297
9/1/2013,12.44967611,13.57628019,14.71436869,20.58966631,20.2114103,20.36196196,21.10777778,22.87567413,19.85986111,18.82266111,19.77444444,21.54611111,20.89224163,21.01795917,21.86883235,19.71805556,22.36643116,22.26555556,,,23.05444444,21.153218,23.92300725,24.30706739,23.42611111,24.53406667,24.61152778,23.67435833,,24.85152778,24.01777778,23.62152174,23.42514368,24.04444444,26.31291667,27.39097222,29.02513889,,29.67789861,28.77672705,29.45782609,27.74563383,29.59986111,,29.23414456,29.40472222,29.55680556,29.15691667,29.48986111,29.13721014,,29.07125,29.23207976,29.41902778,27.47930556,29.6230314,29.87319444,15.98906187,20.83300493,20.09972222,21.42652778,20.74078788,10.90824769,10.58407005,9.981828283,11.19672307,12.60799581,12.12732049,8.77625,13.94916667,13.02555556,10.84513889,10.69556763,11.04870993,13.05261364,12.51717172,17.35263889,14.7281746,14.05099573,12.72257505,15.10452295,13.79841469,11.33144593,20.91193472,18.41661111,20.53457778,16.41260266,14.36481061,16.97916667,19.03356481,,26.88426768,28.73333333,27.65111111,29.97267951
10/1/2013,11.97861575,12.46061828,13.20793595,15.82526882,16.74997556,16.86601967,17.33069776,17.18901803,16.57970013,16.53880761,17.36042809,17.46948925,17.24189516,17.64586156,17.52891007,17.35739247,17.6102209,17.56969963,,,19.05924976,17.58500098,18.34663978,20.45865323,18.45712366,18.19124866,19.56935484,18.47209327,,19.97150538,19.75819892,18.83632539,20.09393249,20.33561828,21.68850196,22.95063452,27.4952957,,28.79412769,27.28991935,26.35968804,24.74623656,25.93905181,26.34428237,24.90759581,24.61157667,25.31478495,25.07821041,25.30255376,24.83924731,23.75530303,25.19247312,24.95376344,26.76634525,24.50900538,29.68004324,29.87728495,12.8436828,12.8491129,15.26397849,16.41419844,15.86929301,8.861959709,7.231445769,8.923714353,10.49801195,9.493396953,10.69127513,7.730241935,11.59402493,10.8487781,10.24279081,10.06573793,10.53444313,12.3116638,11.62634409,13.26962366,12.31330645,11.50241935,10.63751169,11.35732819,10.99531323,10.30434699,17.45826613,15.42813172,17.05267742,14.16787634,14.50376344,18.39072581,18.49584753,,26.7625,28.19088943,25.39996995,29.31228271
11/1/2013,9.858468536,9.056235727,8.825,8.998611111,10.40708333,10.02889722,9.887288647,9.899759113,9.550833333,11.00724722,11.99708333,10.1578442,10.03149306,10.72328611,9.5925,10.67833333,9.30192029,9.172222222,,,11.95125,10.44251667,9.888207071,12.26676587,9.790416667,10.23028788,12.31125,10.67854583,,12.85367424,13.15753019,10.44168094,14.85485507,13.59041667,16.20819444,16.76275966,23.46428744,,25.90210694,23.32267238,21.52512279,18.41349747,19.94073342,20.4027657,18.12397652,17.42746377,19.00975242,17.61978704,17.89916667,17.31124616,16.27575758,18.19370773,18.18261364,20.43330118,17.72082071,28.7756401,28.48069444,6.60290404,4.840972222,5.743638889,8.617916667,7.454194082,7.228001098,1.894794859,7.220552811,7.681713329,8.823867479,8.719962121,5.884432367,9.362638889,8.359348375,9.119107143,8.464848485,9.310742754,11.14028107,10.74305556,9.833675121,10.3804798,10.25406566,9.753194444,10.60375,10.50777778,10.85375,14.20883641,13.55124879,14.36781443,13.05666267,13.83944444,17.20282828,16.80375604,,26.07371377,27.11111111,23.78718168,28.60229469
12/1/2013,6.364962539,4.128330996,4.37594086,4.580791789,5.073655914,5.085886364,4.953506311,4.835073663,4.608198925,5.966012097,7.710361226,4.935478027,4.762337366,6.194543478,5.374327957,6.300315568,3.198872137,2.544331463,,4.588849802,7.931983403,6.563098825,4.151380743,6.135496552,4.947177419,4.900755935,6.935887097,6.652169599,,8.030621255,8.365643993,7.142913001,10.81110704,11.02343307,12.02296634,13.72883357,21.51404596,,24.64771835,21.91982819,18.96078828,15.36760753,16.8647382,17.05064282,14.7436702,14.18521505,15.49765077,12.4613414,12.79314516,12.40333684,11.50228495,12.64166667,12.5877566,14.35510753,12.96652778,27.01318426,27.00499065,2.319817641,0.675268817,-0.175659293,3.925537634,1.04430903,5.745808895,-0.77707563,5.015994624,4.905510753,6.082734604,6.057468443,3.646980676,7.11568915,6.837527094,7.970430108,7.50436217,8.060791091,9.646656254,8.774007289,6.723533535,8.533567087,8.212973352,8.425467508,9.176098644,8.640053763,10.06666667,9.725,10.84941561,10.70182913,10.99547686,12.85464586,16.10930341,15.70147947,,25.51854839,26.73534946,,27.58368981
1/1/2014,3.742958674,1.114273775,1.675672043,1.50172978,1.758321646,1.830972704,1.807276659,1.889346657,1.428091398,2.494385928,4.001104488,1.902997896,0.679885753,,1.950064282,2.851344086,1.655731757,0.871558444,,1.198448876,4.347691678,2.934853808,1.066730721,2.791971307,1.319325619,2.195191931,3.402391623,3.279244624,,5.001297335,5.701951315,3.18270326,8.216217312,7.498506695,7.464761571,10.33765778,18.27616877,,22.08218887,18.07902216,14.47844484,10.39139785,12.51067087,13.31317204,10.55339475,10.46061031,12.33804348,10.18454784,10.7224813,10.67778554,10.15853202,11.01875877,11.26261719,12.79017648,11.72443155,26.59895562,26.35313815,1.574203718,0.48844086,-0.720087977,3.549303519,0.21683169,,-0.831252922,5.245456139,4.594898317,4.608158913,5.463466361,3.492584151,6.682992796,6.345225041,7.77729929,7.533286886,7.808342365,8.616734865,8.116312317,7.615866059,8.643858643,8.907263908,9.344968443,9.935344681,9.766058906,10.87202282,10.01382071,11.05349462,11.28145161,11.17926601,13.59149773,16.18544031,15.52358579,,24.50562763,24.53931627,,26.85670927
2/1/2014,2.423290917,0.264315123,1.287053571,1.546228002,0.504930124,1.61628125,1.922226311,2.060300207,1.38764881,2.432791667,2.893369868,0.849957819,-0.739115036,1.706262446,2.139111025,1.866017316,1.625,0.822427301,,0.718339265,3.8529956,1.759204004,0.850299468,2.037709916,1.011011905,2.218632011,2.16555383,2.946918377,,3.736516563,3.372133799,4.499855896,4.513704004,7.15577977,7.855933559,10.10330498,19.89311594,,24.89463946,22.73667478,17.29941914,13.29107143,14.61942288,14.69360119,12.8809654,13.81725779,14.66636905,11.49289105,11.6578869,11.53055654,11.81525012,11.45087345,11.81062253,12.84628623,14.00918339,26.69118789,26.41239001,1.338474026,0.449553571,-0.513671066,3.624805901,0.219356629,,-0.933925799,4.133216874,4.209659679,4.72092156,4.878584957,2.995726873,6.033312159,5.398322511,7.297583169,7.27171804,7.37687747,7.986669406,7.262638222,7.093611352,9.24985119,9.870216333,10.24613095,10.8384158,10.69546807,10.88750294,12.20295031,12.379419,12.98958333,12.20148163,12.99076734,16.28826052,15.68368918,,25.07660514,24.58210521,,26.23035714
3/1/2014,2.075350434,0.207789855,1.499719495,2.570028551,1.556024587,2.502325269,3.127805049,3.530563879,2.430119746,2.75340176,3.120628799,2.137098444,1.046900538,3.327349096,4.590860215,3.215404395,4.486693548,3.618817204,,3.610580109,5.473440754,3.483599951,4.056565302,3.860723607,3.758333333,5.490557796,4.25773726,4.967637272,,6.0028433,5.230808531,6.97597719,5.202308322,8.61612372,10.50237663,12.65105774,20.94408602,24.99758065,24.9393078,23.29301075,19.72546751,16.20456989,17.22036901,16.93090176,16.03891777,16.9123539,16.78830645,15.47106403,15.82860566,15.49676273,15.17815727,14.76942487,15.51235178,16.10753007,16.45813851,27.21607591,27.20039738,1.224942881,0.612237027,-0.19935027,3.907258065,0.244331744,,-0.908318458,4.054260168,4.265269986,4.564818947,4.588102448,2.526344086,5.68435707,5.873388889,7.691370224,8.056507926,7.973510349,8.111411753,7.474006545,10.15197628,11.12071061,11.12987377,10.62789005,11.65254792,11.22497662,11.20219846,15.14562295,14.26684783,15.4521261,13.57016129,13.59654894,16.88990767,17.29237674,,24.55201613,24.3362611,,26.50043481
4/1/2014,3.410592336,3.371182634,4.348234519,8.593611111,6.516764383,7.71989058,8.500719697,8.663904809,7.448115079,6.586163131,6.741926329,7.547387462,6.323559722,8.482713889,,7.943724747,11.16703102,10.23083333,,11.00940694,11.71513889,9.076892029,11.88291667,11.14489844,11.51055556,13.23325812,11.00834212,12.34115571,,12.38660024,10.84243875,14.02791667,9.456298309,14.16393939,17.25124561,18.07253019,23.51680556,26.69388889,26.19899861,25.59513889,22.45498188,19.34032005,21.17222222,20.39930556,20.93006237,22.34231884,21.51722222,20.99630694,20.99412879,20.56501592,20.57638889,21.75160024,20.31643939,21.24618961,21.44763889,27.53678016,27.65423309,,5.125138889,6.650555556,7.632139328,3.558831648,,1.029269324,5.006292271,6.079415584,5.674419192,5.702575758,4.49759058,6.570454545,,8.570319499,9.352941919,8.851231884,8.872908589,8.382578502,11.50477053,11.40851449,11.21215799,10.2635101,11.69917655,11.29972222,10.27166667,16.68306159,15.06111111,16.87041667,13.76458333,12.36513889,14.77027778,15.81242391,,24.60516908,24.45081522,,27.73518657
5/1/2014,5.626950253,7.53997195,8.537102618,13.88400538,12.27689341,12.66326923,13.93078541,13.85571218,12.71196237,11.9275336,10.63437938,12.52289728,12.14378767,14.36609005,,13.4875,16.7940159,15.9921108,,17.26574194,17.50464586,15.19426747,18.6719086,17.77241522,18.26701942,18.53276863,18.80651271,19.83365066,,19.38262038,18.07879266,21.25237845,15.61054868,21.67085671,23.26080475,23.74285297,25.99961431,27.97731417,27.81023656,28.16058747,26.36330281,23.17768817,25.40211547,24.40766129,25.49340521,26.18413978,25.50708859,24.7827701,24.85405146,24.63887915,23.78321813,24.73019306,24.07138425,24.45443548,23.81013582,27.86593619,28.18190743,4.279978355,10.94693198,14.40738755,13.33481183,10.38761688,,8.397662459,6.815889434,8.414925199,7.813070041,8.613194887,6.108642526,9.186501045,,9.645332356,10.56185133,10.11569325,10.06333567,9.490194016,14.84967733,13.28780972,13.14922277,11.13430842,12.8787686,12.36273375,9.695278167,19.00244857,15.89419121,18.96142473,13.77437471,12.56452197,17.67906148,18.21936971,,25.82357911,26.28306452,,28.34174954
6/1/2014,7.92502141,10.59474537,12.34771135,18.97762077,18.07361715,18.49369523,19.94554513,19.66565657,18.68705314,17.4380811,15.86783926,18.56530962,17.81464205,,,20.00150362,23.46208333,22.70833333,,23.56204583,23.18291667,20.84406944,24.65448168,23.90373333,24.08333333,24.94636513,24.70305556,25.22786465,,24.97387681,23.40618961,26.0015942,20.97284938,25.08569444,27.86983696,27.79531566,28.20758454,30.51423913,29.93685785,30.29570048,29.4327784,28.05125,28.91486111,27.6130336,28.64225174,29.19013889,28.73233696,28.77117138,28.85190766,28.7501872,28.17533534,30.24189394,28.45713164,28.60145531,28.14298357,28.74225242,28.687343,10.79993961,14.9542814,20.41713164,17.95178744,18.24695652,,11.96743961,8.256959267,10.46395531,10.37308575,11.47861707,7.84052646,11.07439614,,10.82483135,10.74518445,10.92217815,11.55373563,10.92769324,,11.92280797,11.82942633,8.778816425,11.71263889,11.68935386,10.47519928,20.33705918,17.14436594,19.98069444,14.91393116,14.13541667,18.92969807,20.22474747,,26.31573671,26.99394928,,29.54774758
7/1/2014,10.0292692,,13.72068724,22.65967742,21.68897849,23.27138125,23.9797043,24.09306919,22.45645161,20.7277622,20.14203069,23.14569308,20.29317018,22.70797101,23.43273363,19.05831952,26.90935355,25.4108871,,27.01248118,24.04790206,21.61260706,27.64372955,27.02202872,26.77982118,27.90808028,26.94678004,26.80917204,,26.68575269,24.90969495,26.89926952,20.83760519,26.2941349,28.71639785,28.9246669,29.79422043,31.96832048,31.79717742,31.24317438,30.96859979,29.63537656,29.24596774,27.18776882,29.06993372,30.61626344,30.18409888,30.20779643,30.18979079,30.01936759,29.23981735,32.37848196,30.3751955,28.49455937,28.64921672,28.6923913,28.95766129,13.67915991,18.69166667,20.93947947,22.17169238,22.84914467,11.12445793,14.48193415,10.35946704,11.68344065,13.54595074,12.87526935,8.691672511,13.42553763,,11.14742871,11.22513441,11.37054984,12.91448812,12.45723469,,12.1621669,11.93492871,10.04502688,15.44663978,13.23496465,11.62287719,21.3188172,18.6030914,21.20336022,16.76774194,15.93288336,19.47431627,21.12332281,28.04623656,26.78538453,27.64396914,,30.28620426
8/1/2014,11.72858547,14.45281185,15.67379032,22.64301075,21.80712366,22.34334525,23.00175522,23.32041258,22.3048584,20.79039727,21.02346307,23.64112903,22.34479044,23.33158602,23.70540469,23.4952957,24.30046296,25.00672043,,25.76766129,25.8473878,23.6346586,26.1,26.12792742,25.85900538,25.98010406,26.51770103,26.14148253,,26.4044238,25.13980832,26.38817789,24.78934506,26.02244624,27.35444717,29.07732001,28.55362903,32.09178354,31.62230598,31.96115591,31.17822581,30.40724638,30.08736559,29.05467986,29.95257797,30.8125,30.63444367,30.41892204,30.77271505,30.42104371,29.20019178,30.60860215,30.5438172,28.61046634,29.16451688,29.01930968,29.06330645,15.69706745,21.14704301,22.44139785,21.78717009,22.2334619,13.28701071,14.17328191,11.86491935,13.44368439,14.2054706,13.38500733,9.618232819,14.81397849,,11.95741,11.67726051,11.84520629,13.50565685,13.08550831,,11.60766129,11.86102151,10.378705,15.76898668,13.7391452,13.57774629,21.12311828,19.31357527,20.97768817,18.05551075,16.07465521,18.86456288,21.84408602,28.61102735,27.25924497,28.03087307,,30.36028305
9/1/2014,12.3038587,13.53944444,15.08222222,20.85347222,20.97263889,21.20434028,21.40368906,22.26569444,21.04738252,20.03984347,20.66821256,21.88751263,21.29687639,22.23646465,22.00338903,22.82799912,22.70915945,23.32553744,,24.12751667,24.67400966,22.72159444,24.31723833,25.080625,24.07477273,24.74664354,24.89309783,24.11649722,,24.97663647,24.53012791,24.246407,23.955157,25.10458333,26.55443237,27.69321256,29.33854469,30.09088164,29.87473213,29.92503019,29.21580314,29.1367029,29.64763889,29.56041667,29.30320386,28.94384662,29.29673913,28.51334263,29.01536616,28.46506313,27.33099638,28.41847222,28.52993961,28.87152778,28.24777778,29.47400033,29.69252415,14.73267677,16.68745342,19.97111111,20.45386473,20.9780314,12.82234903,11.59509662,11.51496981,12.32456522,13.34601394,13.0582702,9.313297101,14.19206632,,11.30697299,10.80780193,11.46069847,13.33152778,13.11355159,,13.05110507,12.827657,12.27237319,15.12494306,14.65947926,14.10637664,20.89838768,19.77991546,21.02138889,18.55805556,15.89809783,20.42561594,20.83485507,28.98111111,28.15819444,29.10691425,,30.12277888
10/1/2014,12.30996604,12.54907083,13.24871701,16.23600929,17.14482128,16.79940673,16.64615034,17.46773958,16.57671682,16.91388514,17.61428822,17.4523147,16.47626853,17.66176075,16.7708964,18.86676207,16.85161025,17.42782258,,18.33419646,20.00503156,18.01949462,18.15045051,19.85116877,17.9046703,18.37731937,19.68905606,19.0668083,,20.22400017,20.15730163,19.07976593,21.03636045,21.00400304,22.70522175,23.53120033,27.19550725,28.1902057,28.51136857,27.80521272,,24.66935484,25.41076916,25.89354839,25.01499405,24.71660292,25.53364412,24.98596505,25.39880467,24.97301415,24.47162438,25.62755376,25.62599877,26.80069807,28.80271527,30.12051192,29.68882443,11.24726561,11.97486559,13.80919822,15.41215787,15.43594554,10.09838262,6.164012495,9.514126716,10.11420694,11.2573181,11.15780845,7.872453674,11.53409516,,10.67510572,10.41094498,11.24295178,12.85145193,12.53404256,,14.7219527,13.72117387,13.85233329,15.05111139,14.07652786,13.6860834,19.84556133,18.36830879,19.65976508,17.27177419,17.16891708,20.99334704,21.37844575,28.80867812,27.42460952,28.17491326,,30.00273014
11/1/2014,10.52894548,9.287351936,9.459229171,9.195022194,10.71446483,10.09544167,9.750814968,10.42850265,9.793298104,11.14624167,12.13290388,10.2790157,9.101156944,10.89158414,8.866628788,10.895418,8.094636034,8.785795455,,10.03589085,11.53539251,10.47131684,9.14026225,12.14705051,9.240844313,9.795055089,11.89567321,10.36072373,,12.32490727,12.62284475,9.991687198,14.56136669,13.05844807,15.94944562,16.45778397,21.89460913,23.3757982,23.97864012,21.70692754,19.05776515,16.70005435,18.72764493,19.69655742,17.16410437,15.87218894,17.56346563,16.60569397,17.15048287,16.65418039,,17.12916667,17.31961204,19.65519871,21.88852748,28.83142809,28.54806346,5.984891147,4.004625071,5.506479751,8.594915459,6.949308849,8.018446027,1.707604712,8.493319583,8.776928744,9.033979845,8.929826307,6.383498024,9.996601575,,10.25897071,10.49667836,10.73626755,11.84561624,11.47335584,,13.28064843,13.59281394,13.85013906,14.34289604,13.73415326,13.76020084,16.20582126,16.12236111,16.55083333,15.78791667,15.69054952,19.49460859,19.36963164,27.91859354,26.05520782,25.8731997,,28.66509991
12/1/2014,8.109321565,6.396861882,5.720269245,6.434598262,6.557866508,6.507789945,6.682345722,7.42743483,6.339688051,7.21259891,8.260275466,6.757625772,4.424792469,6.496563815,5.925286349,7.410602433,4.297717179,4.296926665,,5.496948377,7.292599634,6.542052595,5.154471427,7.139520485,5.572425821,5.374969086,7.070809791,6.957295524,,8.110112156,8.324642892,7.45188172,9.712916401,10.65937642,11.71740078,13.38838136,19.57588377,22.47728775,22.67060932,21.11296192,18.23891821,15.4116786,16.27868163,16.97605774,15.81935986,16.15247225,17.28681322,15.81486791,16.05757536,15.91610662,,16.36581134,16.30321966,18.87919913,,27.85137118,27.58976123,2.142092888,1.07349939,1.639452757,4.883451273,3.043345826,6.868742332,-0.484910299,7.652824358,7.771989642,8.028192034,7.677166735,5.359711359,8.555962095,,9.142288024,9.304991901,9.339124561,10.75476645,10.58255982,,12.58703029,12.80738147,13.60239042,14.07337413,13.87648819,14.63919012,13.16129434,14.55582048,14.50436642,14.70752688,16.02975195,18.48434455,17.8345317,26.26793266,24.625124,23.78149624,22.05908691,27.37369864
1/1/2015,5.334697956,2.501291036,3.376499214,1.511522483,2.271224871,3.170922319,2.56371422,2.798354371,2.387252414,3.567537576,4.502976784,2.035752157,-0.273937258,3.170849802,2.715865385,3.410626344,0.922896213,0.993590357,,1.874482888,3.424798121,3.133936452,1.533595244,3.823854346,1.917821624,2.283890995,3.854926474,3.568622312,,5.374834417,5.580748013,3.837719941,7.379717583,7.685928535,9.187267946,11.72866577,18.77755557,22.76343729,23.05424593,21.02118768,17.27486559,13.15222226,15.00342662,15.98534946,13.45529794,11.84945068,14.15953345,11.09552395,10.81492839,10.82634389,,11.67688172,11.19608728,13.19537698,,27.07732813,26.97728495,1.783230982,0.386623422,0.044280918,3.580592567,0.326135832,5.937873475,-0.812753107,6.594542161,6.639089634,6.957107718,6.553260338,4.755933711,7.550023375,,8.743468167,8.796211119,8.934704438,10.02135131,9.745762504,,11.85257501,11.88143143,12.47247584,12.89089528,11.67243037,12.69631635,10.60598782,12.65527115,12.48297101,12.83521505,14.73452123,16.90599541,16.43544881,25.52401398,24.44263675,23.55234414,19.35230301,26.75811449
2/1/2015,2.069884095,-0.985028468,-0.333417443,-0.882927489,-1.197806677,-0.095125841,-0.61396916,0.38404209,,0.304112448,1.5058739,-0.339585736,-3.459228181,0.111483272,-0.498949139,0.810620536,0.731349402,0.347457402,,0.106840174,0.637175325,0.255691017,0.256400742,1.386057577,0.28943323,0.913872071,1.341710192,1.23180506,,2.332417537,2.298691888,0.823786837,3.371577381,3.677801501,7.51702428,10.06209886,17.08541945,20.62603335,21.12263121,19.4388468,15.54841221,12.75684524,14.15550242,14.53969979,13.11788901,13.30261017,14.58209521,13.08626637,13.28668478,13.15052002,12.37701816,13.53043478,13.7056451,15.88956392,,27.10166043,27.18794113,1.587544702,0.295390602,0.124335357,5.28358331,0.180790043,5.388807692,-0.957276374,4.96823299,5.999440641,5.974855896,5.705723344,4.322919019,7.158615777,,8.950143817,9.310380536,9.214292969,9.795091638,9.371849036,,12.27905844,12.02782091,12.12009928,13.05828746,12.36311347,13.2120918,13.40544361,14.27803501,14.8623059,14.13657899,15.44862189,17.42201616,17.03350332,25.50208333,24.65040114,24.36205357,17.63758781,26.08456498
3/1/2015,1.257568259,-0.399647244,0.96244484,1.332237573,-0.176148355,0.985684432,1.448391566,,1.238736328,1.420691152,1.448865591,1.172100766,-0.481258389,2.64478144,2.552730673,2.702507785,2.888430818,2.867734498,,2.868153752,3.753865822,2.749696848,3.276858117,2.956534654,2.726652186,4.798690658,3.53266129,4.862530494,,4.940684899,4.061588479,6.873893098,4.244299588,8.383730715,12.96797083,13.18159588,21.41995903,26.64543489,26.14186855,25.8754266,21.6537533,17.86199265,18.63590964,17.7688172,17.93442185,19.5341073,19.12269737,16.47668548,16.05314058,16.10171273,16.4353777,15.59408602,15.34625174,15.5379645,,26.83741369,26.90923754,1.235081116,0.696200585,0.981133313,4.936349596,0.244489779,4.999252058,-0.850331976,4.941941404,5.493205801,5.664340662,5.772602427,4.416757436,7.126148871,,9.016886153,9.39373539,9.324987705,9.759097436,9.149430257,,12.37023324,11.8926925,11.1048595,12.2156659,11.45338556,11.20032661,16.10281537,15.42006938,16.80707691,14.40613604,14.3476517,17.54085323,17.31728953,25.64310345,24.25413479,23.65223842,18.59673708,26.60682463
4/1/2015,2.406125369,2.873958278,4.476819907,8.082665161,5.700808787,6.603624197,7.413838384,7.929826526,6.891903954,6.083775791,5.806590278,6.5621009,5.583941996,8.092028986,8.699257246,8.136130676,9.939662698,9.610110892,,10.93981549,10.96784585,9.501545592,11.87723477,11.08142808,11.28520351,14.08614925,11.35275362,13.32970888,,13.1126545,11.41248847,14.93825483,10.16189069,15.40940162,19.6090527,19.51390131,25.23933226,28.56741435,27.97872843,28.67666478,25.98986844,22.38683002,23.7416376,23.04737923,23.52043658,24.17799807,24.31232472,23.20540513,22.17120263,22.67059444,22.74358561,22.84222881,22.61661933,22.85522712,,27.46559688,28.74184728,1.37937777,6.462850838,7.286397505,7.267018477,4.471633493,4.994515026,1.943114128,5.900612225,5.966075914,5.727262531,6.691260383,5.448769998,7.691186349,,9.456721555,9.658642482,9.730989009,10.20916769,9.749161067,,12.03193213,11.69886306,9.847143328,11.394799,10.95713886,9.802988095,16.9783789,15.00550725,17.00150253,13.40365942,12.13798474,16.22052999,17.16370169,26.37705204,25.03568252,25.19936814,20.8291786,27.89728506
5/1/2015,4.524400603,7.150568296,8.785367176,14.71008414,12.61780344,14.10747265,14.79139785,14.58746999,13.37283884,11.88920845,10.87728898,13.8811302,12.01214536,14.78157433,15.63908368,13.54587769,20.44532575,19.81106826,,19.43538844,18.57629149,15.96507918,20.75456299,19.62214516,19.43444951,22.01627291,19.54783724,20.56841725,,20.06337606,18.13958847,21.5540381,15.09381948,21.02717136,23.58831362,23.65017891,26.79983706,28.63183093,28.46248119,28.9142117,27.89700816,25.54276903,27.02472959,26.00119215,26.7647836,27.16423541,27.11930703,26.2448629,24.4914324,25.34802713,25.7048196,25.94211877,25.87950868,26.66715171,,28.07874218,29.29308871,6.483865245,10.7825456,14.5550894,13.79476558,13.17095605,6.231461434,8.264314569,7.064670847,9.332696475,8.27174968,9.663310383,6.840837083,9.71140026,,10.0065453,10.34892189,10.34426065,11.08007837,10.45502937,,10.78619937,11.0125136,8.366962001,11.54475389,10.85610695,9.885363624,17.79265177,15.50288102,17.25174731,13.70653927,12.123275,15.86494432,17.87889626,26.17137097,25.22357706,25.20891779,22.45854066,28.85047976
6/1/2015,7.243135595,10.5264729,12.1786853,18.99137077,17.58249599,18.15905676,19.20996981,18.89754062,18.6713285,17.1280186,14.81604052,18.40971429,17.20727896,19.92461957,20.5424829,18.67295658,23.31660895,23.42394324,,24.7800526,22.31694444,20.44609976,25.62066151,24.81189952,25.41586456,26.10025066,24.80156566,25.60932563,,25.4390942,23.68878019,26.15585317,20.20569444,26.55819444,29.57342391,28.64283213,28.82569444,30.70347308,30.12590843,31.27103261,30.3135628,28.81097222,29.7897343,28.81986715,29.49548108,29.9620987,30.03625,29.65364167,27.62042271,28.34124795,28.53447464,28.78561869,28.71557367,28.94598046,,28.63180556,29.46746377,10.82944829,14.7749226,20.70763889,18.54105731,17.1132971,8.923684955,13.17708333,8.867735507,9.94794686,10.74658213,11.37377415,9.104055548,11.73006039,13.2800785,11.4315673,11.38175231,11.36614506,12.37226613,11.82416063,,11.09466184,10.9220471,9.299342572,14.18415569,12.59902942,10.6801432,20.14615338,17.40860507,19.77875,15.48332729,13.82861111,17.65304348,18.37524083,27.38638889,26.47500604,27.14386473,24.56932367,29.71794686
7/1/2015,9.684916486,12.84317438,15.02176835,22.58706012,22.06539271,22.06786394,23.32672394,23.24433306,22.492896,21.16810014,20.94403237,23.2236846,20.95558969,23.17567204,24.34096129,23.00768227,24.20728516,24.24494507,,26.98184339,26.31228325,23.82778111,27.66601972,26.98165909,26.90430525,26.97023754,27.5537576,28.2674248,,27.68442666,26.01742637,28.20707941,22.05995864,27.32668197,30.96369215,29.54556452,25.74939224,31.80192263,31.61107394,31.26607644,30.15592754,30.57691094,30.24427302,28.41776882,29.9881662,31.88703834,31.23423329,30.74941153,30.22868508,30.56777285,29.72664914,29.73991935,29.94653226,27.51926718,,28.70625087,28.96960496,14.80476039,18.52287618,22.82792777,21.24434792,21.72289872,11.02152481,14.53221298,10.6199602,12.36543528,13.6183031,13.97260883,9.504377577,14.61176618,14.60496864,11.8224838,11.70072213,11.98006899,13.66858762,12.75451039,17.94407491,13.57789693,13.05652118,11.62836723,15.34572291,13.97439689,12.07432362,21.5836489,19.48296517,21.56469729,17.70169472,15.53918128,18.53668687,20.86962215,27.94202102,27.63529269,28.52940626,26.73210984,30.11309023
8/1/2015,11.60595223,14.59320306,16.5257087,24.27874655,23.71557971,23.72212769,24.6541316,24.73803763,23.84434899,22.24320222,22.88429692,25.21096785,22.45148655,24.55340112,25.05365646,22.40409531,26.17516129,26.54051808,,27.35207796,25.55337942,23.93116807,27.96874389,27.37985858,27.04775346,27.76299591,27.69543595,27.72216158,26.73077957,27.78086806,26.21400719,27.31295095,24.46975055,27.01273793,30.26484338,29.26941161,27.96000468,32.20854956,31.89255911,31.32459677,30.44324023,30.59032577,30.56342864,29.77231183,29.72225923,31.06419472,30.86181574,30.35645699,30.84132279,30.66683871,29.28241447,30.39771505,30.65147849,29.39691445,,29.38737728,29.56192313,16.48093565,20.05692213,23.25064761,23.25821585,23.49797165,12.3339587,15.10402641,11.26504898,13.22851322,15.14659758,13.92608111,10.56434908,14.64717742,13.88816842,12.25421692,11.80310597,12.24767556,14.20545849,14.0071638,17.06800286,12.89355476,13.02979408,12.4481135,16.23870968,14.8280705,12.99808322,21.77491819,20.12139434,21.84391321,18.36586606,16.43014009,20.55315356,21.39814502,29.03844086,28.03166093,29.0242403,28.21919355,30.71105072
9/1/2015,12.45047266,14.20305556,16.36777778,22.01527778,22.24472222,22.44248194,22.69083553,22.83361111,22.34983696,20.73608889,23.29475833,24.11509662,22.60304885,23.37246377,23.3493461,22.96571014,23.93791667,24.44236111,,25.25860278,25.21958333,23.12709381,25.51360306,26.05740088,24.94930556,25.47629306,25.79069444,25.20328521,25.20166063,25.64657091,25.24595238,24.08531746,25.13876702,25.82138889,28.1690088,27.17769324,28.96425983,31.07616373,30.96873298,30.60180556,29.30911818,28.39222222,28.53763889,28.39160714,28.05847222,28.37430556,28.34986111,28.46490732,29.3175,28.75024444,27.59401413,28.60777778,28.78958333,29.4853744,,29.86078008,30.26666667,16.87657828,18.83665953,20.83974583,21.7092197,22.27180556,10.92612923,11.30961353,9.97494126,10.58198044,12.44720254,12.32837868,9.164448287,13.16073232,12.45596014,11.53549517,11.20854084,11.78656566,13.93685985,13.55941919,16.04391634,13.60806159,13.34591874,11.38378019,15.38849638,13.21134592,11.98597222,21.25103865,19.10597222,20.93339372,17.44422705,18.03782186,22.68749244,23.22508838,29.83570048,28.38277778,28.87261473,27.78838768,30.71168368
10/1/2015,11.44136218,11.79323282,12.36572581,14.46303763,16.05026882,16.10488038,15.78387097,15.94462366,15.56205002,16.03871641,18.59251952,16.93763441,15.52110221,17.0577957,16.05850469,17.01295589,15.64089528,16.26422394,,17.45822625,18.19408602,16.85757258,17.71195652,19.46417467,17.25218059,17.04421889,18.7746329,18.3749532,18.9577431,19.30597912,19.39328541,17.96478495,20.18115476,20.52768817,21.29474441,,26.72008745,28.11138967,28.26719793,28.04247312,26.20145034,24.21573583,24.66209677,24.97767648,22.79414127,23.74744624,24.76294998,24.14288844,24.40305474,24.9311087,23.66829738,24.74373539,24.82916667,27.03832398,26.36388889,30.11567321,30.31895161,12.63905755,12.3594086,13.47893683,15.65174731,14.73837073,9.338909581,7.344974287,9.3903348,10.4369273,10.89677419,10.51080316,7.967449743,11.42281174,10.80281089,10.91261688,10.48748247,11.18225222,13.28368146,13.07089177,14.19508532,13.27584045,12.83696237,12.30832111,13.95506449,13.65088827,14.0383617,19.8141129,18.52728495,19.6844086,17.42902057,17.70228495,22.12284946,21.98803179,28.69968443,27.53037634,27.0016129,26.28220388,29.42290843
11/1/2015,10.10676633,9.652263944,9.534692578,11.21338603,12.30949495,11.82277778,11.81482488,11.96877778,11.60854798,12.29350361,14.8335175,12.61443339,12.11271127,13.38263889,12.38289372,13.50943194,10.3086413,10.60904589,,13.30139694,14.28527778,13.44416667,13.09903382,14.74116427,12.93433355,12.68601275,14.69236111,14.34737778,15.13206741,15.4252657,15.6569697,14.04861111,17.08719752,16.87063406,16.10222222,,25.47512077,27.02277778,27.20194444,26.6557971,24.32545894,21.23810447,22.46808575,23.11564218,19.47075483,19.90791667,21.40783213,20.16583043,20.01277778,20.0569391,,20.74336957,20.82347222,22.61908816,21.94166667,29.04474638,28.80819444,8.368939394,8.189305556,8.971283514,11.27001263,10.3615157,7.775652339,1.566372498,7.450857488,7.949806763,8.408838384,8.560820707,6.015323148,9.104625604,8.856842336,10.04637626,10.16574747,10.27526862,12.00915865,11.73089592,10.97626208,,12.28333333,12.73111111,13.12365338,12.0984127,11.72347222,15.15767263,15.29426329,15.37888889,14.81789251,14.86940821,18.93763889,19.38445652,27.60930556,26.36958333,26.09001208,23.7684058,27.43441425
12/1/2015,8.178311795,7.16061828,7.350806452,8.751075269,9.348135811,8.906676867,8.90545416,8.932439224,8.798319475,9.718993498,11.04317232,9.500944664,9.80798913,10.43077957,9.795327967,10.8088078,7.842473118,7.766935484,,9.666298729,11.49180108,10.85362722,9.312646096,10.97127676,9.868010753,8.987601419,11.19426344,11.82477267,12.54696421,12.29770591,12.77541491,12.05466089,14.50113636,15.12429834,14.32517903,17.01701016,22.66943665,25.30849387,25.40292777,24.34935133,21.43516246,17.8254664,19.44717742,20.06000468,17.10208333,18.40346874,18.90896031,17.41861598,17.35430108,17.99149731,,17.43298644,17.46999182,18.7452957,18.20913978,27.92938395,27.65840133,5.22202381,4.554660738,5.521679252,7.815395894,6.815694905,6.456194696,-0.833321114,6.4121159,6.525093502,6.941217753,6.745698925,5.394450147,7.876551808,7.381733621,9.136176445,9.345189219,9.231940965,10.8901176,10.98602151,8.695344575,,11.22336744,11.63552321,12.1280303,11.46139604,12.13063507,10.67444528,12.11469198,11.62115591,12.21689086,14.38523046,17.5318304,17.43934825,26.09825269,25.18015428,24.95348878,22.01468341,27.16903183
1/1/2016,5.43821758,3.495671187,4.513405797,3.317175613,4.511056568,5.126112988,4.546978728,4.308313677,4.437219495,5.555238546,7.011428071,4.724649445,3.916052019,5.369005801,3.708903321,6.014871457,1.898112436,2.068939394,,4.536039223,5.620780739,5.513836781,3.893348634,6.855886396,4.018814548,2.944435764,6.223245757,5.681338664,6.247245127,6.849515676,7.847095605,5.388709677,8.956100892,8.838423329,9.461024162,13.07784224,19.71480322,21.46523913,22.200204,19.9884807,16.70020871,13.13423656,15.43043956,16.71964809,,12.64818575,14.31611735,12.79853324,12.56605094,12.86821175,,13.51747312,13.4403943,15.01190393,14.17414095,27.35727666,27.22195513,2.424102475,0.783364146,0.892641257,3.900391963,0.997851906,5.476280684,-0.895340087,6.253586,6.227347193,6.330660887,6.08953614,4.648232905,7.324867716,7.161889003,8.520531698,8.516096989,8.718324432,9.773459779,9.888339166,7.898885046,,10.62110314,11.03781162,11.56439425,11.50059013,12.61502136,9.95082031,11.6955122,11.46194058,11.95813555,13.7625057,16.0730439,15.92211063,25.73746462,25.25543281,24.89062009,19.93162464,26.64890019
2/1/2016,3.845083937,2.212546616,3.285550082,3.737175162,2.593247126,3.336248751,3.261209602,3.506602949,3.373983463,4.168992745,4.764224166,3.34758684,2.849145963,3.823969265,3.371443824,4.744218391,2.849137931,2.678017241,,2.372169219,4.69683908,4.268278345,2.44295977,4.059253657,2.987293853,3.284267372,4.289964109,5.102349229,5.323875562,5.593099473,5.546393849,6.325343578,7.434555531,7.921603484,8.968497001,11.2517342,18.19899047,20.8973093,21.0683908,20.42880435,15.74188167,13.65436657,15.33349007,16.04888806,,15.71304348,16.03893678,15.48084914,14.99741379,15.65762343,15.55706635,15.92054598,15.75101199,18.00946146,18.59109195,27.30069056,27.25499125,1.478383617,0.980904434,1.605907046,3.534524296,0.772936259,5.031945634,-0.955802213,5.926262518,5.844171664,6.149258325,5.864273221,4.845758371,6.95600268,7.024436077,8.713032107,8.960409974,8.815533597,9.240036047,9.088050746,,,11.172495,11.57122381,12.28720958,11.7467255,11.96906433,12.59484008,13.51838399,14.00397391,13.10296394,13.89054223,16.30636557,15.96061969,25.51825962,24.90820148,24.88849836,19.66352449,25.74743878
3/1/2016,3.615537741,2.870430108,4.09871754,7.266895639,5.109794296,5.965100806,6.540416667,6.412914686,6.15544647,5.641634775,6.143121552,6.555361241,5.816897764,7.230317906,7.527364104,7.44780914,8.959354945,8.660483871,,8.190212307,8.858870968,7.774920484,8.990591398,8.524213827,8.442858813,10.59280196,8.639784946,10.49225141,9.84579827,10.41914446,9.418254601,12.02271505,10.26908602,13.3796533,15.96779703,16.57913745,22.04616909,24.83346774,24.46563898,24.67131253,20.58301192,18.89086022,19.44604455,18.74502688,,20.36747312,19.77047898,19.86590726,19.26148498,20.11380318,19.55795189,19.54623656,19.44301075,20.94851035,21.91217274,27.00935938,27.12970152,1.394745846,3.440287518,6.237004277,5.874441115,3.324898373,4.850341068,-0.563832398,5.828814973,5.908464478,6.152151524,6.291844532,5.277016129,7.076099707,7.186892239,9.052263828,9.430072464,9.240370318,9.273357346,9.141694725,10.43675595,,11.83624145,12.00024682,12.74609798,12.43353415,12.15859631,14.50591398,14.62284946,15.4266129,14.04266012,13.67274427,16.48293011,16.74744624,25.89478144,24.77581251,24.47608111,20.03677908,26.09899152
4/1/2016,4.665072485,4.977354523,5.930479798,,8.138611111,8.824091667,9.298887242,9.026502525,8.793327295,7.965182548,8.095438647,9.866570048,9.228168643,10.30765097,10.83629227,10.60127917,13.38483586,12.92294859,,12.78305139,12.90305556,11.48605972,13.79962835,13.26495556,12.68403382,15.32049722,13.29233696,14.30823807,13.26747585,14.07736111,12.87782609,14.69833333,13.48675505,15.49945323,18.50667874,19.2255078,24.11762077,26.68277778,26.4073644,26.6475785,23.61913647,20.93791667,22.12027778,21.31111111,,22.75402778,22.59828283,22.34253593,21.44662879,22.57736111,22.16019841,22.33487923,22.16652778,23.57972222,24.62041667,27.74157005,28.19138889,2.433434343,,10.32369728,8.286100681,6.467184783,5.525813753,3.559771629,6.62817578,6.730301932,7.002498888,7.474051932,6.560169082,8.48056223,8.575730676,9.820364515,10.26920455,10.11021739,10.08497749,9.853257576,13.32452703,,12.66282883,11.64663935,13.45255051,12.37862923,10.32148551,16.965,14.83472222,16.79569444,13.27858092,12.57305556,16.75558465,17.38132246,26.363907,25.18599034,25.21277778,21.50027174,26.36933575
5/1/2016,6.888186235,8.165250785,8.830241935,,12.32630568,12.88965171,13.93965054,13.57437972,13.15042076,12.20030782,11.12020576,13.86483754,13.46194377,14.26541608,14.81369427,12.90672481,16.82355816,16.46838954,,16.38730444,16.44388149,14.68277489,17.37850684,17.03785905,16.78511943,18.01374919,16.86344086,18.31148395,17.70783661,18.37994602,17.25576659,18.96360804,16.57162073,20.61323314,22.52572213,23.70489297,26.44591426,28.76332983,28.5,29.27912439,26.96543415,25.34116038,25.6426309,24.33139401,26.10631972,26.36397849,26.27513441,26.03155594,24.92265608,26.0069425,25.36692273,25.91639785,25.76844214,26.84704301,27.47217158,28.10005738,28.67818118,7.506701001,11.37788669,14.29178268,12.99073484,11.52062295,6.880077746,9.10473352,7.911308162,8.85840346,8.792081334,9.518092567,7.619298604,9.997596583,10.56397849,10.48100748,10.78862043,10.72105259,11.29203996,10.82494847,14.30663095,,12.1242318,,12.44992456,11.95829827,10.38177302,18.3383277,15.87674731,18.00342951,13.88544296,12.5235316,17.11120107,18.73773709,26.92928605,25.7974835,26.16926832,22.19458859,27.68779804
6/1/2016,8.787284001,11.23325893,13.02847222,,18.14236111,18.94778382,19.93777778,19.86199715,18.85818841,17.33454583,16.42889493,19.57026021,18.32093983,19.66533816,20.71158213,18.28836651,24.5725,24.4420471,,23.86730371,21.44497126,20.142293,25.32527778,24.18129861,24.08894324,25.88581134,23.59748256,24.80902313,23.39586737,23.79629227,22.34209651,24.92083333,20.8771278,24.84858696,27.12925725,28.00753568,29.22425121,30.925,30.26868577,31.15520531,29.98967391,29.66987319,29.20895641,27.55780303,29.25295345,30.04333333,29.78722222,29.5485,27.54875,28.87448617,28.44625,28.95333333,28.75211957,28.88317029,29.74959972,28.75963768,29.37158267,11.92519543,15.59554919,21.44733194,19.47060819,19.76754831,9.426294495,13.99213,9.641557971,11.36989734,11.12947903,12.87598979,9.449981078,12.99912181,12.81324275,10.70720347,10.74882576,11.18456522,12.26353284,11.78305556,15.77200276,12.75417874,12.66512077,9.608194444,13.90944444,12.51715462,10.45477328,20.28072464,17.50418478,19.96984903,15.06152778,13.57872475,17.91347826,,27.37781072,26.45793478,26.93829051,25.83453887,29.08899704
7/1/2016,11.19140023,13.94475806,15.51518817,25.47693237,22.42083333,23.05666199,23.92954864,24.12150538,22.84300491,20.96301925,21.04489247,23.97969208,21.64012883,24.11494857,25.00428195,21.04477126,27.70044413,27.56371535,26.84079009,27.71011061,22.90927419,23.07472446,28.92768817,27.56613575,28.15655096,28.97045348,27.82568957,29.13626584,26.8814441,27.69814097,26.02856475,28.56927083,22.17822581,28.10791307,29.98467742,29.89997716,30.82641421,31.84583333,31.38250428,32.42145278,31.82069892,31.49786115,31.12810309,30.47150538,30.73536699,31.04448925,31.23360215,31.1753293,31.03402875,31.52473118,30.0077957,30.41270772,30.4311828,29.17965755,30.68713184,29.0300714,29.4463885,16.28726625,20.30817608,24.63725768,23.66583578,24.05430108,11.88527038,15.38244507,10.92318841,12.86811151,14.14299906,13.63983253,10.31930963,14.3016321,14.10818139,11.51000468,11.37875175,11.69160474,13.08234365,12.60188172,16.93767532,12.76654979,11.92916667,8.779203324,14.08895565,12.31102849,10.11066716,20.79260753,17.59947405,20.20658602,15.02134175,14.66945259,19.73006981,,27.95872153,26.86047803,27.76357527,27.12876344,29.87419355
8/1/2016,12.88177371,15.42414095,16.89938427,26.09969612,23.58682211,24.32611618,25.14388414,25.46571784,24.37179294,22.77946734,22.94982468,25.98623439,24.44271727,25.57618886,26.13346084,23.50437202,27.71720013,28.53441399,28.11296166,28.97689113,25.016205,24.83286425,29.6858871,29.14122935,29.05860215,29.46614127,29.09361236,29.55457237,27.20348658,28.5936828,26.64400425,28.87123656,23.33771121,27.60887097,30.1963359,30.39638266,27.99832281,31.18467742,31.0162985,31.66916199,30.4526972,30.38561828,30.8172043,30.0594086,30.37495852,29.22594086,30.18752444,30.29449059,30.7733871,31.06320711,29.1844086,30.15510753,30.43315005,29.75080645,30.4416401,29.47828166,29.95350684,19.47775245,22.5646261,26.03480095,24.89379032,25.70198691,13.05268817,13.57126578,12.0125,13.01348974,14.83769072,13.93665636,10.29422043,14.75658602,13.46237994,12.18007831,11.46626344,11.92468263,13.66944462,13.14408144,15.71361469,11.53657083,10.93696237,10.20539972,15.17889785,13.20495776,12.35312009,20.06989247,18.11384409,19.90860215,16.2569834,15.14005376,18.90887097,,28.78720196,27.33413978,27.9297043,26.88099329,29.01004558
9/1/2016,13.27722222,14.63339646,16.21128623,22.42037698,21.97791667,21.88472367,22.23345466,22.53914251,21.85502508,20.73636413,21.56343015,23.75287698,23.40623188,23.57963958,23.41883368,23.02243285,24.75527778,25.28180556,25.41194444,25.58974286,23.4275,23.25691528,26.19305556,27.04091697,25.54263889,26.36930556,25.90137681,25.67496499,25.2606746,25.88180556,25.19679737,24.98722222,24.91400966,25.87041667,26.17261364,27.72518116,29.34203502,31.08697464,30.6330078,31.30611111,29.68887383,29.51263889,29.77824879,29.64319444,29.75079491,29.49930556,30.12954545,29.88950833,30.33995169,30.64777778,29.19527778,30.09736111,30.17180556,30.48597222,30.0900069,30.00489899,30.12552536,18.3066244,19.50509921,23.36271389,22.97031126,23.55018116,12.88638011,12.03230252,11.23723485,12.08295024,13.83041486,13.07076636,9.227203557,13.7175,12.56211266,11.17532609,10.76190766,11.3222321,13.45554473,13.19378678,16.24991711,12.93997749,12.05779864,10.49450758,14.35036232,13.07039306,11.16362614,19.72822793,18.06538285,19.50256039,16.21225921,15.55216184,18.214843,,28.27811585,27.18368961,27.64569444,27.59210749,29.68558575
10/1/2016,12.49034702,12.6542985,13.38966276,15.48449413,16.81491935,16.81344624,16.54543383,16.63669355,16.49402969,16.77212897,17.73937003,17.5452765,17.57933614,18.00735684,17.74097631,18.1065256,16.55518084,17.55322581,18.69979547,18.77830584,18.05067204,18.21714088,18.82002688,20.9986371,18.40686653,18.86094819,20.2578442,19.77836051,20.16877045,20.81822698,20.71982235,19.36962366,21.08575269,21.14424933,20.72889785,23.66095669,26.60692571,27.18830645,27.81635322,27.48336255,26.00693187,25.64743952,25.88064516,25.9702957,25.01357527,25.4459478,25.81021505,25.70472446,26.41747312,26.61653226,25.30649642,26.30152737,26.35700147,27.72217742,26.91466223,29.78709677,29.93884409,14.63618524,12.37959782,16.55040811,17.46152248,16.86706989,10.85430282,6.785135289,9.834274194,10.29424487,11.42712132,11.05208254,7.294892473,10.828739,10.30704344,10.46237925,10.64126344,10.82156966,12.70271033,12.34663978,13.21919705,13.34277859,12.74074501,13.13478278,13.93159824,13.1219086,12.17046509,18.11733871,16.67311828,17.73870968,15.34521388,14.99901239,17.96653226,,27.62795699,26.42311828,26.57916667,26.94370033,28.96837892
11/1/2016,10.70969697,9.998756039,9.532321429,9.767222222,11.08333333,11.63056511,10.94942719,10.63166667,10.80952899,12.02584257,13.41444444,11.14805556,11.76931313,12.04076608,10.33761364,12.19107591,9.803194444,10.60805556,12.3861715,12.20447222,11.82972222,11.91783169,11.74125,14.65052004,11.51186594,12.35293039,14.04525966,13.16343414,13.65275637,14.32430556,14.54041667,11.73763889,15.57253019,14.99555556,16.31964976,18.37621212,23.11291667,24.16236111,24.78466184,23.77886364,21.78803744,20.91934506,21.77672266,22.41011473,20.35318539,20.48478647,21.53063131,20.99922593,21.54458333,22.03746212,20.69270725,22.00541667,21.97402778,23.96479236,23.24687601,29.19208333,29.16638889,8.73045729,7.849873737,9.740511905,11.35069444,10.27123188,8.514655797,2.296420729,8.2868352,7.961280193,9.003787879,8.980588384,5.811708937,9.129027778,8.632584424,10.38245924,11.24676713,10.62142677,12.04907389,11.97783081,12.18388889,13.72880051,13.67541667,14.13694444,14.49716568,13.62833333,13.6155245,16.24660173,15.87161836,16.08707126,15.2302657,14.81343599,17.51263889,,26.53186835,25.01194444,24.98982143,24.94299425,27.97164251
12/1/2016,7.959139785,5.9606504,5.856317204,4.8875,5.967069892,6.174806739,5.594687938,5.113709677,5.642384398,6.991904081,8.67295412,5.43072995,6.565719963,7.021242934,5.334846891,7.199616234,3.631048387,3.933245676,5.532602852,5.714202957,6.330434783,6.892905914,5.140522865,7.777670024,5.243413978,5.226364022,8.039498597,7.799744432,8.538709677,8.868580369,9.298655914,7.252173913,10.93535849,11.06674264,11.89650538,14.54239609,22.06734133,25.2577957,25.37221514,23.9772552,20.12446487,17.53065101,18.26989247,19.09348729,16.08293011,16.06725806,17.82415515,14.63288038,15.19370033,15.78434751,15.28215453,15.61518817,15.66817658,17.47698912,16.96604722,27.86775947,27.70111033,4.366825513,1.786904762,2.485264775,4.770032726,3.100870734,6.370617642,-0.861594203,5.90776648,6.254803647,6.75672893,6.828364526,4.734817672,7.65015194,7.39242318,8.996866633,8.998488947,8.986085788,10.67698107,10.64567631,7.922598177,11.03828892,10.89543011,11.64038102,12.00913889,10.67687003,10.9034654,10.66044296,12.08810776,11.88726625,12.11780037,12.75193432,15.57129394,,,24.62930692,,23.04798387,26.7172569
1/1/2017,5.129301075,3.3841262,3.643326321,3.799596774,3.712231183,4.217928763,4.034385227,3.798284032,3.876436753,4.798542719,5.66159987,3.406565378,3.709003477,4.941427069,4.232410005,5.102537634,2.933630525,2.539662757,3.003570594,3.715277121,4.588037634,5.049616466,3.444477028,5.311895772,3.611021505,4.326362589,5.235518934,6.10611828,6.076519391,6.292384524,6.470833333,6.462365591,8.197673858,9.306451613,10.20524194,13.22553763,20.33574054,22.42258065,23.13162502,21.72364423,18.59536756,15.80295699,17.2719086,18.06809841,15.71624591,16.02924848,17.53077957,14.95154277,15.66915615,16.50175316,15.28467742,15.5108871,15.67028348,16.86440045,17.13302786,26.61152992,26.61778284,1.661291916,0.698568256,1.133967358,3.415456989,1.053712516,4.958091079,-0.987314591,4.056375643,5.554312232,6.235047252,5.888657083,3.97983871,6.751747312,6.969962599,7.63983276,7.581480832,7.790092166,9.107256471,8.976378087,6.479809544,9.312228526,9.317169238,9.744451425,10.39504035,10.06528167,11.17082165,9.148895512,10.49935718,10.66747312,10.79870851,12.92982998,14.93563748,,25.30008459,24.26591865,,21.82638499,27.06026765
2/1/2017,3.663341097,1.65007764,2.427827381,3.232780612,2.68431677,3.603620795,3.416443746,3.091356108,3.277326252,3.820786361,4.426368107,2.803281926,3.233249224,4.237916078,3.828718474,5.200692999,3.863237578,3.638201531,3.841479037,4.419689247,5.005357143,5.282621636,4.630411255,6.238539402,4.925716991,6.305897812,5.900321146,7.059326546,7.309308536,7.436011905,7.453720238,7.696096166,8.464225906,10.44516046,12.70420196,14.76969462,21.30755047,23.89048266,23.96363035,23.53657773,22.58577899,17.45886093,18.61071429,,17.52806677,18.8606937,18.88473547,17.84639992,17.81711957,19.0810217,18.16140708,17.99847308,17.94466042,19.68260582,21.07703216,27.16947464,26.95787396,1.446342815,1.203018172,1.705755005,4.152478002,0.657997238,3.908882105,-1.092857143,4.238244048,5.235054348,4.898092532,5.21747365,3.787946429,6.136314817,5.920184058,7.491946052,7.534550866,7.520016351,8.135071405,7.499299444,7.626636905,10.16203416,10.31264881,10.78703416,11.35603355,11.24866071,12.2164661,10.95952381,11.79108777,12.40625765,12.0124353,13.41289232,15.1679789,,25.27884964,23.94982531,23.29467521,20.33379329,26.89627739
3/1/2017,2.636968209,1.282526882,2.358847592,3.137125993,2.903442029,3.93155914,3.768600982,3.823901659,3.676432579,3.852232468,4.422598177,3.28914301,3.604797803,4.978709252,4.647441986,5.735783602,5.064083684,5.099795465,5.709139785,6.515309374,6.121838476,6.413131136,7.036075269,7.904317972,6.685320243,8.726852891,7.677330918,9.128875,8.825965829,9.499731183,9.007643759,9.486803747,9.024906498,11.64408602,14.73965585,16.23595404,21.76397265,23.81451613,23.99876895,23.9537985,23.6376335,19.09109506,19.778518,20.29672619,19.28648901,21.14996494,20.77886863,20.10168887,20.0622604,21.25648417,19.98522114,20.15422829,20.02052786,21.32261166,22.42796549,26.62720313,26.90260901,1.254892027,1.597642802,3.204638319,4.803874474,2.149409658,3.226320711,-1.162084555,2.557627821,5.614201691,4.664802478,4.14135588,3.290939095,5.417678488,5.714259,7.835882543,8.107004047,7.889880042,7.980549155,7.363244856,8.846054868,10.65889852,10.60708275,10.94387352,11.85612352,11.38338593,11.32895682,13.29669822,13.26634525,14.40412788,13.01602969,12.82403576,15.19774427,,25.99613881,25.11101566,25.28004992,20.6930421,27.8655452
4/1/2017,3.813611111,4.227663043,5.090126263,9.208825758,7.115338164,8.246566667,9.01942029,8.60415352,8.364941642,7.65788436,7.354067931,7.827194225,7.692518665,9.737777778,10.00753074,10.09373775,11.95228261,11.64909091,11.5227399,12.4093753,11.86962302,11.55618687,13.81280303,14.85991888,13.51296498,16.29711104,13.64497751,16.64022348,14.65313596,15.58503788,14.13729469,17.15344444,12.26546717,18.35699275,20.31652778,21.51522343,24.31755051,26.00233586,25.85295892,26.16353999,24.25771355,23.09666667,23.75576691,23.24772947,23.47277778,24.45944444,23.85695707,23.80638889,23.69916633,24.98027778,23.5289406,23.80497255,23.63128788,24.84951691,25.18647429,27.38708333,27.87652778,2.641608476,7.633387681,9.584709722,9.370561594,7.825758674,3.725412981,0.459027872,4.969305556,6.220858586,5.240649351,6.218753953,,6.870052701,7.086464803,8.768478261,9.389785354,9.041111111,8.631211572,7.931548808,10.92877964,11.65294082,11.27678543,10.99666486,12.22902778,11.54611111,10.56743961,14.96653986,14.0415942,15.7640157,13.14225845,11.65302536,15.09833333,,26.50736111,25.68847222,26.23805556,22.44180556,28.26171717
5/1/2017,5.409385227,8.091532258,8.131182796,13.89494135,12.74823349,12.95736118,13.78116101,13.65309375,13.36719064,12.6229266,11.29218677,12.70314217,13.52230014,14.72945514,15.11139422,13.92766972,16.83602151,16.83815451,16.71309607,17.93011585,15.9655914,16.05565017,18.91105072,19.07928834,17.95257714,19.16577555,18.25287181,20.11423706,18.89126344,19.88897849,18.30465543,19.93573144,16.55569244,21.5540715,23.21339198,24.96618762,26.51785297,29.16034946,28.55245465,,26.96618573,25.90205279,25.88002571,25.31137798,25.53514493,25.74462366,25.55322581,25.21478495,25.24037518,26.51743221,24.68039876,25.52554932,25.41838476,26.42849462,26.71015024,27.82629255,28.56851332,7.265367055,10.71021505,13.88706048,13.18727528,12.01048387,5.261637614,6.704435484,6.326829126,9.10402057,7.554032258,8.534298831,6.515552995,8.899409771,9.0307779,9.807928514,10.17099112,10.05520604,9.82768711,9.375597667,13.30467707,12.16998595,12.00401366,9.176321572,11.92886332,11.04574568,9.393817204,17.95094086,14.9956357,17.71895161,13.11541024,12.17582398,16.00327468,,26.60403226,25.99368758,26.74219762,22.33220547,28.83395278
6/1/2017,7.478137509,10.39916667,11.18763889,18.1675,17.57236111,18.04784722,19.33710749,19.1893599,18.22157585,17.13899695,15.63405193,18.46082223,17.84873957,19.59257246,20.73082126,17.618075,22.39787879,22.26705918,21.88143116,23.79630972,20.54846099,20.35149155,25.28472222,24.64895792,24.66877525,25.38575209,23.86411232,25.16244583,23.74832275,24.51673913,22.72152778,25.34152778,19.47544192,25.22916667,26.76362758,27.66538043,25.41125,30.535,29.87835663,,29.31713164,27.33472222,28.6686413,28.09425121,27.50659091,28.11222222,28.08555556,28.09277778,27.86799517,29.15597222,27.81188371,28.33625,28.36819444,29.51590561,29.88028046,28.40788647,29.23013889,12.14672222,15.61404201,20.19469382,19.74493028,19.11472222,7.642880435,11.71527174,8.009305556,10.60888889,10.00180556,10.78867424,7.839932605,11.05649758,11.64185661,10.57417984,10.68944444,10.87621435,11.30982927,10.70196138,15.65111111,13.06027778,12.82088384,10.00377415,12.98860507,12.4425,10.0079798,20.40583333,16.12777833,18.84236111,13.73931763,13.53166667,17.03180556,,27.08319444,26.56902778,27.59263889,25.60652778,29.50900362
7/1/2017,9.953629032,13.02492888,14.05577957,22.59711314,21.45935601,21.32247177,22.67957574,22.84495008,21.88085916,20.43623607,19.38611023,22.89530071,21.31203834,23.54366157,24.33201315,21.47565419,26.05490299,26.19456522,26.54698457,27.87324457,22.76226133,22.57760086,28.9507597,27.98585753,27.93064516,28.58787401,28.02612786,29.29483871,25.9602209,27.68978495,24.95374007,28.43919939,18.71431744,26.810826,29.07215989,29.72209507,28.08905446,31.76948925,31.22891963,,31.1362202,29.42490065,30.64663978,29.6400641,30.47958158,30.57272599,30.43413978,30.42979196,30.33965054,31.17258065,29.63700912,30.22217742,31.09901186,30.0886454,30.41771272,29.12432796,29.58533777,15.58177462,21.38818532,23.46894364,22.87375367,23.38974638,10.47304815,14.13328871,9.737401489,11.16136538,12.65169472,13.23260035,,12.89301075,13.03058088,11.44867929,11.50483871,11.70372394,12.79378745,12.06398912,15.8789956,11.26805771,11.49902408,8.764849229,15.02605083,12.46812125,10.05661524,21.49731183,17.18018031,19.98158602,14.67279102,15.46933146,19.29072581,,27.88051075,27.04005376,27.88803763,26.8516129,30.56586022
8/1/2017,11.7020511,14.0118347,15.17751286,22.52432569,21.94911758,22.02181684,22.87363466,23.28390656,22.07856369,20.68408266,20.96567587,23.43832849,23.09701379,24.06907889,24.29623072,23.64213453,24.52705279,24.81242987,25.27185016,26.72538844,24.74166667,24.48790323,27.60193452,27.43596765,26.43051075,26.63963885,27.14587477,27.66107918,25.77567204,27.15489715,25.34422043,26.63723118,22.936865,25.60496614,28.24126344,29.30715181,28.6374065,31.54516129,30.98916049,,31.1810367,29.78600397,30.74155563,,29.86317204,29.83933622,30.34032258,29.63942847,29.7499065,30.41384409,28.68167952,29.61662186,30.38010753,29.51075853,30.01143809,29.79792065,29.88400538,17.81260997,20.5817898,23.61270186,22.44874145,23.43602735,11.86640741,13.93532237,10.74126344,13.02897276,13.89440371,13.81443432,,14.03430926,13.39562083,12.02810309,11.65059023,11.9197614,13.33573605,12.88466626,16.10391538,11.62647516,12.05957807,11.22117812,15.09817937,13.40986804,11.97075152,21.19408602,18.33037634,20.32255143,16.30688406,15.59865591,19.02674731,,27.85819892,27.24905914,27.82311828,27.75376344,30.63894928
9/1/2017,12.34846618,13.59056763,14.73930556,19.96943574,19.9675,20.22336682,20.75003019,21.15208333,20.44439394,19.31135014,20.26754831,21.44263889,21.69079883,21.85532609,21.62445597,22.42180694,21.92511387,22.0223128,22.6214899,23.45727379,22.79531401,22.57314943,24.13160024,24.87960048,23.47253568,23.59468434,24.29547101,24.61455338,23.88625,24.43388889,23.85230655,23.89278986,23.98080182,24.53958333,25.6975,26.78311594,29.0829569,30.72876812,30.83123302,,29.28890653,27.4456401,28.48269881,,27.40014493,28.10530413,28.93,27.5725,26.50025088,27.87378019,27.78929128,28.03222222,28.23910628,28.77410024,28.46416667,28.9778109,29.7754672,16.69305195,19.27964458,20.89324385,20.195,21.06539855,10.6342149,11.10000604,10.96577483,12.32715666,12.34782499,12.38302218,,13.56912698,12.54951087,11.37358092,10.98166667,11.44357378,13.23873068,12.96048631,15.87376208,12.51393678,12.33597222,11.195,14.8731099,13.70038036,12.44180556,21.34012077,18.86569444,20.74144324,17.10682971,15.96358092,18.42792271,,28.31166667,27.48535628,28.19055556,27.83619565,30.68027284
10/1/2017,12.4219086,12.89596774,13.5399252,17.08987048,18.02706989,18.09742073,18.30930766,18.66071603,18.21222109,17.92493709,18.64521973,18.99085117,19.68346774,19.68634292,18.79516129,19.50183261,18.77325269,19.64908602,20.35483871,20.56310215,19.62311828,19.63521505,20.86801075,22.08944282,19.82961877,21.02058483,21.55999267,21.26002554,21.06943164,21.85201613,,20.08103369,21.4780914,21.67594086,23.60529081,24.34752221,27.10698342,27.81196237,28.05942613,,26.30521788,25.28319892,25.81155914,25.95839177,24.56182418,24.62890954,25.57688172,25.10624123,25.64931627,25.87782258,23.93491117,25.56075269,25.9838001,26.49896139,25.33991935,28.7390873,,14.4563172,14.3706483,18.09744083,18.0224218,17.52504091,9.470438608,7.456780071,9.501331867,10.01443348,10.51930315,10.66182796,,11.18629032,10.24017064,10.36438172,9.934110034,10.54745846,12.43265144,12.39042549,12.92305718,12.50425725,11.75188172,10.62371701,11.6418915,11.45900538,10.92956989,17.90873656,15.95174731,17.53400538,14.37580645,14.92065005,19.87526882,,27.75040323,26.73561828,26.97258065,25.60053763,30.19356007
11/1/2017,10.83786616,10.10693781,9.444166667,10.32333333,12.04055556,11.58481638,11.4518901,11.76583333,11.60229743,12.54523347,13.72157005,11.40417817,12.21636858,12.36682971,10.69901899,12.74177296,8.748611111,9.352906236,11.34245169,11.95710694,12.17375,12.15543972,11.67873188,14.74613889,11.32527778,10.90811561,14.07405468,13.80198333,14.13945707,14.46,,12.22972222,16.10185771,15.7425,16.86,17.81833333,,25.08805556,25.36669082,,21.66336353,20.05464646,21.23583333,22.06541667,18.91521629,19.42943517,20.61861111,20.00498737,20.33824713,21.10122475,20.26486111,20.81708333,21.27902778,23.18432849,21.89852053,28.64861111,,7.248371212,4.900694444,7.812121212,9.976417655,8.548194444,7.749457071,1.014855072,6.82,7.205138889,8.589408213,8.334432367,,8.292361111,7.556044686,9.364417388,9.442467925,9.53701087,11.11748134,11.1345264,10.15125,11.42530864,11.01208333,11.36791667,11.59171717,12.08583333,13.00352273,15.23321717,14.43763889,15.1792265,13.97705314,14.5185628,17.64594697,,27.17152778,25.70597222,25.28333333,23.25128404,28.7292814
12/1/2017,7.912342216,5.202646147,5.06733871,4.532824918,6.002150538,6.617670232,5.960594274,5.823216563,6.02050714,7.223128118,9.141736793,5.423171583,6.357491819,7.2960469,5.411529921,6.852033661,3.548252688,4.018145161,5.514889301,5.930085145,6.638978495,6.897040354,5.240994624,8.838038978,5.646955353,5.70909598,8.209878721,8.243774194,8.627749267,8.907722385,,6.397715054,11.39800831,10.17446237,11.65920407,13.57746611,20.90652778,23.13611501,23.47777636,,19.68424497,16.38410786,17.13360215,17.78212366,15.22738068,14.45884865,16.6641129,14.64704301,15.24575044,16.0688172,14.05211547,15.18884409,15.70172287,17.77174491,16.00419217,27.71223118,,3.425965298,1.191422287,2.077962833,4.98009212,2.979740958,6.28455652,-0.794489247,6.204042276,5.639577224,5.925567613,6.008687152,,6.710877003,6.604014727,8.842703154,8.645406285,8.809735858,9.875122721,10.05431532,8.019574249,10.12597222,10.41460963,11.12850684,10.88024194,10.55500818,11.6326496,11.3064633,12.20537316,12.01157635,12.22340888,13.70091642,16.39206989,,25.50080645,24.28202431,23.30625611,22.17306303,27.83590197
1/1/2018,4.70188172,1.243128291,0.955913978,0.614872604,0.567549261,1.075659946,0.807163996,0.970026882,0.683312994,2.339078503,3.039995575,0.271189808,0.356960028,1.391467544,0.413966807,1.06257597,0.565707212,0.501683561,0.663218946,0.627408018,0.639926792,1.024164329,1.033666964,2.741037844,0.809351063,1.565602554,1.796698223,2.813227151,2.06519986,2.453617345,,1.946908602,4.894054677,4.692876344,6.643875643,8.096931978,16.77899386,19.73459189,20.21968307,,13.47428939,11.33434576,12.55524194,13.3317964,10.72977518,10.76091035,12.02879714,9.645269442,10.10284091,11.23857527,9.799072793,9.989516129,10.26906849,12.05014671,12.20412576,27.0927175,,1.814542692,0.21720377,0.36818197,4.400385694,0.104323919,4.832079789,-0.953665689,4.962261996,5.109604435,5.661229228,5.360276149,,6.752639296,5.996680692,8.168598325,8.296664754,8.233480492,9.115146734,9.299227549,8.691935484,10.49856826,10.70003506,11.09345472,10.94108228,11.27422861,12.37086022,10.69637097,11.70739247,11.97517107,11.81295894,14.20658602,16.36491935,,25.22945886,,23.94750839,21.88899071,28.26151961
2/1/2018,4.030357143,1.914336272,2.734391469,3.555194805,2.143893037,2.800478778,3.526125776,3.634483225,3.337230614,3.251905791,3.38285279,1.761850817,2.220089286,3.741451981,3.71761893,3.93124353,3.274404762,3.25857684,3.581880529,3.48221875,4.120684524,4.294872835,3.872619048,4.729075893,4.004910714,5.053787879,4.10118283,7.379607143,5.660714286,6.447619048,,7.793251812,6.363988095,10.14759586,12.55516775,13.76611025,20.58458666,24.68449087,23.51757117,,19.59558747,17.15654762,18.03044218,17.24403468,17.84713634,19.30078287,18.66201475,15.80826609,15.71939935,17.96659903,16.56283199,14.99464286,16.07678571,15.1739889,17.87365895,25.73229167,,1.452266845,0.668861166,0.616829004,4.214195135,0.532412084,4.005276866,-1.093361801,3.85327381,4.26394457,4.257886905,3.977678571,,5.649215368,6.019966356,8.067609351,8.057034632,7.996134481,8.347345124,8.683424501,8.365385611,10.26383929,10.00892857,9.465238715,10.32684394,9.991815476,10.25877976,11.87872024,12.32143504,12.87380952,12.02111801,13.37559524,15.86532738,,25.14517045,,24.09421671,20.22098214,
3/1/2018,3.275085533,2.486676121,3.328396872,4.404423265,3.865651076,3.75666146,4.498345659,4.598252688,4.234641294,4.187071263,4.435526372,3.85015745,3.920142165,4.812453249,4.584822984,4.876420056,5.301329742,5.09613137,5.076282354,5.673544355,5.224205236,5.351747312,6.12057036,6.721090266,5.750806452,6.932600196,5.753975945,7.476989247,6.893241167,7.644263993,,7.368636045,6.940854371,8.909677419,13.22913001,15.0783719,21.07662459,23.4359961,,,19.59467625,18.41561477,19.27379032,19.26115591,18.78649804,20.48064516,20.40672043,19.8678163,19.50140837,21.21034946,20.6479079,20.07113881,21.24478728,20.85718056,22.01268913,26.74350684,27.4250447,1.400452633,1.600952017,2.716497195,4.979418484,0.758345021,3.759093793,-0.995338731,3.762096774,4.646645629,4.525053763,4.476913141,,5.726916784,6.428418654,8.041155914,8.137670534,8.02365007,8.320609142,8.78241213,8.710752688,9.938244826,9.702932551,9.718618513,9.991193315,10.23489364,10.79247312,12.47425146,12.26798419,13.1570259,11.88909621,12.68231366,14.76637341,,25.00018116,,23.42581247,20.76112085,
4/1/2018,3.875416667,4.281781401,4.893633697,7.737149758,6.337048611,7.016408937,7.885293698,8.68014016,7.057458644,6.507121212,6.502811045,6.512437901,6.872222222,8.126678744,8.282648457,8.510833333,9.213194444,8.967173913,8.980188787,10.05195292,9.44625,9.443333333,11.07821256,11.38938472,10.70845246,11.90840729,10.46455863,12.85914372,11.52109903,12.69399758,,13.65474034,9.813492063,14.67281401,17.25086957,18.07811594,23.68736111,27.28114899,,,23.70687637,21.04902778,21.69083333,20.98194444,21.11968599,22.11600845,21.70665404,20.85802083,20.10969203,21.62488958,21.11096618,21.30570652,22.86489899,22.83371357,22.95873188,27.06989734,27.62416667,1.141213219,4.101849034,5.947975328,6.824257246,2.524090909,4.403488691,0.95419137,4.950440821,6.288448068,5.485130215,5.722055336,,6.826126263,6.58159036,8.753000659,9.166884058,8.893786232,8.788186053,9.08303744,10.8710828,11.12695652,10.90152778,10.35564943,11.58506643,11.48961957,10.11979923,15.66980159,14.54463164,16.22570652,13.34216787,11.80843599,14.6963725,,26.29583333,,25.04419877,20.66438131,
5/1/2018,5.932526882,8.617514025,9.352419355,14.04786979,12.37098294,13.49554973,15.19767999,16.04686871,13.42781901,12.52056558,10.57711303,12.71687852,12.58184626,14.79988897,14.85055135,14.535928,17.22728495,17.15315294,17.25694434,18.50954277,16.58817789,16.52836606,20.29262397,20.64153226,19.45834463,20.446635,19.40578541,21.88958366,19.54828935,20.6687212,,22.08917719,15.13407497,22.56858679,23.09744624,24.31021505,25.91942496,27.01331814,,,26.20790673,25.65946301,26.35625877,25.43548387,26.8076921,28.98487631,27.47147031,27.44392608,26.87002688,28.53532502,27.1202957,26.73790323,28.34616325,27.43416643,27.76102151,27.33941678,27.82553763,5.082050342,11.27110215,14.08945739,12.57218964,11.45881596,5.445788708,6.049070827,6.168743891,7.328371903,6.589638319,7.623617512,6.900155924,8.569183242,9.002101662,10.06377077,10.27563539,10.23697193,10.44374123,10.34792278,14.11789388,11.81370968,11.78590463,9.783121538,11.01115591,11.22459677,10.14569892,17.75037401,15.24731183,17.44032258,13.28225806,12.075,16.20778986,,26.59522132,,25.40961672,22.05803742,
6/1/2018,8.582128898,11.15304317,12.62847222,18.03806818,17.21549444,17.73945048,19.47915459,20.3940122,18.21694444,16.99861111,15.81834541,17.70065762,18.06388889,20.2107971,20.07879141,18.94699495,22.86444444,22.70083333,22.13717556,23.5895245,20.97861111,20.75467391,24.97236111,23.69414251,23.68958333,22.87350022,24.65370993,25.78231389,25.14902778,25.55416667,,26.23430556,22.01805556,26.35861111,27.49734848,28.6743599,27.30513889,30.97529589,,,30.75618961,27.74805556,29.56722222,27.7775,29.27740152,30.86865942,29.82097222,29.72963333,29.70688406,31.54875,29.13228535,29.20930556,30.9346627,29.032245,29.65336439,28.34049572,28.58069444,12.32853535,15.33098595,21.36662989,18.0460404,17.90875,7.810640097,11.98675725,7.937644928,9.406656315,9.753396465,10.49111221,8.036031678,10.78625,11.7659025,10.79486111,10.72728865,10.91344971,11.46270531,11.42736715,15.89862923,12.64899758,12.41513285,9.040871212,10.99319444,11.7316578,9.655555556,20.02347222,16.44,19.24819444,14.04405358,13.5175,18.30811594,,27.20708333,,27.13125,25.17065657,
7/1/2018,11.24731661,14.15510753,15.56789388,23.07101449,22.08826344,23.54546517,24.89845722,25.91903343,23.36431744,21.51241234,20.84046868,23.12973118,21.22798454,24.21330645,24.90373424,21.98534946,26.65833333,26.77459677,26.61730418,27.45732235,23.97967876,23.50074961,28.82163978,27.42645325,27.32177419,27.09352979,27.37971014,27.9275402,26.48798504,27.26236559,,27.77741935,22.67083333,26.93414882,28.86908602,29.69551564,28.32411758,32.19868248,,30.86300204,30.90402641,29.93010753,30.51259775,29.20783236,30.28576505,31.19536583,30.23521505,30.63996909,30.91631604,32.99719495,29.853705,30.28283236,31.95485093,28.35779921,30.29627747,28.61008065,28.8641129,16.82647849,20.10259467,25.07857909,23.05745569,24.16612903,9.633911875,14.25193166,9.710703812,11.22821135,12.40955204,12.75700427,9.2818826,12.69679677,14.06740299,11.88790323,11.40163043,11.57534604,12.85490352,12.75262442,16.07958158,11.7702957,11.39516129,9.587005256,13.79870266,12.77192559,11.58169121,20.92083333,18.28212366,20.73373656,16.13099579,15.32768817,20.65544063,,27.77647849,,27.31989247,26.29556452,
8/1/2018,13.00619448,15.79991765,17.08128799,24.58880902,24.10381329,24.17953733,25.40245654,26.81418834,24.5113052,22.91444165,22.27706288,25.35265591,23.9895326,25.24583333,25.9163851,23.30201613,23.44489247,23.48037634,24.27243614,27.3180166,24.98660209,24.35070126,28.50396798,27.96685753,27.53830645,26.31077022,28.0921108,28.94808906,26.8449626,28.07628565,,28.5734574,22.48073229,27.66004399,27.72795699,29.07644343,28.23429339,31.07815887,,30.13296464,30.92352735,28.35818671,30.09540567,29.42284946,29.52543829,30.56077606,30.56606528,30.52289247,30.79538336,32.77976274,29.92939458,30.51161758,32.45669705,29.32993806,30.25313815,29.13924147,29.36384409,18.62055283,23.22728495,24.66080635,23.73307104,24.51895161,10.62647849,13.4864352,10.61706989,11.74280522,13.0272013,12.45221816,9.972821306,14.23479908,14.35336022,11.93644811,11.53633495,11.86424736,13.47181829,13.47123072,16.59586506,12.41738546,12.04672744,10.54210761,14.36179874,12.7101683,11.0178705,20.48366059,17.50337775,19.88158602,15.5348026,16.35887097,20.91902227,22.66530872,28.12470781,,27.36909771,26.92983287,
9/1/2018,13.39703502,14.81722222,16.59112319,21.6473099,21.93280894,21.34111111,22.09134058,23.59648857,21.95808575,20.94183904,21.50076087,22.95384662,23.26600845,23.60238966,23.22891304,23.77322519,21.11828283,21.44041667,22.44827018,25.24361472,24.39430139,24.09425725,25.47013889,26.25725525,24.78344203,23.64527009,26.7780314,27.19748463,26.86872475,27.55455918,,26.66787385,26.35958937,27.58402778,27.2390157,28.9589372,29.89388889,30.59263889,,30.32136473,30.76028931,29.11637077,30.04225242,29.57896739,29.14047101,29.28052097,29.96777778,28.84742639,28.99001812,31.02910024,28.06391304,28.77513889,32.00451581,29.40419082,29.22904589,29.32055556,29.40472222,17.17471861,17.65675616,22.8075011,22.07664965,22.3694686,11.22031401,12.56203502,10.04472222,11.78843176,13.25216787,12.76653986,8.974969587,13.53613527,12.39369565,11.30907005,10.74145202,11.47606755,13.34043842,13.52358696,15.52567633,13.15759058,12.04246377,10.91392,13.56680556,12.86258454,11.33500604,19.49694444,17.6645471,19.14916667,16.11638889,15.61736111,19.44877415,21.33783103,28.53804348,,27.80607817,26.96054348,
10/1/2018,12.17017298,12.1117743,12.81236559,15.35534812,16.70533824,16.22940042,16.50026882,17.99739258,16.43265399,16.40327628,17.82654862,17.3651426,18.37339932,17.73892802,16.92617302,19.3497412,14.39398918,14.45304465,15.60464002,18.50737781,19.09018624,19.29672957,18.87446237,21.45825105,17.82155797,17.7615005,21.15873656,20.87491447,21.3577346,22.14921692,,19.75367578,22.63387681,21.59692029,22.75399719,25.39425549,28.28965054,28.49754558,,28.0519986,28.01560255,25.99139785,28.43083687,27.4055405,25.86075365,25.65182374,26.70455767,24.7974654,24.99811676,26.71532258,24.04042777,25.05904628,26.97269433,25.87655344,24.28805517,28.96706989,29.04704301,9.859347507,10.95319444,15.297955,16.59284895,15.19919355,10.18194568,9.082380785,9.429887586,10.40336946,11.26577172,10.82347559,7.250829827,11.45735081,9.884101382,10.52284946,9.898570381,10.63459561,12.52784998,12.80984848,13.19327957,11.93000234,11.69542426,11.62083333,12.1948691,12.34274194,12.57987461,18.27674731,17.04425549,17.9375,15.92171576,16.3813172,18.74050951,18.79129266,28.60954301,,27.79045699,25.27152291,
11/1/2018,9.275700483,8.176170635,7.844484127,8.726978019,10.09850139,9.263265867,9.956781401,11.53786232,10.1642728,10.50901296,10.8491722,10.59616172,10.7977657,10.13223485,9.639722222,11.76746981,7.513611111,7.391527778,7.902777778,9.465826813,11.11255051,11.45387681,9.724516908,12.89683575,9.718888889,9.800715854,12.59097222,12.15246981,13.38222222,13.53953667,,11.64993357,15.40690873,14.86638889,14.23027778,18.01661075,24.88048611,26.34977657,,24.72378568,23.13533322,18.55366985,19.74248221,21.6931283,18.58164935,16.71878082,19.41236111,17.22272383,17.35257455,19.2136144,16.46527778,17.90069444,19.38722222,19.83460163,17.84424682,28.37434783,28.35119565,5.413636364,4.040827295,6.02357433,8.801196946,6.772083333,8.413839999,2.410966184,7.765261858,7.536437198,8.088732276,9.054128945,6.018586957,9.735368357,8.510707071,9.820150966,9.415288992,9.951247804,11.50101888,11.78878788,10.86364734,11.43035024,10.83221618,10.72319444,11.01367754,11.35851622,11.82746926,14.96486111,14.60102657,15.09172716,14.04191919,16.21554348,19.24313186,18.47025253,27.53328283,,26.37525966,23.61847222,
12/1/2018,6.421506439,4.162511688,4.84708923,4.320682679,4.962883065,6.207877513,6.490866059,8.221312529,6.370862553,7.068673764,7.394693554,6.152787518,5.892123018,6.320120383,5.914761571,7.139650538,4.627431043,4.41451241,4.815912278,4.715401915,6.689346657,6.824783246,5.166129032,8.124889498,5.576875877,5.784527492,6.909624825,7.403536973,8.247446237,8.097806886,,7.378592907,9.782204407,10.65624123,9.699327957,13.45223713,19.91999766,22.74279347,,20.44422961,18.16749361,14.29399252,16.16919121,17.15376344,14.67588804,14.40852117,16.63924731,14.38256673,13.76819776,16.49742127,14.36329476,15.23627279,16.98252688,17.52576076,16.44192061,27.51035159,27.18064516,2.147770912,0.965135577,1.966672511,5.556451613,2.719450465,6.032258065,-0.047783659,6.456023949,7.131182796,7.024836372,7.694904161,5.040585554,8.264603787,7.365322581,9.015652948,9.02974703,9.006739707,10.25983467,10.76289738,8.647820243,10.41778284,10.8530914,11.28684814,11.37256911,11.53577586,12.68478261,11.90456989,13.14462366,12.87673722,13.40789504,14.49018817,16.96475573,16.71481417,26.07286859,,24.3245413,22.19905914,
1/1/2019,3.582018467,1.566246972,2.638370734,2.260758065,2.798053939,3.878917886,4.020137915,6.015484817,4.101312742,4.723366985,5.060600748,3.50332796,3.400252504,4.026489347,3.476075269,4.983697777,2.581624424,2.523331846,3.082309597,,4.42264174,4.737540907,3.680278592,5.705026775,3.815053763,4.281174296,5.326051893,5.7489072,6.607960921,7.261949645,,5.63434432,8.035923222,8.856854839,9.805189341,13.50929438,20.09617111,21.72644184,,19.77876344,17.62040506,14.26196237,15.65057854,16.54556452,14.2946295,13.74141789,15.21182796,12.97463874,12.2220122,14.44516129,12.90636396,13.710928,14.46128364,15.5551309,15.09183029,26.30648083,26.40913978,1.332989609,0.270826958,1.004086447,4.594354839,1.239543755,4.91718806,-0.887716469,5.43906084,6.168267882,6.130386438,6.095061414,4.606480832,7.588908368,6.673211781,8.655620617,8.618948,8.609922861,,9.839720664,8.600163628,10.53682211,10.7537576,10.98314989,10.90913394,11.05295699,12.00424795,10.43577022,12.03387097,11.75174731,12.27910238,13.82201379,15.95146681,15.63427419,25.13757597,,24.01383175,21.42581814,
2/1/2019,1.859230308,0.076931583,1.287492942,1.794043672,1.603307336,2.466605496,2.833417443,4.862137681,2.973712474,3.331435865,3.742399651,1.911961698,0.92514881,3.019963415,2.655505952,3.346713251,2.679149609,2.470135752,2.421535032,2.494844962,3.574026226,3.688892222,2.714434524,4.192042514,2.92834145,4.027940765,3.961024257,5.607236966,6.325073522,6.746513378,,6.639714497,7.171283375,9.418931159,10.94800725,13.46404868,18.72937312,24.72728449,,23.11980461,19.19621741,16.33284632,16.87915137,16.69940476,15.69216486,17.38266516,16.58611786,14.37220556,13.95373059,15.65291149,14.48297243,14.41243942,14.44247508,15.77330839,16.69502165,26.35594591,26.54268892,1.218520022,0.404346902,0.158827477,4.049769433,0.200331733,4.643708827,-0.980020626,5.251099224,5.84165942,5.963929865,5.381508211,3.724506517,6.398723061,6.354613095,7.96860119,7.888962215,7.952708485,,8.968499435,7.256512328,9.700963103,9.972817264,,10.54796549,10.6782544,11.93113119,10.30201863,11.83351449,11.61399457,12.07833792,13.49805312,15.47756329,14.92346661,24.88229931,,22.86059508,20.62736154,
3/1/2019,2.166680479,0.767473118,2.475549853,4.042229839,3.096242403,3.839247312,4.461394449,7.021725318,4.341490516,4.453664095,4.83505614,3.415687128,3.083777466,4.8715282,5.215579179,5.65849218,5.857526882,5.54602618,5.679079844,6.040153792,6.031182796,6.094653406,7.060238429,7.514755727,6.687218964,7.615105296,6.815082983,8.707088593,8.268519168,8.709274194,,9.422849462,7.990774151,10.90326421,13.00887097,15.8437404,20.2267018,25.23924731,,23.67317087,21.61951156,18.51048387,18.22798589,18.375,17.98172043,18.93938172,17.44166667,17.03879032,16.29646288,18.12713301,16.90202197,17.01879277,16.7098226,18.14878448,18.55068957,26.62392473,27.04731183,1.220261167,1.74526648,2.177465043,4.266428171,0.646920821,4.621106401,-0.500250223,5.595369013,5.715811375,5.064570849,5.557512006,4.038354796,6.620728144,6.971825194,8.001794594,8.194161992,8.199462366,,8.823790323,8.931854839,10.14079593,10.5314718,,11.19150357,11.12298387,12.03494624,12.3719086,12.85457733,13.43008415,12.65094086,13.00956745,15.49613881,15.34080178,25.01357527,,23.65230879,21.58494624,
4/1/2019,3.749471872,4.20784054,5.495977011,9.950093722,8.14135101,8.393073176,9.689915459,12.51361331,9.23785628,8.367540153,8.550899147,8.185732323,8.255217391,10.27888889,10.73125,10.53486111,12.04277288,12.16575601,12.27715121,13.47233092,11.8458071,11.66852746,15.18741196,14.40152723,13.78497956,15.37228535,13.27097167,15.55703502,13.94579545,14.8425,,16.67416667,11.22458333,17.57071191,18.62826768,19.55242424,24.09097222,27.32888889,,26.13804952,24.44349802,21.50985889,22.388125,21.07833514,21.2019697,22.22336886,21.35105937,20.94227407,20.13629286,21.72833333,20.81408816,20.69335697,20.57434731,22.3450807,23.06236111,27.34154972,27.54695773,1.351884529,6.433472222,8.107444408,8.036539855,2.671505204,5.203975626,2.808362741,6.376237923,6.884459204,6.312578502,6.953487421,5.588194444,7.461904762,7.597083333,9.185004392,9.590748792,9.298055556,,9.276111111,11.69611111,11.62072464,11.69072852,,11.78636638,12.03291667,10.44407609,15.79958333,14.8766244,16.50041667,13.71388889,12.95083333,15.67361111,16.44513889,26.20513889,,25.67638889,22.62036232,
5/1/2019,5.373562412,7.147954652,8.591263441,13.40429299,12.36612903,12.1907119,13.47148451,15.52001041,13.09604371,12.14758065,,12.37436021,13.65839602,14.8875,15.15294363,14.08411641,16.26584602,15.99112903,16.15531791,18.3063698,16.41882776,16.20813775,20.29681988,20.46830879,19.56546219,20.28596041,20.18412225,22.13546103,20.16956256,21.87083333,,22.7673913,17.03037634,22.9258787,24.83903048,25.57432583,27.23897849,29.42647849,,28.96529921,28.62176516,26.92782258,27.48803763,26.68444444,26.89099462,27.69817087,26.9141129,26.08387097,25.28720781,26.84717742,26.1625748,26.32683634,26.12640169,26.89991659,27.40984689,27.60087366,28.3344086,5.654261003,10.11782542,13.41909081,12.58845741,10.68924731,6.43938172,7.737274059,7.146674848,8.727822581,8.102628671,9.009390008,6.745124102,9.016801075,9.401989566,10.23365057,10.20456989,10.2641416,,10.46807504,14.21731427,11.52535329,11.14208663,9.530510753,11.82817693,11.76612903,10.9512015,17.44681085,15.69905914,17.24462366,14.45349462,13.45783236,15.78776882,17.73626528,27.36854839,,27.14798387,23.69771505,
6/1/2019,7.733888889,10.33207126,12.18902778,18.74381313,17.22805556,17.36384175,19.18216787,20.97406401,18.28866546,17.12302262,15.77939479,17.62509995,17.32085749,19.68299846,20.54574879,19.02182697,21.3513285,21.17342391,21.72204545,23.86084596,20.9325785,20.49841002,24.93196695,24.46766908,24.46760705,25.53624671,24.38335263,25.60315876,23.85987923,24.91152778,,25.80881643,19.85639603,25.35855159,27.54816652,28.08175725,25.93161616,31.77368961,,31.04863527,31.02212231,29.61335749,29.64992754,28.39536232,29.47969266,30.66272947,29.94986715,29.02574179,28.22207729,29.15094807,28.45157648,29.01240777,28.95358092,29.57081083,30.18978261,28.43319444,29.21847222,10.78315657,13.64291546,19.51549901,17.12481061,17.77608696,8.787282609,13.45193097,9.24510101,10.10452851,10.26743138,11.66634921,8.838840361,11.26085145,12.42361111,11.11250439,11.04789032,11.23243087,,11.63393939,14.91155797,11.49354469,11.29535256,8.389069186,11.93776515,11.59592391,10.08705918,20.25139493,17.08930556,19.50769324,14.94470411,14.145,17.47930556,18.21712176,28.00484903,,27.84681159,24.63998518,
7/1/2019,9.963709677,13.79979798,15.94663978,22.82643248,22.157138,21.67152151,23.63388167,25.34663978,22.88736878,20.93655914,20.1817964,22.53607488,20.62817693,23.92883357,25.04043946,21.07990686,26.56997429,26.46679126,26.8604504,28.55320084,23.27489132,22.92114055,29.29591887,28.42273259,28.58053997,29.11038229,28.4346567,29.34403927,26.60093502,28.0672043,,29.39721099,21.21326219,27.27647849,29.77192782,29.95087058,28.03870968,31.76772638,,30.64174264,30.93792076,30.2577957,30.33165099,29.70070523,30.22223586,29.79685775,29.96924596,29.51461145,29.26847242,30.10338943,30.02489146,29.52691094,29.74539208,29.88680458,30.48241,29.19795382,29.46196237,15.84032258,20.27327022,25.41129283,23.51516366,24.17899029,11.67034032,15.74236492,10.7814422,11.90803264,12.66638032,12.82641041,9.855491734,13.04834831,14.99274194,11.44960254,11.20077723,11.66586053,,12.65808849,18.36292713,13.60202144,13.32922293,9.212349654,13.43955969,12.64194695,9.812926601,20.99577596,17.77405914,20.2836489,15.32193198,14.92634409,18.69966106,19.89902408,28.52780558,,28.29199977,27.0698266,
8/1/2019,11.78953533,14.35187588,16.45699509,23.4305766,22.71733871,22.49851619,23.71607773,25.53049959,23.18422744,21.38902737,21.42143206,23.96021522,22.80326087,24.65441211,24.69483403,22.25093767,26.21513558,26.41872392,26.92571295,28.23976051,23.19985337,23.14455034,28.45725806,28.60926197,27.84798387,28.39395161,28.08937588,28.40098177,25.45592567,26.97782258,,27.33145161,21.09187386,26.77352151,29.29241787,29.77635577,28.6094086,31.96747312,,30.0310485,31.21723352,30.47739492,30.54973118,30.24145545,30.68267298,30.41935484,,30.59701625,30.93421576,31.53239247,31.5228144,30.7266129,31.00806452,30.08954535,31.46686005,29.35120968,29.71317204,17.05191519,22.02118566,24.48669355,24.56439521,24.55419004,12.5389259,15.57655885,11.12422861,12.52910833,14.72565982,13.70543478,10.44791912,13.8297043,14.64758065,11.83299439,11.23602151,11.9139259,,13.62224967,18.05020453,12.85367419,13.20418564,10.53944631,14.88555718,13.51075094,10.99993572,21.9672043,18.88615591,21.30981183,16.5672043,15.38965054,18.54258309,19.85053763,28.81622838,,28.89516129,28.49320988,
9/1/2019,12.12458333,13.51966184,15.64166667,20.49631203,20.53603975,20.01876225,20.83882638,22.80714646,20.58306936,19.62472222,20.62939614,21.78475132,22.06592995,22.60990079,22.33275433,22.54527174,23.12378184,23.54875,24.08386473,24.69309179,23.38652778,23.19102778,24.68430556,26.01055556,24.70041667,25.67760101,25.42984017,25.89384662,24.91542874,25.76291667,,24.90888889,,25.09122475,26.753135,27.75581028,28.62069444,29.65649758,,29.46095702,30.18849034,29.81847222,29.6609843,29.47916667,29.94958333,30.13263889,,29.74673194,29.49099034,30.40833333,30.20861111,29.77180556,29.93819444,30.41553979,30.60507246,30.11381313,30.36069444,15.4612518,15.34897113,22.29722222,22.38564468,21.79916667,10.8358756,12.95824989,10.83333333,12.51370514,13.80209596,12.69243687,9.414317115,13.43374396,13.2772096,11.40926932,10.83004386,11.58723485,,13.68955556,17.47625,15.52558937,13.90348765,12.82973188,14.80930556,14.09317339,10.87469807,21.44388889,18.58138889,20.85986111,16.30263889,15.62194444,20.69781401,21.91680556,29.0475,,28.58972222,28.75830314,
10/1/2019,11.73289694,12.09556452,12.72532258,15.22107293,16.25173479,15.66159788,16.16357178,18.00056685,16.01721971,16.1176284,17.04819584,16.73818426,17.72811828,17.7801835,16.96480832,17.99184365,17.00662108,17.29506194,18.66853086,19.13639551,18.27755376,18.12674731,18.92365591,21.48432041,18.97601417,19.75019285,20.56437003,20.5646856,20.26106659,21.24226858,,19.3869868,,21.49887214,23.92904894,24.96148689,27.79516129,29.07889785,,28.55456897,28.26009765,26.70832111,27.15420757,27.34579243,26.21571996,25.2810367,,24.6725263,25.17070477,25.79100047,23.64156565,25.24459178,25.63735975,26.91317576,26.28145161,30.18109833,30.37392473,12.53148827,10.41807504,16.38925103,18.01091313,16.09997662,9.77176835,7.577997407,8.798998197,10.64693198,10.50116498,10.49432516,7.875882422,11.04391655,10.44208742,10.57615018,9.912021335,10.6313698,,12.85265326,12.6953892,11.71886261,11.39462366,10.22744857,11.54825269,11.80913978,10.55331931,17.76774194,15.81034946,17.04428471,14.29393408,14.59126344,19.17328775,18.76398434,28.74454184,,28.05808789,26.37012304,
11/1/2019,9.970972222,9.098799956,8.546099896,9.29386289,10.61816417,10.17651668,10.485973,12.33700483,10.15645696,11.2431401,12.72724238,10.08018445,11.48,11.40556818,10.05227053,11.64829381,8.192512626,7.655796552,9.413568841,11.09400966,10.90777778,10.80774155,10.34513889,14.07038043,10.7474215,10.57860119,12.92169686,12.03445048,12.78798913,13.32216238,,10.92493357,15.91460617,14.80454271,15.95651954,17.11768116,24.05525253,25.78658213,,24.39375,23.32658816,18.83166667,19.91611111,20.57884662,17.9191469,16.07364734,,16.82402778,16.72796662,17.83643994,15.9159327,17.29209541,17.37936869,19.66035024,19.08268281,29.25154589,29.02111111,5.655845411,3.63625,6.634545455,9.126757246,7.930257937,8.852637791,3.758795894,8.133230676,8.839371981,9.108238127,8.780428744,6.581805556,9.516853865,9.215712011,9.6275,8.834294027,9.621234629,,11.69507678,10.00377415,9.525340909,9.69852657,10.20625,10.61151296,10.52819444,11.03798474,14.42195707,13.64023551,14.18258454,13.10308575,15.18326087,18.29819444,17.39442029,27.88925725,,27.07177536,23.05209596,
12/1/2019,7.01155914,5.018686515,4.944027583,4.646102151,5.22843406,4.883788336,5.218852779,7.261231884,5.433683964,6.29215651,7.412369538,5.143974988,5.679802053,6.290139296,5.429862085,6.879154979,3.460801564,3.247125052,4.216534004,5.593694483,6.616421225,6.665933529,4.954875367,8.119794721,6.13480014,5.156777924,7.590369331,7.402974521,8.490322581,8.876612903,,7.590053763,,11.46718516,11.24260753,13.65727241,21.2637389,23.84651122,,21.88802718,20.27571325,15.94697182,16.62764727,17.16446938,15.64259265,15.17358313,,15.96487027,15.81994135,16.98682796,13.97832515,16.12645724,16.36226784,18.29737611,18.37767064,28.24719867,28.15577957,2.3778348,1.262519125,2.524193548,4.646360874,3.168647733,6.657385035,-0.079319882,6.727150538,7.597849462,7.229242105,7.330376344,5.388575269,7.712558439,7.267204301,8.793801267,8.281042543,8.787388967,,10.43392941,8.222177419,9.600806452,10.22150538,10.75207958,10.59404936,11.13172043,11.90827064,11.30591398,12.18857527,12.0395071,12.26486111,14.19349078,16.70215054,16.04356007,26.89475806,,25.32594086,21.39272281,
1/1/2020,5.016666667,2.909408602,3.793548387,3.74422043,4.093004812,4.042146505,4.557465787,6.595430108,4.797134008,5.011870723,5.940638908,4.169257011,4.877887228,5.55641655,5.11066503,5.941333567,3.621505376,3.570026882,4.123875855,4.748322814,5.997311828,5.881586022,4.541666667,6.974147329,5.47410611,5.646982068,6.535963067,7.268951613,7.697849462,8.194331463,,7.55134993,,10.77176676,11.87701613,13.83857527,20.64073803,22.44247312,,20.99528239,18.85826055,15.20336022,16.67526882,16.89032258,,15.63191143,,15.32903837,15.3074626,16.72389551,14.39596774,15.64378267,15.79092131,17.88802709,18.90950635,27.24247312,27.3280914,1.481572315,0.556009286,1.543761422,3.677022428,2.577407667,3.988966276,-0.997622083,3.763329827,,5.591129032,5.279117791,4.142852969,6.578747503,6.590725806,8.351050831,8.140041544,8.122788066,,9.574853372,8.661815738,10.01491351,10.20766129,10.60294477,10.44452272,10.52580645,11.43615591,10.20887097,11.8266129,11.60587307,12.03776882,13.37392473,16.09798387,15.56491935,25.634663,24.74365079,24.21160589,20.94166667,25.83101852
2/1/2020,3.519671414,1.913193403,3.061750375,3.944571464,3.765211144,3.617588661,4.541755461,6.477005247,4.418281768,4.771989005,5.334386557,3.884340865,,5.360329981,5.14056097,6.096288787,4.30665917,4.105603448,4.517571571,5.194929619,6.606084458,6.098019172,5.069733883,6.933145351,5.836274481,6.387137681,6.443253373,7.534957521,7.565329835,8.024943778,,8.321175776,8.800416667,10.15259359,11.57797976,13.54469015,19.89868515,23.85558414,,22.94087994,19.48006167,15.44584015,16.51888052,16.61215642,,16.3233565,,15.20359593,14.72699275,16.43504498,13.69756729,15.23631196,15.21853448,17.28917416,18.03961372,27.18498251,27.20532859,1.35176673,0.46768752,0.745814593,3.075966071,1.442222639,3.075730885,-1.101445706,2.839055472,,4.211128527,4.65876234,3.516731975,5.329953205,6.422769865,8.179472764,8.11067648,8.070777111,,9.247532484,8.799133469,10.14204262,10.0828086,9.22301974,9.916840443,9.704853823,10.14945652,11.73615692,12.2181909,12.83688156,12.4152986,13.51092976,16.02843578,15.39773238,25.27451104,24.37634933,23.87127061,20.25184283,25.74905672
3/1/2020,3.320967742,2.948729228,4.507777105,6.260581623,5.496867695,5.598330783,6.716539303,8.772580645,6.535178397,6.235349462,6.48187275,5.933193081,,7.532391411,7.541046156,7.858333333,8.279203324,8.044758065,8.089913511,8.240985061,8.663306452,8.670295699,8.535220898,10.06196237,8.84095195,10.51755865,9.312180713,11.22150538,10.30435951,10.92263324,,11.80219729,,12.92057674,15.25949413,16.53502221,22.26975806,24.82674731,,24.60904589,23.83793025,19.59398668,20.93597529,20.98212366,20.53572347,22.15089735,,20.35362903,19.56948925,21.37379032,20.15400187,20.04725923,19.950789,21.40369916,23.36159792,27.02703533,27.28103457,1.152406073,2.767166077,4.029358679,4.411794271,4.049103269,2.886269072,-1.097241702,3.006885652,,4.478391028,4.683255238,3.71043712,5.713888181,6.178897849,8.08379348,8.004411046,8.1125,,8.993010753,9.092204301,9.466593353,9.667806474,9.082025904,9.787428811,10.31115591,11.2130132,13.90524194,13.16526999,14.25259042,13.91962366,14.68182796,16.62897913,16.24440371,25.15933529,24.21463726,24.03951613,20.6914871,26.80130902
4/1/2020,4.454583333,4.950183575,6.16375,8.035050505,7.733055556,7.574221014,8.553979384,10.43041667,8.303768116,7.716437198,8.235827295,8.459918753,,9.986758972,9.927222222,9.669671717,10.84930556,10.59840909,10.90782609,11.89571695,10.87007246,10.85291667,12.12875,12.9220337,11.97912639,13.91930556,13.08113197,14.86856061,13.51057367,14.58027778,,14.29198562,,15.51375,19.4280303,20.77494565,24.78986111,29.0161715,,27.61152778,26.23424078,22.56968434,,21.34986111,22.96423913,24.02150787,,22.48963,22.49449385,23.53680556,21.75982143,22.65629956,22.84893939,24.24993357,25.2438587,28.02159091,28.74016304,2.183737374,7.98327381,8.004583333,8.397923568,8.262637913,3.721871981,0.180024155,4.608070927,,5.357550505,5.697997835,4.980467172,6.758611111,7.185,8.758687418,8.805833333,8.79625,,9.460694444,11.79708333,10.83805556,11.14111745,10.45847222,11.55699495,11.57763889,10.73512446,16.03958333,14.83673309,16.47810606,15.13414683,12.96177262,16.25402778,16.21648441,25.89541667,25.18512681,25.8475,21.58208333,26.84875
5/1/2020,6.185349462,7.802150538,9.251969378,12.73978495,11.53467742,11.76739874,13.1008633,14.55318915,12.31113944,11.50775479,10.82849462,12.5868253,,13.8668712,13.84869788,13.03632539,16.19744624,15.48467742,14.93484848,15.63883452,14.68104839,14.30367206,16.20516862,17.43569589,16.07039881,17.34567972,16.32895044,18.26407625,16.99739851,17.6031849,,18.47392473,,19.30994624,21.4197825,23.5638349,25.4561828,28.13642473,28.36991747,27.66548143,27.50838188,24.35900538,,24.01908602,25.16847985,26.46795869,,25.3740942,25.02795699,25.99946237,24.99074334,25.66970547,25.76304014,26.76030702,28.21551543,28.68844086,29.27083333,5.717521994,9.481106826,12.06740688,11.2088783,11.85322581,5.491263441,7.102284946,6.599645119,,8.282620383,8.588410189,6.766103835,8.936921459,10.05613445,9.878956288,10.5469086,10.16329211,,10.28317449,14.70509265,13.37620968,,11.37335044,13.15274183,12.84193548,10.94935133,19.47123656,16.62273471,19.33481183,15.54423948,13.09341398,17.24744624,18.37304198,26.9077957,25.91518817,26.66612903,23.6641129,28.07002688
6/1/2020,8.495555556,11.75402778,13.99125,19.34027778,18.04361111,18.71228261,20.22106555,21.57467172,19.09615942,17.34543478,16.14921498,18.31905193,,20.5125,21.27716787,17.77139932,24.10742409,23.86069444,23.54166667,23.72706263,20.52638889,20.23845723,24.73430556,23.52578816,24.16009503,25.62361111,23.3786715,24.55886364,22.73485507,23.48958333,,25.15305556,,24.73375,24.47666667,26.57673968,28.48652778,30.82083333,30.09027778,30.36650253,30.93706522,28.54685332,,28.10805556,29.14830808,28.55725042,,28.71486111,28.73225845,29.34138285,27.80746429,28.50019324,28.70320048,,29.82006862,29.38166667,29.85003623,11.71041667,14.64793651,19.63569633,17.92959024,19.98703502,7.704118357,12.74724034,9.016527778,,11.71875,11.25734596,8.138227226,10.65156401,12.215,10.65759058,10.58044082,10.79830369,,11.58705267,15.42823068,12.39402778,,9.727222222,12.95583586,12.34012626,11.24263076,21.07736111,17.71347222,20.3875,16.34027778,14.45017677,17.7757233,19.5509843,27.01555556,26.21375,27.22444444,26.9060628,29.64013889
7/1/2020,10.71021505,14.56400187,17.44641187,23.48007246,22.45107527,22.89470547,24.60873656,25.92325269,23.60207457,21.79540089,20.87513441,23.67730225,,25.35654511,26.01236476,22.40300374,27.71910355,27.72660122,27.58387097,28.78198925,24.85510753,24.24817396,29.35215054,28.40525941,29.00591398,29.78674242,28.649718,30.07323516,27.75858568,28.434152,,30.07869331,,28.33967391,29.25376344,29.86858504,29.14260753,31.54363604,31.08548971,31.18677536,31.82318628,30.015831,,27.76658885,30.21130042,29.35962482,,29.72646096,30.31324217,30.5837424,29.11129032,29.35725806,29.84139785,,30.89549205,29.70604839,29.71595956,16.63291075,21.31712833,25.51017415,23.56801925,25.91599462,10.63765725,14.90524194,10.58361809,,13.83225806,13.34153856,9.23164446,13.11642707,13.36317789,11.57327713,11.18491436,11.34334704,,12.76872294,16.34118216,11.93548387,,8.833670152,13.18967019,12.36984569,12.09139785,21.00551075,18.21262856,20.66303763,17.06760753,14.81597709,17.06172861,18.92129063,27.59818841,26.8969086,27.79986559,27.00191094,29.65127396
8/1/2020,12.38244507,15.19860916,17.88262038,24.28932913,23.85998714,23.83318139,24.62480131,26.35733403,23.94958881,22.28696821,22.7897791,25.05215638,,25.36802244,25.73420273,22.28929406,25.77631904,25.84475222,25.97786508,28.05912225,24.16006311,24.4024507,28.28284086,28.62165607,28.16899162,28.11825035,28.29860013,28.79288219,27.15094086,28.20757363,,28.02632655,,28.1624449,28.23458392,29.8547043,30.31002805,31.92373835,31.54692613,31.18396447,32.30317799,30.16603553,,30.00131487,30.46555633,30.48258198,,30.37227092,30.69851566,31.15880934,29.41123773,30.48703249,31.07553763,,31.75178822,29.72215989,29.85486793,18.48578274,23.08065154,24.79039271,23.35642512,25.32007521,11.22851216,15.0112202,11.73875271,,14.79528401,13.50801374,9.869845722,14.09152057,14.07777583,11.89448574,11.23552478,11.71500701,,13.44953834,16.77999649,11.88768116,,10.48341196,14.81075269,13.14209895,12.06422394,21.85634642,18.86613571,21.06324801,17.43351449,15.33162693,18.55867812,18.84844766,27.89994156,26.96930809,27.65839177,27.47394619,29.75224988
9/1/2020,12.64694444,13.68512462,15.38355676,19.96342846,20.8485359,20.12766304,20.7684265,22.59692194,20.67767841,19.90847222,20.82831083,21.70426391,,22.6525,,22.26138889,22.01342995,22.86275966,23.79902778,24.07076087,22.66691919,22.36111111,24.068907,25.3351014,23.73486715,23.96558081,24.85977053,24.62665459,23.87696068,24.73137901,,23.57249177,,24.53663043,26.03131313,27.46636089,29.08256368,30.4539372,30.51415984,29.74224199,30.42421145,27.20932257,,28.10041667,27.45453197,27.74341184,,28.22464325,28.71083333,29.05043858,26.43555556,28.36509607,28.9927904,,28.92287502,30.35333333,30.51356445,14.51033205,17.57538098,21.08526241,21.09741616,21.66265732,10.76253401,12.13079106,11.04320652,,13.1451355,12.80531895,9.559524672,13.29413694,12.42555556,11.23143171,10.6901901,11.20150794,,13.38156746,15.83063837,12.16763889,,12.71875,14.05652778,13.8742763,12.15826142,20.64069444,18.22577514,19.88684783,17.17152778,15.73597222,18.23296443,19.98281621,27.54541063,26.97069444,27.78986111,28.30887272,29.8381099
10/1/2020,12.19011486,12.23165413,12.7094086,16.42631487,17.11083033,16.44674845,16.98387097,18.94933964,16.91510636,17.07795699,17.79038686,17.34278762,,17.80685484,,18.53515077,16.6539301,17.27836022,18.51545699,18.87393315,18.84583333,18.60098761,18.60994624,20.84603817,18.72210358,19.0582478,20.0364744,20.17069892,19.91002221,20.08037634,,19.57005655,,21.19353872,21.49865591,23.67966286,27.77315623,28.79799821,28.88877252,28.13588593,28.06404027,24.37832002,,25.54637097,24.74069818,24.63837992,,23.61495002,24.17513084,,22.63609831,24.42447937,25.01768433,,26.60017213,29.66344086,29.71019635,11.3737785,11.81274544,14.53810054,15.58097263,15.69863493,9.810138021,7.56733871,9.914070934,10.51007183,11.10092993,10.6779305,7.643095777,11.1108861,10.48938066,10.47214861,10.12393536,10.61774194,,12.67513441,14.18851516,13.25739247,,10.89803062,12.63263685,12.42728495,11.75255376,19.75450667,17.2727788,18.62083333,16.35537634,16.14188289,19.26930756,19.32966169,27.68938172,27.53024194,28.15994624,25.73872243,28.97570153
11/1/2020,10.23597222,9.600202334,8.99375,10.93361221,12.19677512,10.77398551,11.18125,13.06013889,11.28105072,12.49972222,13.35365338,11.66849693,,12.75930556,,13.7392029,9.35178744,9.533888889,11.39597222,12.5148918,13.39492754,13.73597222,11.68162604,15.03714402,12.55476911,12.27086353,15.15652778,14.74347222,15.22045455,15.36022343,,13.97990283,,16.45694444,17.23958333,20.34629227,24.62568841,25.71213164,25.86051329,24.7356626,24.33271355,20.88728865,,22.69472222,21.00152778,20.14694444,,20.17944444,20.59583333,,19.39083333,20.95409585,21.54069468,,24.40059069,28.5818599,28.33152778,6.943463988,6.851491546,8.203377141,10.15812099,10.08233092,7.924818292,-0.103713768,6.893697848,6.984102986,7.582638889,8.197262846,5.344224387,8.730309037,7.842193127,9.322001537,9.027085137,9.420454545,,11.44515657,10.54615338,10.83305556,,10.0025,10.52282005,10.77986111,11.07696256,14.6725785,14.34423035,14.63263889,14.47472222,13.26431763,15.77758454,16.53139493,27.29833333,26.02513889,26.41888889,23.45923035,28.03906401
12/1/2020,8.22393695,6.596126588,5.50672043,6.533602151,7.13951112,6.584677419,7.274865591,8.941716623,7.152542076,8.017327022,8.761146908,7.207704854,,7.864416784,,8.565163962,4.490994624,4.534357601,5.624193548,6.777895894,7.835887097,8.272580645,6.064814165,9.281772733,6.545638012,6.479093353,9.222600833,8.622043011,9.39811828,9.67193304,,7.719974287,,11.24489247,10.6436828,14.37368908,20.06006826,21.47774054,22.54569892,19.81820626,18.16987494,14.36263441,,17.48812529,15.49667819,14.08360215,,14.31129032,14.45255429,,12.73723118,15.41432328,15.69731183,,17.73983382,27.77551843,27.64341398,3.415791531,1.608467742,2.899327957,5.364300665,4.759081346,5.775638574,-0.884152004,5.920961898,6.224572336,6.367158689,6.495150358,4.642998534,7.347983871,7.03197756,8.735178397,8.338013196,8.666129032,,10.25099877,8.897311828,10.12056452,,10.29865591,10.13776882,10.09932796,10.56040323,11.2672043,11.81648189,11.9530914,12.14569892,12.53035191,15.17325269,15.52741935,26.61120266,25.61151239,25.40887097,22.46840813,27.44663978
1/1/2021,6.002688172,3.450967742,4.186962366,3.614413277,3.963863463,4.497802712,4.935086489,6.689247312,4.919312869,5.426034362,5.117074368,4.010016363,,5.067701029,,5.681924965,2.95799014,2.865456989,3.465725806,4.111021505,5.159274194,5.142277615,3.620564516,6.205920465,4.180290143,4.324315738,5.430651005,5.75577957,6.689107059,6.66615347,,5.694234243,,8.740188172,8.875537634,12.5569324,18.59340946,21.75752688,21.70309724,19.91532258,18.14964937,13.13593385,,15.16196237,14.16661779,13.63803763,,13.10106942,12.98564165,,12.28602151,13.88723118,14.29608993,,17.19475806,26.64905914,26.90053763,1.920504484,0.560158847,0.778965927,3.53378331,2.217447618,4.639747758,-0.990249267,5.262532938,5.717163394,5.922446237,5.748851417,4.438306452,6.608064516,6.403097242,8.353827108,8.269060142,8.243162268,,9.395465702,8.70885928,10.06071603,,10.24464809,10.36275607,10.45349462,10.89567555,10.55107527,11.1948336,11.24236315,11.625,12.65153959,15.17446237,14.56597444,25.83561828,24.76038453,24.46504792,22.27345138,26.96266363
2/1/2021,,1.493458851,2.265327381,2.278720238,1.658773292,2.178823758,2.926915114,4.865010352,2.577033926,3.467993012,0,1.544481108,,2.550297619,,3.87514881,1.963541667,1.303865603,1.627232143,2.407886905,3.358482143,3.311684783,2.462946429,4.839464521,3.014087962,3.116964286,3.567766563,3.756845238,4.542310892,4.762662338,,4.952324487,,7.605357143,8.106075311,11.4197405,19.84707797,23.98178701,23.58938492,22.63925866,19.85515935,14.20550595,,15.25580357,13.71332483,13.16523327,,12.37403551,11.82991071,,12.07078168,11.66068194,12.04910714,,17.01673083,26.52172619,26.48779762,1.889454438,0.460033762,0.227623283,2.662791737,0.702743271,4.278691417,-1.085480442,3.687382532,5.560714286,5.077060982,4.407751035,3.184129141,5.729761905,6.001345756,7.874726496,7.698241342,7.857602814,,9.00301501,7.891136128,9.608184524,,9.865450311,9.973523668,9.892591874,10.74139417,11.6321558,11.75316911,12.30327381,11.91832945,11.81220238,14.80166925,14.48392857,25.49013941,24.45029762,23.90684524,20.61831004,26.85595238
3/1/2021,,2.16533055,3.626612903,4.667130987,3.395430108,3.996917785,4.996871945,6.839107059,4.581755493,,3.155077086,4.15471394,,5.790623917,,5.95313018,6.543871924,6.399327957,6.629569892,6.725219941,7.036114476,6.881317204,7.608663245,8.329818548,7.661816269,9.317776999,7.255913978,9.065322581,8.698822464,8.747520157,,10.71846657,,12.16306207,13.36265885,15.33148083,20.98575269,24.80887097,24.83869048,23.89686185,22.95005525,19.08263207,,19.02790811,18.96818022,19.7155914,,17.65044413,17.81671289,,17.65147849,17.29180108,17.59354839,,21.5876376,26.53521505,26.93706543,1.424585921,3.653529687,3.959824047,4.728513825,2.385737737,3.839683354,-1.138235794,3.028222391,,4.498556417,4.221948772,3.401583684,5.434489885,6.163761741,7.95035435,7.996866784,8.034481916,,8.902688172,8.987013898,9.639076778,,9.160384525,9.529301075,9.400572698,,13.06102151,12.30646118,13.35698925,12.11572581,11.68242169,14.38967976,14.60282258,25.2615432,24.19327957,23.79422043,21.28010168,27.49015311
4/1/2021,5.031091348,5.629495342,7.168869048,9.706325758,8.261527778,8.087234848,9.657916667,11.33272343,9.180972222,8.481454129,7.770916977,8.82259058,,10.47398135,,10.12402778,12.32667929,12.11722222,12.43676329,12.99194444,11.6482702,11.23106884,13.70661232,13.67539659,13.17157191,15.03205808,13.14976449,14.37944444,13.78513889,14.42833333,,15.54041667,,15.86638889,19.18625,19.24923693,23.46708333,26.57930556,26.37597222,25.90625,25.62627674,20.64541667,,20.89695707,20.87594681,21.67486111,,20.99805556,20.9643363,,20.83638889,20.925157,21.23875,,23.49751103,27.2925,27.60569444,3.432639987,8.167184343,10.05555556,9.50524978,8.803446782,4.351275801,0.013254831,4.100978261,,5.12375,5.508471124,4.295833333,6.245138889,6.921354382,8.661352657,8.672685551,8.753557861,,9.370277778,11.60027778,10.03319444,,8.283763175,10.00625,10.24516304,,15.86333333,13.92978865,16.03972222,13.00958333,11.74916667,15.79458114,16.42799282,25.66894324,24.95916667,25.10986111,22.0175,27.78416667
5/1/2021,6.772849462,8.961342917,10.45134409,14.63296676,13.06841398,12.00598729,14.12163978,15.50564516,13.48509818,12.27172213,11.27466629,13.36975806,,14.73283995,,14.40533491,17.69895395,17.37043011,17.06115591,18.18897849,16.06706989,15.9055166,19.14314516,18.73658199,18.58402875,20.19837708,18.566205,19.80349462,18.77512219,19.32253177,,20.49685654,,20.43280792,23.0469086,23.66375962,26.64677419,28.71827957,28.51586022,28.23575269,29.16312039,24.52279687,25.1500192,24.45504324,25.16384409,25.63212366,,24.82660706,23.91148317,,25.66251022,25.03191434,25.36505376,,27.54395161,27.79354839,28.45142962,7.272371435,11.52734338,14.62083333,13.76058367,14.52797452,5.397025479,6.511684942,6.120503953,,7.522495112,8.083134642,5.949491585,8.771774194,9.409057971,9.670985273,9.658758341,9.774462366,,10.29327373,13.29376302,11.05174731,,8.279786115,10.33275214,10.58494624,,18.30713534,15.32194951,18.13467742,13.73280792,12.90019201,16.74630669,18.35356634,26.43525596,25.44147465,26.11023949,23.71068841,28.27956989
6/1/2021,9.345972222,12.28849034,13.85414855,19.76760101,18.28708333,18.15179952,20.29445707,21.11465909,19.0340942,17.65521637,15.23128733,18.39142073,,20.1699931,,17.82638889,23.02781566,22.64839976,22.8405303,23.80763889,20.58319444,20.32118874,,24.4787639,24.28541667,25.50604798,23.8642403,24.46638889,23.57791667,24.03526515,,25.66958333,,25.54305556,26.7827904,26.98411709,27.65048309,29.96019324,29.64319444,29.66069444,31.51503019,28.01525362,28.09112374,27.37224747,28.55261544,28.84641667,28.43016667,29.12361111,27.79865338,,29.05641822,28.88700483,29.17486111,,30.37534653,28.31833333,28.62541667,13.10430556,16.70991546,20.52494949,19.13021088,19.67710749,7.26875,12.13814559,7.972119565,,10.14598485,10.3972343,7.682191674,11.04625,12.28163043,10.35740657,10.24510266,10.70218665,,11.52475406,16.42737868,13.03541667,,10.66733696,13.87372475,12.63767677,,20.20103865,17.15985743,19.91930556,14.88948413,14.56579106,17.9373128,19.01626812,26.7640157,26.28138889,27.433907,25.99672101,29.04608696
7/1/2021,11.54247312,14.28066249,16.54720186,23.25241935,22.02903226,20.08370734,22.54880201,23.82325792,22.39946237,,19.8586593,22.57293075,,24.17232936,,20.6811828,25.68454301,25.63225806,26.39731183,28.34865591,23.30604839,23.13467742,,28.29523259,28.09203483,28.99700635,27.53050013,27.95124633,26.31478495,26.98400538,,28.09756311,,28.19422043,28.44637097,,29.05080645,30.9125,29.77689394,30.46816216,32.04257512,28.28225806,29.82701613,29.12849797,29.84490469,30.2268525,30.88819444,30.16057153,29.0115007,,29.9672043,29.83343268,30.3063172,,,28.83528346,28.9922043,17.18844086,21.38689717,24.90846774,23.5283055,23.62862903,9.759530792,14.00681351,9.686338537,,12.82291271,12.19177286,9.223633599,12.91119432,14.08364959,11.41124009,11.51414797,11.73055583,,12.99261865,16.28345193,11.6757432,,9.017307803,15.09641984,12.14242584,,20.98158602,18.10487238,20.23266129,,15.52587114,18.53226529,20.60328209,27.6141129,26.29569892,27.1233871,26.78805597,29.28304598
8/1/2021,12.97836022,15.64269306,18.23024194,24.40793011,23.77575386,21.8346482,23.90268817,24.75408569,23.57188439,,21.29016595,23.96478495,,,,23.58681043,25.32715054,25.21317204,25.65994624,27.62849462,24.74099462,24.56890274,,28.29255809,27.8375,28.19193548,28.17325269,28.27163978,27.46653226,28.00456989,,28.25890603,,28.25739247,28.17298387,,28.78336255,31.05712366,30.71238788,30.49126344,31.21812763,28.84959677,30.02142473,29.86048387,30.69564474,30.53602151,31.08264209,30.8719086,30.88143408,,30.59502688,30.80352384,31.48123167,,31.46875292,29.1875,29.45336022,19.22347104,22.78316154,25.40176591,24.03439775,25.38978495,10.82232936,14.04712262,10.29233871,,13.59771505,12.77646013,9.878378442,15.12849462,14.01478495,12.07121903,11.54329179,11.97915073,,13.48652939,16.20139296,11.6114721,,10.25370766,14.0983871,13.01122845,,20.72192139,18.79378799,20.55215054,,15.85766129,17.2441503,18.66935484,27.54274194,26.62782258,27.1672043,27.54206321,30.2436828
9/1/2021,13.5525,14.86685545,17.26180556,22.37444444,22.40407609,20.21166667,21.91125,22.97400794,22.06246377,21.31893939,21.30885015,22.82696256,,,22.44018384,23.05387077,20.48053744,20.45041667,21.41099747,24.02194444,23.63958333,23.15882937,,26.11694444,24.55430556,24.19689394,26.12062802,25.57847222,25.99027778,26.01166667,,25.21711957,,25.46916667,27.01666667,27.96503019,28.91135266,31.07055556,30.98449275,30.0575,29.87201087,26.93569444,28.27581061,28.76041667,27.91876984,27.29666667,27.99760404,28.06791667,28.38125,,27.70361111,28.29680556,29.18861111,,29.47888889,30.09597222,30.44838768,16.54326636,19.85561594,22.73417874,21.93734574,22.48236111,10.54334588,11.42959673,10.24393116,,12.13094234,12.29017732,9.13747859,13.49334541,12.45722222,11.12707126,10.62868961,11.37092172,,13.49424242,15.23453502,11.56138285,11.85136473,10.53499177,13.83458333,12.62569444,,20.56566667,18.74010552,19.90458333,,15.56236111,17.23495883,17.555,27.57958333,26.63638889,27.01930556,,29.54905193
10/1/2021,13.18998948,13.50752688,14.94932796,17.51543361,18.57464353,17.47464565,18.37322931,19.60233382,17.56319798,18.11001955,18.79528064,19.04825269,,,18.60134302,19.73978495,16.68327224,16.84556452,17.90782492,20.19905914,19.78561828,19.74548247,,22.45712366,20.31830295,20.23695887,21.71491935,20.8094086,21.99431978,21.89758065,,20.30641071,20.3062934,22.49470919,23.41200327,24.58494624,28.05645161,28.81803413,28.81612903,28.22002688,27.70614773,24.5405914,26.03269153,,25.24143731,25.45147849,26.32528104,25.32231183,25.71215787,,24.96960612,25.60107527,26.4677175,,27.15215054,29.95430108,29.90716456,15.02477953,15.38095064,18.02476784,18.05341987,18.01599462,8.434157848,6.204599112,8.473708509,,9.500574291,10.10223607,7.444231207,10.41612319,9.83867866,10.17626068,10.2897958,10.60656403,,12.62155,13.11747896,12.75963067,12.31566737,11.15136746,12.11663001,12.34164914,,17.96706989,16.69976412,17.40120968,,14.36121352,16.72066971,17.99427568,26.73369565,25.75954301,26.03442613,27.04616431,29.20614773
11/1/2021,11.3325,10.44726888,10.69361111,10.52611111,12.37027778,11.58972222,12.17548309,13.31992063,12.07054348,12.70319444,12.49754714,12.28070652,,,11.58390818,12.54897947,8.628055556,8.722083333,9.99980841,11.8275,11.75844807,11.70138779,,15.2314372,11.28666667,11.14916667,13.84123188,12.14074495,14.24417929,13.97464646,,11.41725351,15.32722826,16.1610661,15.77858092,16.57059179,22.74152778,23.89763889,24.71541667,22.65626263,20.90577404,18.43780797,19.6559832,20.55080128,18.74555556,18.3075,19.65767857,18.80625,19.06347222,,18.34659012,19.69855676,20.66680556,,21.8325,29.18251263,28.90788647,8.451442296,7.423052262,9.255,10.53987319,9.945417216,5.885929952,1.237941919,6.100722991,,8.036111111,7.574624506,5.896390536,8.298128019,8.322506039,9.621378066,9.955840909,9.947285354,,11.46396465,11.08914251,12.17395924,12.27319444,12.52977657,13.01604798,12.48054952,,15.52572848,15.264602,15.69486111,,14.42513889,16.73625,17.07905358,26.86019324,26.13875,26.35666667,,28.29903255
12/1/2021,8.487526709,6.338978495,6.755645161,6.423790323,7.38808651,6.989784946,7.635752688,8.706375643,7.264136279,8.619460028,8.355007615,7.252272727,,,7.347106003,8.293466573,5.007258065,5.072656615,6.078360215,7.26344086,8.558800842,8.823765885,,9.551612903,7.485343087,7.046859726,9.088031791,8.927150538,10.85508415,10.08737144,,8.960215054,12.15954301,14.47939458,13.15914563,14.76471482,22.07985273,24.37836022,24.63673195,23.35596073,20.90623539,17.56434081,18.48133524,19.15866643,17.87113881,18.78776882,19.93973607,18.48864601,18.52735424,,18.79364614,18.82004441,19.38145161,,21.40456989,27.75255376,27.72876344,3.521495707,2.787405385,4.141631604,5.98531068,5.175,4.055418314,-0.965102639,3.731504208,,5.642473118,5.21733871,4.299193548,6.48938172,6.151075269,8.612198245,8.506072977,8.681317204,,10.44363392,8.589042246,10.35234338,10.2875,10.43898434,10.64463587,10.44385811,,11.51405446,12.48427419,12.33112117,11.87291667,13.47218964,15.86172808,15.65432551,26.04289972,24.42137097,24.25551075,22.94945918,26.93575269
1/1/2022,5.542363195,2.491312317,3.120751519,2.598130499,3.294109195,3.183333333,3.668413978,4.490724496,3.344971264,4.819057334,4.672598117,2.890281674,,,3.128428596,4.362903226,1.738803179,1.799987781,2.708870968,3.136290323,3.744489247,3.877419355,,5.888528518,2.941711824,3.313364055,5.196905415,4.722683709,7.009250818,6.597140762,,4.332432318,8.170918866,10.74095622,9.913844086,12.62710379,20.89902248,22.49256449,23.25745357,20.59986559,18.35568394,13.85812302,15.59911616,16.54623656,14.24907136,12.74327957,15.51075269,12.73649425,13.84087844,,12.09581028,14.08489364,15.05338465,,15.35452974,27.06196237,27.02419355,2.170415764,0.861933058,0.753714565,4.094418134,1.393251944,3.133736559,-1.085862659,3.405095308,,4.603999366,4.152825313,2.588978495,5.75744484,6.028313995,7.487866038,7.689638319,7.730307068,,9.35094086,8.027016129,9.752176854,9.96827957,10.24205767,10.42244624,10.53467742,,9.827419355,11.63534946,11.51317204,11.58346774,13.21034946,15.34857463,15.08947522,25.52876344,24.80994624,25.05268817,21.00900538,26.75430108
2/1/2022,3.115029762,1.223534256,2.086647727,3.027232143,1.961783009,1.891880176,3.171577381,4.22209145,3.161904762,3.893005952,2.926285173,2.264493342,,,3.194397477,3.982621636,2.336620671,2.272851967,2.600595238,2.962161797,4,4.16053842,,4.7603155,3.796350932,4.333671537,4.292113095,5.575446429,6.36328522,5.851636905,,6.56548913,6.384679089,11.47261905,10.3150974,12.16930642,19.88930697,22.94002976,22.76242883,21.01904762,17.33453675,14.27425595,,15.56592262,14.28915043,14.65550595,15.65327381,12.86976712,12.965018,,12.15433333,12.57300078,13.13556548,,15.10699405,26.83571429,26.671875,1.913474026,0.960714286,0.303917278,4.044839309,0.405526219,2.548754823,-1.12034632,3.697389069,,3.67202381,4.216684312,2.914583333,5.273498377,5.682481061,7.587605284,7.767472557,7.837811147,,8.770684524,8.559853778,9.567559524,9.832589286,9.256554089,9.963062888,9.784077381,,11.45119048,12.46979167,12.80166396,12.10915502,13.32916667,15.51160714,15.08318452,25.66976034,25.0014881,25.09077381,20.21053313,26.57083333
3/1/2022,3.079569892,2.667812062,3.880694037,5.681989247,4.359420821,4.458496961,,7.258223363,5.645185728,5.607123656,5.807321499,4.557624633,4.81212015,,6.448307453,6.970967742,6.687634409,6.604301075,7.16061828,7.460948192,7.708736559,7.92775974,,8.646077713,7.877226508,10.26869501,8.268736559,10.21524578,10.55218719,10.36945084,,11.17559607,9.37170088,15.6167837,15.40088242,17.12830762,24.10752688,25.67701613,25.71303763,24.82244624,22.26880703,19.01330645,,19.08077957,18.67056452,19.24502688,19.40433948,17.05916422,16.79758065,,17.52839623,16.75507884,17.31491935,,19.42567204,26.84920842,26.9792947,1.323497067,2.04583599,3.15063273,4.854369608,1.155176843,2.612218964,-0.911785988,4.214278656,,3.913060327,4.610899316,3.522983871,5.678070874,5.844245399,7.766841982,7.956989247,8.015591398,,8.677284946,9.511107038,9.968485698,10.4358871,9.025608466,10.0857155,10.04511348,,13.92647849,13.24623656,14.55080645,12.2811828,12.63521505,15.13978495,15.10988195,26.25404448,25.31733871,25.92580645,21.0655914,27.25798005
4/1/2022,4.839305556,5.233846618,6.436111111,10.15248737,8.692916667,8.147222222,,11.19138889,9.253194444,8.650138889,9.941858805,8.309356061,8.191419082,,9.723771959,9.964365942,10.20638889,10.10444444,10.37915404,11.41473485,11.01888889,11.015,13.70171569,12.31554348,11.96704216,13.79409632,12.34416667,14.35541667,14.77163098,14.44138889,,15.76601669,12.91541667,18.84375,19.03407828,20.28405797,25.7475,26.81805556,26.71152778,26.00237648,24.74825483,21.6236413,,21.79291667,22.21431763,23.29458333,23.17125,22.17030303,22.22220277,,22.7178373,22.36693182,23.05805391,,25.51430556,27.17791667,27.14611111,1.627348485,6.41256368,7.665972222,8.806912918,6.907514054,3.259997475,1.749770531,4.807999561,,5.029199056,5.738306983,4.611150794,6.546726682,6.762162934,8.355030193,8.443949275,8.606141304,,8.979836957,10.57676768,10.77587121,11.20092995,,10.02685606,10.00194444,9.072270531,16.26017512,14.39333333,16.42152778,12.97972222,11.87875,15.19902778,15.66125165,25.83527778,24.61361111,25.01263889,22.58795238,27.33583843
5/1/2022,6.913306452,8.933064516,10.3577957,13.47341153,12.78010753,12.89301075,14.95580903,15.2895326,13.692845,12.48642473,13.72433714,13.7740347,13.38856942,,14.87683784,,17.48664095,17.24184995,17.05352384,17.00658602,14.69139785,14.57540323,18.17688172,18.56278635,17.91643876,19.42849462,17.56182796,19.11956989,18.84679173,19.03798876,,19.64601131,,22.48629032,24.00107527,24.57128331,28.1875,29.45147849,29.05215054,28.83702877,28.49272607,26.16841398,,25.8093677,26.72099218,28.55215054,27.54153226,27.24250978,27.26268116,,27.69650538,27.08110683,27.84159335,,28.46303763,27.8797043,28.24354839,6.719150304,11.72651515,14.10672043,13.9883274,13.42544998,5.035536997,8.241935484,6.318817204,,7.399082515,8.269525904,6.567680841,9.0296669,8.876136364,9.126415654,9.877553763,9.587297059,,9.695843959,13.07701613,11.8233871,12.16747312,,10.94491167,10.89663978,8.8139259,17.95707691,15.32586755,17.95725806,13.42352151,12.25174731,16.89281525,17.67795699,26.23425082,24.95482702,25.6713359,23.66690626,28.62849182
6/1/2022,9.324444444,11.99343544,13.86166667,19.59916667,18.72194444,18.46902778,20.65855686,21.46401515,19.78441425,18.08144324,18.47691296,19.05144841,17.45590141,20.40253623,21.14956522,,22.42451087,22.52055556,23.23818841,24.32555556,20.78375,20.20247741,25.02652778,24.09931708,24.29951087,25.7992029,24.00020202,24.94511171,24.46425505,24.50129831,,25.60666392,,26.44885924,27.85083333,28.38147727,29.37180556,30.50666667,30.12262681,30.13041667,31.16086353,29.85934508,30.36916352,28.87361111,29.99801823,31.51533816,30.55698068,30.23126812,30.39399155,,30.21465415,30.02841184,30.91138889,,30.67555135,28.92222222,29.14615942,11.71620553,15.98673449,21.8775,20.34112358,20.51050834,8.22,14.31310019,8.480833333,,10.91855929,11.85990338,8.11544905,11.4978744,12.73832729,10.1864372,10.43854798,10.55439614,,10.98208827,15.36842885,13.06200483,13.37948671,,12.56387618,12.48251984,9.267228261,20.80844532,17.32986111,20.54708333,14.86422705,14.58833333,18.73644708,19.53154589,27.10925725,25.91208333,27.00041667,,30.0082971
7/1/2022,11.45846774,14.49422787,15.93978495,24.0608871,23.01673095,22.68185484,24.74875651,25.55362797,23.53839411,21.82432796,22.59745274,23.67487144,20.96272791,23.56155914,24.94679256,,27.51155914,27.29287634,26.66990629,27.81305767,22.31458041,22.23198925,28.24351917,27.82231183,27.7851683,28.41672776,27.2662645,28.07670912,27.55100514,27.0189633,,28.36295582,,29.66397849,29.09468209,29.32221833,30.76169355,31.32379032,31.16599462,31.1701087,31.90633474,30.21049556,30.72806802,30.2436828,30.54890932,30.67947639,31.31787634,30.76962366,30.98884409,,30.69936886,30.60960729,31.64973118,,31.09586255,28.83212366,28.90873656,14.90507246,20.79849579,24.30981183,,24.20953717,10.39216021,14.56334419,9.77594086,,13.27062295,12.70197947,9.747604021,12.01599462,14.44876588,11.13031525,10.98642473,11.28918098,,12.45080645,16.79354839,11.98411641,12.5269743,,15.15255042,12.59524298,9.88566503,21.04851566,18.1203446,20.23454301,15.91698223,14.66022727,17.30482118,19.33010753,26.97936741,26.10466339,26.56948925,,30.17098527
8/1/2022,13.3577957,16.12522207,18.29712854,24.88561828,24.09987781,23.84314516,25.28416316,26.20833333,24.44499182,22.81397849,23.79269678,25.29540567,23.3833413,24.69228027,25.17045455,,27.73842864,27.81424731,27.91995091,28.28786232,,22.8868338,28.54435484,28.33984338,28.29905914,28.46229972,28.31294998,28.3813172,27.50517181,27.5816094,,28.05685484,,29.21962366,29.05094086,29.17345722,,31.49874357,30.91666667,31.28037634,31.698428,29.9030914,30.64167198,30.45094086,30.3688172,29.72795699,30.02943548,30.19915689,30.72203717,,30.21760753,30.58465989,31.49648094,,30.87284946,29.75833333,29.71182796,17.55317833,23.02647849,24.22089595,,25.12053714,11.14158113,12.77413792,10.67943548,13.18511207,13.63477783,13.47755376,9.928225806,14.01209677,14.08360215,11.91152408,11.57526882,11.83344437,,13.21236559,17.76345255,13.36440092,13.6480228,,16.2233871,13.797539,11.21167017,21.425,19.00869565,20.99287634,17.13575269,15.71061828,17.79811828,20.17288612,27.46911524,26.98925953,27.84637097,,30.35829448
9/1/2022,13.39670455,14.99547705,16.54833333,21.24578502,21.97125,20.63789471,21.80945652,22.94540404,21.66111111,20.8524064,21.83349363,22.72958333,22.83986111,23.10944444,,,23.08777778,23.465,24.73486111,25.02861111,,22.99277778,24.96375,26.08736058,24.53930556,25.34931763,25.73569444,25.10833333,27.05458333,25.36121542,,24.80597222,24.21388889,26.96833333,27.33777778,27.7159596,,31.16180556,30.86888889,29.79111111,29.736093,28.39291667,29.07069444,29.53916667,29.12320707,28.93847222,29.46249396,29.23472222,29.62713164,,28.64675505,29.39125,30.5222096,,30.2125,29.47402778,29.79484903,17.53293094,20.08652778,22.34277778,,21.72138889,10.70998188,11.15619444,10.48736111,12.55190735,12.73782499,12.4247096,9.285694444,13.80678989,13.00520531,11.47692633,10.86944444,11.39023166,,13.29861331,15.96861111,12.75527778,12.66152778,,14.75180556,13.45555556,11.55942029,21.26638889,19.27603865,20.71277778,17.50375,16.2957197,20.76213768,20.82902778,27.90042929,27.32615338,28.18879502,,
10/1/2022,12.70685484,,13.54997312,15.78561828,16.67849462,15.0594086,16.4473607,17.25064282,16.06560893,16.43615591,16.98078467,16.33394428,16.60845818,16.20125643,15.48024672,16.65548153,14.58109726,14.73023025,16.29543011,16.76774194,,16.23642473,16.45282258,18.82677175,16.06970122,16.57461097,17.86586022,16.88741819,19.76370968,18.14875313,,17.15022207,18.96617791,19.9921193,20.74193548,21.43264482,,27.40729313,27.67408358,26.0985119,24.81318426,23.38521505,23.97755376,24.35336022,22.84569892,22.81021505,23.87002688,23.56384409,24.02150538,,22.7311828,24.09811828,24.9672043,,25.55564516,29.44704301,29.41075269,11.45564342,13.00153693,13.78037634,,14.34583333,9.198931162,6.856912976,9.083253644,10.34650856,10.78077957,11.11851173,8.087903226,12.01005993,11.28806101,10.62782258,10.09436706,10.79004994,,12.8476173,13.84872923,,12.06001152,,14.04032258,12.35250701,11.57738429,18.46545699,17.85389785,18.43951613,16.74448925,15.1375,18.73696711,19.25376344,28.15820477,27.30804698,27.63790323,,
11/1/2022,12.06990553,,10.82883838,11.61222222,12.98888889,11.99083333,12.59763889,13.32180556,12.3287518,13.04555556,13.69743754,12.17692029,13.04864734,13.09584541,11.77529589,13.33208333,10.02986111,9.997638889,12.20771739,12.69777778,,13.09027778,11.84611111,14.71112374,12.31745773,12.38945346,14.25055556,13.38352053,16.93972222,15.09173309,,13.46665459,16.26501208,16.17986111,18.15507246,18.67676932,25.87037419,26.89736111,26.99261364,24.75251263,22.73728096,19.68315657,20.27083333,20.73138889,19.03236111,17.97736111,19.69930556,17.98361111,18.12680556,,17.18811508,18.19501263,18.93915404,,19.33722222,28.71,28.33763889,8.184280303,7.581199495,8.549381313,,8.636252196,7.117132411,0.159861111,6.745700483,7.372916667,7.734205487,8.517146465,5.684861111,8.792971014,7.926540404,9.202861221,8.770898268,9.435260549,,11.2669664,9.34625,,10.48231989,,10.70666667,10.39,10.84277778,13.55190476,14.0679803,13.81815657,13.74555556,12.73611111,,17.00101449,27.11180556,25.77180556,25.52013889,,
12/1/2022,8.209274194,,6.191532258,5.673252688,6.685887097,6.068817204,6.815694444,7.413172043,6.20406682,7.585921383,6.728001895,6.423484848,6.821961197,6.633736559,5.541713417,7.51827957,3.812829912,3.640383675,4.768022972,5.955025713,,7.074499022,5.005241935,8.708125611,6.136424731,5.446749756,8.298252688,9.500232759,11.20724941,9.157123656,,6.810571529,11.20865103,10.12392473,11.79193548,14.09046761,23.39110459,23.32056452,24.24835044,21.42311828,19.48527349,16.21948925,17.42323349,18.19986559,16.37917835,15.7280388,17.40994624,15.15256267,15.60699509,,14.80750244,15.40988759,16.28097507,,17.61155383,27.36774194,27.09959677,3.816129032,2.628225806,2.917163561,,3.030450295,5.707259658,-0.790401207,4.911021505,5.646908602,6.133160522,5.667092205,3.970891772,6.661789555,6.022715054,8.009250287,7.934892473,8.263413978,,9.898386566,7.763734115,,9.71897046,,9.875134409,9.984811828,11.44154979,10.14232118,11.7297043,11.04712854,12.09289972,13.51491541,,14.8483871,25.8046467,25.11689458,24.53373656,,26.79723066
1/1/2023,6.174193548,,4.522446237,5.498387097,4.745631303,4.141935484,,6.318304008,4.397248608,6.085342262,5.031028583,4.907392853,5.108350865,5.514919355,5.325128565,6.103494624,4.525500978,4.310312805,4.722983871,4.259396914,,6.379973118,3.908160522,6.326951847,4.909274194,5.013998364,6.326005143,,9.943548387,7.449905436,,7.932930108,9.94470547,10.68239247,10.38306452,12.90408546,21.67514875,22.58508065,23.34674824,20.34771505,17.44302032,14.60174731,16.13978495,17.04462366,15.40516597,16.08302361,17.2040381,14.90819892,15.21922043,,15.57379032,14.81075269,15.87419355,,19.30321359,26.91975806,26.52298387,1.600404153,2.463306452,1.435349462,,2.068416984,4.428564219,-0.907709104,4.851630435,4.919348995,5.2546278,4.999193548,3.678091398,6.297727273,6.053763441,7.778457967,8.112302903,7.935208982,,9.107795699,8.93844086,,,,10.86673998,10.70739247,11.51770528,9.719647931,12.0953815,11.28871871,12.89516129,13.70229823,,14.57789111,25.63747662,25.12002688,25.18242913,,26.78612669
2/1/2023,4.250573192,,3.594358766,3.938690476,3.939395704,3.395089286,4.808184524,5.587797619,3.931907829,5.032589286,5.029938359,4.246666667,4.529503106,5.387797619,5.281638199,5.949702381,4.790435606,4.68753235,5.364583333,5.461616554,,6.45297619,5.303666126,6.946008023,5.761755952,6.444020563,6.692601117,,10.47728508,8.555847826,,8.740387963,9.104464286,11.08059099,12.10922619,,24.00119048,25.1827381,25.08234578,23.57557583,20.8071158,17.09419643,18.20804924,18.00505952,17.36812241,18.12882846,18.56458333,15.60714286,14.79423844,,15.59124923,15.35610119,15.95848214,,18.47068452,26.52619048,25.94479167,1.345935257,2.247916667,1.778768227,4.956935818,1.245700165,3.678314898,-0.984375,3.775297619,4.017585404,5.094305449,4.456655844,3.40327381,5.72202381,5.171312112,7.683189112,7.783996212,7.732437982,,8.701913265,8.071927936,,,,9.578677721,9.205033644,9.966517857,9.64360119,,,12.59241071,12.15946793,,13.72816382,24.97787796,24.10367024,23.87574405,,26.51604555
3/1/2023,3.651718093,,3.858467742,5.564189708,4.925596073,4.641911046,6.365322581,7.254288856,5.830278592,5.781346424,6.330215193,5.445894231,5.712786349,6.276922627,6.392881125,7.244489247,6.592204301,6.458467742,7.279887586,7.667473118,,7.857282502,7.75048504,8.986403481,8.165860215,9.135476433,8.649596774,,12.06169355,10.7065738,,10.7057971,10.11988079,12.06341642,15.97993646,,25.825,26.14677419,26.19534457,25.1,23.8518626,20.3331015,21.36612903,21.16814516,22.27778213,21.26397849,21.12634409,19.81283602,19.95846774,,20.10059629,19.41008065,20.27262952,,22.75739247,26.83820243,26.87074568,1.280118152,3.677546529,3.801344086,5.867201114,3.018434166,3.484912023,-0.974545242,3.057697947,4.941105657,4.237504888,4.004730333,3.372201857,5.280115091,5.320102852,7.508130392,7.52522196,7.6227664,,8.47829912,8.280913978,,,,9.113429173,9.190053763,9.707331378,10.87408358,,,12.4391129,12.20545699,,14.05120968,25.03615591,24.5743678,24.86061828,,26.25690971
4/1/2023,5.028968254,,6.905984848,10.80180556,9.105694444,8.929027778,10.77263889,11.40416667,10.02647727,9.013611111,10.23342501,9.897107488,10.14423529,11.03794192,11.83048137,11.73833333,14.0360628,13.90940657,13.92598485,14.13541667,,13.07358092,15.42580409,15.24157005,15.09208333,17.33430556,14.4506648,,,15.75501263,,17.61716787,12.74652778,17.10823232,18.90441919,,27.26664141,28.29388889,28.08083333,26.97291667,26.32365338,21.65980159,23.00416667,22.5775,23.55263889,23.09720411,22.92166667,21.89555556,21.5735,,21.89650966,21.99388889,22.61895312,,24.66727218,27.30388889,27.66597222,2.404191919,,8.894238581,9.389977414,9.399196479,3.702772288,0.117228261,4.275984848,5.261642512,4.653804348,5.418603033,4.843344156,6.061588164,6.430138889,8.139199385,8.561043039,8.368688219,,8.696666667,10.27866326,,,,10.80833333,10.70333333,9.099758454,14.78718599,,,13.38197583,11.25652778,,14.30305556,26.01330314,25.1353744,25.80888889,,27.15310386
5/1/2023,6.789516129,,9.946704067,14.82137097,14.03225806,12.91465054,15.34412268,15.98091398,14.84892473,13.78844086,14.2407104,13.89021739,14.00533809,15.05739247,15.61259684,14.82865825,17.36655914,17.0686828,16.98323718,17.86529336,,16.70389785,18.35645161,19.02768817,18.30958392,19.46297016,18.66318957,,,19.57658847,,19.73418654,16.89206989,19.56644265,21.78516618,,28.82902057,29.50040323,29.62930108,28.72862903,28.2615942,25.41599462,25.79825269,25.17567204,26.07457234,27.73185484,27.23586266,26.39341398,25.66223118,,26.65739247,26.32221248,26.73726374,,29.13091398,28.63615591,29.37769402,6.619676023,12.15907433,13.57473118,11.88268141,13.27553179,4.971102151,6.100134409,5.668360853,7.720105946,6.196735412,8.075268817,6.297643334,8.667646186,9.195194228,9.676314487,10.02772324,9.873267943,,10.15000372,14.6397152,,,,11.8094086,11.36908602,10.59573558,17.54852151,,,15.05149496,13.10030547,,17.03158974,26.61193793,25.3723352,26.31922043,,27.94550561
6/1/2023,8.820555556,,14.08582729,18.65806763,18.30555556,17.0197601,19.44944444,19.86260211,18.76069444,17.60638889,17.81605676,18.13361111,18.6592265,19.66435606,20.02199769,18.705,22.50722222,22.31205808,22.11988527,22.42888889,,20.51372475,22.72847222,22.50325158,22.96069444,24.02666667,22.58088164,23.62142857,,22.73309343,,23.73722222,20.16503788,24.01861111,25.18085145,,30.22118687,31.58152778,31.3825,30.2225,29.87643939,27.51029762,27.84263889,26.97125,28.78177042,30.54194444,29.61228535,29.98027778,29.84347222,,30.27805556,29.00222222,29.78656566,,31.12601851,29.43666667,30.06361111,13.67724638,17.43569444,20.19736276,16.94631211,18.15069444,6.838333333,10.62754227,7.257246377,8.863528217,8.779305556,10.81888889,8.091863981,11.03908213,11.96342172,10.63909091,10.79484848,10.87964486,,11.45746981,15.07468434,,,,12.75978535,11.81361111,10.62063041,19.0813587,,,16.20039032,14.00815657,,16.81841135,26.75570707,26.00444444,27.25291667,,29.09643735
7/1/2023,10.93333333,,17.03298184,24.1875,23.29395161,22.47096774,25.40173031,25.83306452,24.79717742,22.93897849,23.30879032,23.96795816,22.2487202,24.34663978,25.50704769,21.67244624,25.55736804,25.2516129,26.03510986,27.67284946,26.62284946,24.22069892,28.19543011,,28.40564516,28.96995357,27.47226136,28.28642473,,27.91706989,,29.10155446,22.35762463,28.51424731,29.03682796,,30.48951613,32.97540323,32.68198925,31.88719278,32.37511688,30.23394428,30.16627566,27.84717742,30.27807493,32.36008065,32.05927419,31.59650538,31.64807153,,31.48136161,30.07446237,31.13360215,,32.23236718,29.68239247,29.89247312,16.73630254,21.41787634,24.53400538,22.80402975,24.59156732,8.788581113,12.72589995,9.229271856,9.979166667,11.00982936,12.24174115,9.24687012,13.10620033,14.83490958,11.4375,11.44567449,11.77065507,,12.75304776,16.95094086,,12.431366,9.344583811,14.56155914,12.64091381,10.11428397,21.01451613,,,16.2122604,15.1405914,,19.22110215,27.24930352,26.54728845,27.21008065,,29.93675454
8/1/2023,12.2719086,,16.62419355,23.32634409,22.81451613,20.89031036,22.875,23.64276637,22.64442815,21.35665774,21.81507374,23.3183651,23.1330523,23.25416667,23.92159455,21.94703079,24.2325391,24.35497312,25.49905914,27.1116129,24.90715553,22.98077957,27.2688172,,27.52096774,27.70314027,27.86291544,27.74422043,,27.5797043,,27.22244624,23.12317204,27.6479021,29.84142122,30.19057971,31.18051075,31.94126344,32.03172043,31.62217742,32.70705937,31.8016129,31.26962366,30.70443548,31.29072947,32.82580645,32.40262346,31.7372195,32.03521505,,31.23501987,31.11182796,32.22006194,,32.43041024,30.11102151,30.50401473,17.71334555,21.40013441,24.62607527,22.95360884,23.56077713,11.28202431,14.01242031,10.37782258,10.70339549,12.75836999,13.71285573,10.28968432,14.52273259,14.37728495,12.13544296,11.50053763,12.06555744,,13.64112903,17.7030914,,12.70687588,10.45479196,16.0641129,13.62962366,12.5065937,22.07717976,,,17.67016129,16.32541544,,19.26149804,27.3029453,26.65982352,27.49879032,,29.84432542
9/1/2023,12.92162914,,16.65930556,20.80266132,21.28030303,19.49449879,22.66150794,21.98979798,21.32556763,20.41172705,20.761407,22.00306818,22.33751812,22.30583333,22.38711133,22.43564833,21.93041667,22.05277778,23.31444444,24.57972222,24.95015097,22.88494048,24.60125,,25.53333333,24.89872222,25.59472222,24.77041667,,25.6117803,,24.57375,24.16194444,25.42430556,25.77013889,27.55456522,31.49097222,31.24430556,31.07141249,30.33173309,30.25027778,29.13736111,29.35365338,29.59708333,29.49261473,30.11361111,30.45916667,29.91638889,30.23208333,,30.09301208,30.37375,31.36555556,,31.74611111,30.73,30.93722222,16.94472222,19.27902778,22.46708333,21.33705808,21.85459541,9.93075,10.84564614,10.22597222,11.40589572,12.74165349,12.34764987,9.391388889,13.38419192,12.2829798,11.55680556,10.97152778,11.76958555,,13.64708333,16.68347222,,12.64409361,11.63097222,14.40111111,13.36639465,12.98978175,20.79708333,,,18.57166667,16.17041667,,19.73833333,27.44083937,26.7496256,27.57756039,,30.00355912
10/1/2023,12.42417689,13.21023259,14.32169739,16.27244624,17.18844086,15.72211632,16.4525,17.70685484,16.76693586,16.74958721,16.66644226,17.42594299,17.77782896,17.48481183,16.8891655,17.90174731,16.04683157,15.84583333,16.95290323,18.40134409,19.59516129,18.08229472,18.10725806,,20.55517128,18.73467742,19.91373305,19.12755376,,20.10201613,,19.23293011,20.49784362,20.3349218,21.52810362,22.25833333,28.37771739,28.07865825,28.42751711,26.56555474,25.37836022,24.19623656,24.40194016,25.09153226,24.15879416,23.88870968,24.54193548,24.25497479,24.72352151,,24.48952647,24.88717009,25.82379032,,26.94435484,30.44959677,30.34712482,12.42505791,13.75181744,16.00267064,16.61056568,16.42137097,9.114944324,6.489329126,8.68577022,9.115469208,9.906317204,10.71843842,8.123448192,11.52117759,10.72920226,10.88614423,11.2125,11.19326753,,13.02875122,14.52761805,,12.64655266,12.18172043,13.22231183,12.74825269,12.26429619,19.11384409,,,17.53844086,15.52419355,,18.49903576,27.41518817,27.07658847,27.82594086,26.88650932,29.63194037
11/1/2023,,9.394056246,9.722777778,9.903194444,11.43916667,10.4620471,11.335,12.17933081,11.01421179,11.72638889,12.20039533,11.39296498,12.44068237,12.24361111,11.05135397,12.62211353,8.99135101,9.253472222,11.6127399,12.50305556,14.28805556,12.30083333,11.73972222,,,12.63055556,14.591093,12.98444444,,14.69222222,,12.15291667,15.38430556,14.84172101,16.86916371,17.65208333,25.55972222,25.72041667,26.15214372,23.83205314,21.95263889,20.16638889,20.53069444,21.0255314,,18.34069444,19.9889899,18.63194444,18.49638889,,18.31664683,18.97958333,19.99920455,,20.38916667,29.18541667,29.13762022,7.017765152,7.541414141,9.5284843,10.94544192,9.387041063,7.588398425,1.50625,7.325555556,7.686881862,8.360073562,8.568232323,6.262125604,9.175972222,8.745839482,10.03268939,10.28096531,10.28078704,,11.96259668,11.27361111,,12.14981163,12.3675,12.86323232,12.15541667,12.87643939,15.39871212,,,15.65569444,15.20763889,,16.86125,26.79388889,25.8632971,26.02324495,24.70103535,28.44258838
12/1/2023,7.296805556,6.213106061,6.568713219,6.59125,7.483888889,6.436944444,7.914305556,8.671763285,7.174572903,8.471425121,7.45136977,7.985368357,8.427681159,7.81593254,7.113931159,8.454292929,5.791713878,5.358434343,6.18827381,7.137638889,10.58222222,8.345366162,6.387222222,,,6.570654762,9.273333333,8.665277778,9.164166667,9.705289855,,8.791111111,12.43399123,11.05263889,11.82319444,13.88210145,22.46833333,22.39,23.00606884,20.10173693,18.03868687,15.03319444,15.48680556,16.58194444,,14.89731061,16.53435606,14.96763889,15.25930556,,16.31815476,15.83707071,16.76380051,,20.14694444,27.70164251,27.7308756,3.548068182,4.33923913,6.163768116,7.068423913,5.185947205,5.180334714,-0.725700483,5.857379227,6.285,7.011424964,7.174204545,5.19043643,7.888055556,7.465555556,9.299544906,9.469709596,9.508003404,,11.01109848,10.04625,,11.70231029,12.08002415,12.02100845,12.09583937,13.46696256,12.24807535,13.06702899,13.10279106,14.72555556,15.08319444,,16.75263889,26.19027778,24.90541667,24.48555556,22.67447464,27.24513889
