DOY,8410140,8413320,8418150,8449130,8447930,8454000,8452944,8447386,8454049,8452660,8461490,8465705,8516945,8519483,8531680,8534720,8548989,8539094,8545240,8551910,8536110,8557380,8573927,8574680,8573364,8594900,8577330,8635750,8632200,8637689,8638863,8631044,8651370,8652587,8658120,8665530,8721604,8723970,8724580,8725520,8726724,8728690,8729108,8729210,8729840,8762482,8761724,8768094,8770475,8770570,8770971,8771341,8771450,8775870,8776604,9755371,9751401,9075099,9075014,9063079,9063063,9063020,9459450,9455920,9455500,9454240,9455090,9453220,9452210,9451600,9450460,9449880,9444090,9444900,9447130,9446484,9440910,9435380,9432780,9431647,9419750,9418767,9416841,9415144,9414863,9414750,9414290,9412110,9410660,9410230,1617433,1615680,1612480,1619910,1890000
1,5.902418271221531,4.041724747474747,4.367295152406709,3.7165750630119727,3.9702204222408026,4.57625731181107,4.710950357613401,4.934049464398235,4.685770296128991,5.432569537346712,5.851391505187055,4.610733901515152,3.7806380383450544,4.875883631862036,4.44853813758705,5.754763540807019,3.50083069828722,3.2959392057218144,3.4997813691838293,3.6199255859952677,5.4157835468426505,5.6077572595520415,3.688813725490196,5.786587344720497,3.7783035714285718,4.273206611756234,5.5797810088462265,5.472942570111049,6.768548442073698,7.1757913284632036,7.2969340316205535,6.577595245937637,8.976196407004831,9.494252221639645,9.413220656155438,13.030429068727273,20.042626811594204,22.49942927972104,22.713334886128365,20.47248023715415,17.597475414285714,13.346920732246819,16.100936489399928,16.306356389986824,14.324566167034545,15.418294987922703,15.4454307011514,13.170359213250517,14.547536114248071,13.295112514544087,13.444794685990338,14.076834315375983,14.019790800252048,15.607244758,15.8026428878,27.047354800043582,26.69117079384455,2.0564803312629403,1.0280646056841707,1.0935969766313016,4.268100080286562,1.8353350483421993,4.518931519602875,-0.8843226578674949,4.964851905341035,5.336403451620844,5.532468036621764,5.659658310796755,3.9495782749858837,6.570106562011596,6.312848021543673,8.207505565399119,8.049290458937199,8.167422532240373,9.474100337397438,9.229132722588243,7.729382081686429,9.81477536231884,10.101598589244471,10.5507040513834,10.442386010728402,10.682753518623084,11.426620435723695,9.472530538302278,11.120329710144926,10.831780555555556,11.34723427795031,12.905685842143862,15.081234148550726,14.912154150197628,25.603922798216274,24.481717391304347,24.185308770939205,21.132635299483127,26.81052066559313
2,5.798012972308489,3.680393646611038,4.197409069011201,3.5853216873706004,3.873430737673491,4.593336656549972,4.541427109440267,4.802214408697363,4.439350800915332,5.393728678929766,5.889105566534914,4.583291596085074,3.798939491256438,4.8736062005627225,4.69093253968254,5.61563088937188,3.465939476284585,3.2906992507147783,3.551289912280702,3.6240927618577072,5.427957352053141,5.5153900724637674,3.581421568627451,5.73016854793757,3.721958868577075,4.2037019656462,5.725818426162736,5.436747325741891,6.734255574136009,7.1714947916666665,7.182807308488613,6.560213274044796,9.01564117494824,9.561419513457556,9.450466833890747,12.964889657454545,20.10800120772947,22.922136740071522,22.84652232628745,20.668295729029424,17.56923230642857,13.362065769375553,15.987457116335575,16.242065217391303,14.487402630554557,15.962165421195651,15.397531183765825,12.87983303756285,14.402029220779221,13.183130486114676,12.702487922705313,13.695980747371413,13.719647583040778,15.207565544920001,14.805674602666667,26.930587337909994,26.60533545493296,2.0094273636991025,1.010723544973545,0.9771396661119202,4.11641553442029,1.8873039473684212,4.429749598227859,-0.8885544772256728,4.889211875081441,5.254094999203695,5.6472082795568825,5.589647599325887,3.8852898550724633,6.606567526676222,6.337830466634814,8.182840454772613,8.013151899429074,8.14927026746367,9.464335237584029,9.16980008578378,7.69325441370224,9.789047204968943,10.075195275738754,10.501589673913044,10.459543051410288,10.635019274874347,11.450327196095829,9.452358935965691,11.099752898550726,10.82681388888889,11.325866847826088,12.889423242923993,15.096269625603865,14.90491977225673,25.57946149864628,24.54522463768116,24.181178053830227,21.142987537824492,26.853700374123715
3,5.70460931781584,3.2698324301503647,4.101430205949657,3.3965778627484675,3.691074414715719,4.543484710726916,4.489144598155468,4.615116226494191,4.190688370121874,5.1761778846153845,5.871774133022774,4.465788869282891,3.5723971155655936,4.842746993948081,4.722109267224676,5.542723960821787,3.4596632199322417,3.2774763943785685,3.4717519614253023,3.5714537688359096,5.2645863526570045,5.220858729977117,3.417261268143621,5.673904278882826,3.5981747448979595,4.147443864106908,5.691487517916865,5.312855314177713,6.681709346745579,6.976436141304348,7.110728919631093,6.308535566400473,8.894705928853755,9.306148917076712,9.442190237298933,12.784026284681818,20.031874572795623,23.36985559253866,22.8019639931587,20.483723100570927,17.31958681142857,13.44874849244958,15.74736719966463,16.127119047619047,14.124245082815737,15.510850528946756,14.662205046686143,12.927079849579384,14.099349472990777,12.891769858192912,11.505721343873518,13.13922021503745,13.144064147415282,14.8027299084,14.147922706000001,26.842753623188408,26.57114916537267,1.992118310433528,1.1034216084984718,0.8586922320623693,4.00873117787785,1.8164726589200275,4.378770520826148,-0.8910550291345128,4.813576007326008,5.19926524975152,5.664907558182631,5.598505632316723,3.8065342869690695,6.631227106227106,6.333449431003779,8.156761959929126,7.976452477675303,8.133596201856351,9.393368237971593,9.170419594897854,7.602772727272727,9.7142773635594,10.011979238555327,10.423115100993591,10.463375463821892,10.615962038896413,11.4940182249955,9.444229166666668,11.077669778138528,10.825508730158731,11.297804846938776,12.887914532993245,15.099021454843466,14.912940546772068,25.584985847485846,24.577512422360247,24.208310935441368,21.125372072626078,26.778687541940783
4,5.613193785682916,3.242530747983265,4.012508116883117,3.506781663516068,3.6812081939799333,4.5142329352195425,4.372487389422172,4.50449676607977,4.062755434782609,5.209293106651803,5.816499855072464,4.187258036890645,3.465652138622247,4.836712076872403,4.399529479578392,5.407200064935065,3.258824604743083,3.1562516976487567,3.5025762417407154,3.4837369700844762,5.127957935331577,4.8842353491436095,3.5807185990338164,5.590288003663004,3.559003970214568,4.060859519104084,5.481451129654028,5.179077165286404,6.472547553694292,7.099229859335038,7.103210606060607,5.942811853002071,8.696108695652175,9.349122261259943,9.377123347666826,12.56117196431818,19.819958333333332,23.185535850495807,22.587711641461876,20.081926799046364,16.928100414035715,13.266000756489888,15.610882740447959,15.823833333333333,13.716726276350462,15.197392010483123,14.933999360131525,12.918416161616161,13.894293478260868,12.727714909185018,12.508005050505052,13.188651960784314,13.322132375264937,14.801630435166667,14.490591788666668,26.80375667429443,26.53386360303344,1.9345188296003513,1.0298621631129397,0.7584490846681922,4.036585402342755,1.7686015519568152,4.349811329974373,-0.8998809024888473,4.732848530188347,5.183178222980013,5.739964022954146,5.647720018508062,3.7878161663216012,6.549723826897741,6.277122985709942,8.136581519846137,7.944672162619988,8.107728294943438,9.335491435143325,9.126662342488428,7.531735507246378,9.63546945204554,9.95764467944988,10.483328616822224,10.450461194983506,10.634032852271345,11.560179955858587,9.482833534621578,11.070673309178744,10.840050925925926,11.30723123706004,12.940084665459478,15.121522219477383,14.935258322436527,25.57071361609405,24.555,24.148594202898547,21.136480153142053,26.714437734836288
5,5.475714480519481,3.4701643518518517,3.9895289855072464,3.5492763385270476,3.7046946169772252,4.345349265683147,4.324704207770064,4.457679752066116,4.08872913835523,5.200232954545455,5.676880906977589,4.035628969038209,3.374228347492429,4.761447996146366,4.064088850461133,5.205568608013592,3.135132822793149,3.028582251082251,3.5161394927536227,3.2908238224637683,5.024971275252525,5.037678809523809,3.5318434343434344,5.566007674390827,3.5280866977225673,4.045708259682976,5.41056206387547,5.293558941511387,6.504960035133949,7.057215376269085,6.994158801054018,5.926193711180124,8.852454572902943,8.861605210265925,9.293927358873011,12.442228021181819,19.679694616977226,22.268579056336492,22.38977102527605,19.772936019850352,16.835695799892857,12.591682851823695,15.364448051948052,15.656288819875776,13.55474899538867,15.14781334841629,14.53293141821946,12.886190700483091,13.765896358543417,12.723334259449377,12.681269841269842,13.443452380952381,13.72624456521739,15.01119094668,15.167451692466667,26.787343358395987,26.54853694946358,1.9359836093857834,1.3024730087028222,0.6781259076545118,3.969789961636829,1.7786309028500102,4.312371794871795,-0.9051639098928795,4.6718872311263615,5.149727012749178,5.730915730916872,5.582690227557378,3.693611462987178,6.492555361305362,6.2599957250987,8.109931690426148,7.936906099570401,8.110545637126755,9.314479980251505,9.113635297673342,7.462173659673659,9.621169207603991,9.946123977771462,10.423906605329877,10.43795331867925,10.658652438248026,11.545256229791903,9.490100044614538,11.054121376811594,10.821701121463077,11.320918284161491,12.976414146822693,15.137299107142857,14.91438217579522,25.570373467112596,24.480742028985507,24.033718614718612,21.131862648221343,26.707880744350994
6,5.386294815208946,3.2750407752472968,3.9261969461697723,3.3339887187088273,3.7520672564150828,4.314607475598935,3.9042004360373928,4.527131178338957,3.9583251811594207,5.3310534057971015,5.530288043478261,3.989291405514775,3.3540067523056654,4.614158523470704,3.9414800350341364,5.3134158249158245,3.1197861495388666,3.013408777213125,3.4918477241357677,3.2709965756164125,5.107671724033817,5.103930144927537,3.22203639657444,5.416056995540691,3.52951136195585,4.062819698810956,5.295326556629093,5.153876275510204,6.470118006918922,7.0073409090909085,6.861615144927537,5.799415685246431,8.921374654934437,8.65800471322292,9.214530578117534,12.36113150831818,19.578805132066,21.641460196935025,22.28539073479359,19.58091111032687,16.91772490775,12.581837208606178,15.322463768115943,15.730554018445323,13.746349396810466,14.339501322751325,14.782643610013174,12.90467057061296,13.64929512516469,12.874513328157349,12.728833333333334,13.514396422820335,13.830528985507247,14.9895979672,15.448315139133333,26.755406178489704,26.581143980566537,1.9150623582766442,1.202666216288887,0.6220671032819203,4.045265345268542,1.6965714847752893,4.220216422275919,-0.9102420948616602,4.570155478579392,5.124261333138145,5.71571147276954,5.581456472941981,3.6285581945228684,6.447432096888619,6.268464596997205,8.099897551224387,7.910402691511386,8.084997923116363,9.296747379476848,9.104870256555039,7.609681079789776,9.600116883116883,10.012468479588044,10.391686053077358,10.475572131026324,10.69203668786355,11.490424863325913,9.455915310491786,11.009322916666667,10.796832407407408,11.288573979591837,12.997938530734631,15.111565656565658,14.889102790325618,25.537823679943244,24.42630164690382,23.999879744651484,21.119391595723116,26.741256621225567
7,5.27022352700138,3.090547327296612,3.888414855072464,3.389811498133509,3.6553881639026566,4.291654896148183,3.8773000000000004,4.464343090922569,3.7210998317805384,5.173773002070393,5.353385209862601,3.96245009057971,3.2756463648341114,4.561007436404176,3.9616571595400645,5.105411286780852,3.017530370403641,2.9270968822311536,3.4705785573122534,3.1786759027721763,4.9792468434343435,4.981463484848485,2.954817502470356,5.323075668896322,3.3785614720424504,4.005681074134199,5.126517738635492,5.07459762274475,6.449104254776357,6.790600422382392,6.730407246376811,5.488145530280623,8.644043207698099,8.65184117125111,9.114665750915751,12.218565922727272,19.393130282415996,21.580960354058178,22.230955305290152,19.46886508720748,16.85899268392857,12.216679336498178,15.13896103896104,15.676781667607754,13.538411259332456,13.703384193598387,14.403475088789598,12.720796273291926,13.395048701298702,12.594484046702725,12.330966183574878,13.126603835978836,13.350980566534915,14.7869452845,15.3618276976,26.754334452732625,26.6284843426501,1.9130147907647905,1.0583384230503796,0.6549471343873517,4.110845085860431,1.2865225390551478,4.126301242236025,-0.9167132096007332,4.494755751494882,5.114058641975309,5.649609002317023,5.512831210657298,3.589984079929732,6.386973443223443,6.189920715249662,8.094096268965085,7.912766892527762,8.096345955809973,9.217396393175857,9.127933386074261,7.731619075369076,9.581276714513557,10.08152241009125,10.435768489405332,10.48920739348371,10.714654138257133,11.460437906046975,9.44531479978355,11.005166666666666,10.8117303226363,11.300597267316018,13.013607481973299,15.09530570652174,14.884753787878788,25.50539912985565,24.36881811594203,24.0044474496518,21.079577904650368,26.71780389090315
8,5.223906133721352,2.8391194828722006,3.664038499457754,3.027666625494071,3.2320347160603373,4.047508034537926,3.9106855829461664,4.23526031821046,3.6954796738650866,4.8548921739130435,5.107694661835748,3.7549799242424244,3.183218122850684,4.4193256182223575,3.572239295125165,4.709301011320939,2.8095975319969884,2.7276921387790956,3.42195095487401,2.966598133621037,4.3633969762845854,4.703587279314888,2.722155797101449,5.173045391203,3.0044827898550723,3.9854134914361,4.929574494949495,4.743609841762792,6.225053623188407,6.469175583474496,6.600727298136646,5.010187668611581,8.241580745341615,7.957889677610175,8.880369265555192,12.007890504454544,19.19787302931713,21.248378191856453,22.079767855182258,18.973417371175522,16.469945265357143,12.217602295140757,15.094311123658951,15.449785714285715,13.39080434034016,13.509026094276093,14.340379927413482,12.548255828883804,13.041727384933907,12.381252672475746,13.085455486542442,13.26664325013419,13.283371706192359,14.57965527972,15.4821963416,26.799278540554283,26.68758878282044,1.877092305037957,1.1841736887508627,0.7737440364745856,4.054789702837657,1.2817222222222222,4.086921795595709,-0.925773629489603,4.418011426978818,5.081723283839148,5.512783734183329,5.3813356999951205,3.662576273867035,6.422986343366778,6.194278746615703,8.086770656879352,7.954817372482589,8.105753941211212,9.234609657491271,9.10508765852759,7.804163318565492,9.639700545830982,10.158897019355246,10.542505480453052,10.480436720142603,10.74698117883517,11.51684626174308,9.450947802490562,10.997859420289856,10.862270240447959,11.343077604460756,13.056715960201718,15.08955762987013,14.899381654835848,25.448409470963817,24.374751976284582,24.01269911933985,21.035961974820673,26.628882575757576
9,5.149797305665349,2.8161485690235692,3.606477697867858,2.865321796338673,3.1577353223898257,3.949503343382808,3.5724677438388617,4.175896739130435,3.5132137939958588,4.755378781544542,5.067273327439151,3.578239391586674,3.14774609755399,4.273856206293706,3.5559621212121213,4.754562686910513,2.681473829201102,2.5369055461446766,3.3598213815170332,2.892004494756088,4.356086666666666,4.657406304347826,2.6023863636363638,5.095336836171075,2.9349020151044605,3.8876233333333334,4.828577382114218,4.506192446902831,5.999351571737441,6.296687872975276,6.496388913043478,4.864952105348068,8.212723853441245,7.762958612298674,8.789164277751235,11.836303134500001,19.106159420289856,20.919384057971016,21.96776856884058,18.955789553140097,16.38578442535714,12.145757231898537,15.092086269118404,15.454204216073782,13.236701042040965,13.730082228939006,14.909941368860082,12.860344281045752,13.32263986013986,12.627050769646234,13.858961323763955,13.612645027901564,13.507793557025835,14.73935714252,16.1481749068,26.82696761667013,26.697312583996222,1.8552113526570049,1.2149785431959346,0.8150409992372235,4.1447845859571455,1.20650993743099,4.112110483719179,-0.927880893051498,4.406685138850471,5.05024386845039,5.471304688564809,5.39978143233578,3.69769255050505,6.414896878483835,6.20349558050645,8.084512634105026,7.9501926783361565,8.09758391907942,9.20194413074848,9.125440507861704,7.874470638057594,9.719017598343685,10.196093410525778,10.590229296066251,10.559242827565809,10.808163036667755,11.529653506580043,9.495315504081114,11.02605910973085,10.906873664178013,11.367068840579709,13.128006748790106,15.132911706349207,14.907543155602161,25.434729853479855,24.43264532279315,24.090112271786182,20.97282862065471,26.544849980506037
10,5.080231213532844,2.861053796931943,3.637029314888011,2.831711271367521,3.122970779220779,3.9899448287220025,3.728395431295048,4.129274653434153,3.589788239243412,4.800414335664336,5.06096356295878,3.4904115659702617,3.0068486543125013,4.108875924799838,3.491578474967062,4.6977871712292005,2.5775561241294938,2.425520322545494,3.3877022005772,2.8282911526914196,4.37638255599473,4.669765302481335,2.4785995141633728,4.999937221293199,2.880875052936194,3.7848623943236714,4.678563448494608,4.451178841991342,6.031136655011655,6.159656436487639,6.359345645586298,5.005908973273104,8.171359903381644,8.019842502218278,8.719498195041673,11.778243375136363,19.027798840221198,20.699016432440345,21.937599149491813,18.864390194648347,16.299998346428573,11.895322195239652,15.05531550994689,15.478914492753622,13.193961697722568,14.316351371774006,14.953420397261842,12.831141666666667,13.103364389233953,12.595195193905024,13.1891139657444,13.697044910959553,13.487775025777625,14.788855693320002,16.178924244666668,26.825038138825324,26.643468007739987,1.8448702396637178,0.9772558112177676,0.6740015428888426,4.073235507246377,1.3043200483091786,4.107146433276868,-0.9320526117149758,4.411455482922874,5.029841673098362,5.276207298448678,5.365888218923933,3.696880589955281,6.409336677814939,6.204323644173389,8.063711438132566,7.977516408144285,8.091100143205708,9.185533029929875,9.103709257228278,7.930116763480608,9.728625258799172,10.153609754443087,10.576250676859372,10.609227870990294,10.853440607012036,11.513287143890592,9.52597471162378,11.02880750915751,10.939353282828282,11.36320982142857,13.159097096188747,15.166804369392684,14.916085040735663,25.438235785953175,24.43264906832298,24.160751251646904,20.78094934189457,26.542671079873596
11,5.062114025335951,2.7355161529344882,3.5891041742784067,2.8521706647032987,3.0418612561954954,3.8692812812187816,3.702831925979159,4.014561418206541,3.4180467723321213,4.6065932337589945,4.989541203337725,3.4961095920383967,3.034327397319127,4.087916334677685,3.4652070981554677,4.485080556219144,2.6719905969634232,2.329372026079692,3.3035719069577762,2.8407738731343803,4.352745652173913,4.545201141853316,2.3906557324016564,4.945050368906456,2.8390499793296766,3.8600529813664597,4.581235516831532,4.38697179089027,5.915572533444816,6.158226740123967,6.360483682476943,5.017492990279115,7.95598833051007,8.254689252183088,8.643955277926036,11.746850170047619,19.096089387665476,20.515236117210755,21.84146390633823,18.82751187865497,16.220343864285717,12.127868217445082,15.309995059288537,15.645606499780413,12.900297212363206,14.463075967531918,15.070584071784443,12.606667195767194,13.102833333333333,12.66312740693459,12.380784161490682,13.5140293668955,13.531810849515953,14.84300884576,15.780370369266667,26.80435996116774,26.62842043579189,1.7871362762496301,0.8037207310460415,0.6342075098814229,3.873115409207161,1.1584928328726956,4.095353915408263,-0.9364129748572684,4.434686956521739,5.025924277784646,5.321815796647131,5.351446642556891,3.767945448271535,6.457057616296747,6.196935388219713,8.041770947509438,7.958781676028014,8.083968924628595,9.152866022195733,9.022748286086529,7.897750130304478,9.72195652173913,10.171024135901915,10.650189345678475,10.62496990141293,10.868161521449565,11.511430263889036,9.485625642205353,11.007105223429951,10.953981680939835,11.353935028467907,13.196420962451105,15.17472416321601,14.858016892527761,25.45604814871119,24.446715182515696,24.12348899868248,20.664538805933734,26.561185711932996
12,4.94584800138342,2.860794226911885,3.6419428759646153,2.981856104837192,3.034167960662526,3.8214445008493922,3.7516308811802235,4.152433924485126,3.580805641821946,4.652648734417756,4.94778183982684,3.450292792443064,3.214901892609596,4.09057525083612,3.460919960474308,4.611583471673255,2.6616748855009726,2.311800009859016,3.3048472222222225,2.8055643249171087,4.624846376811594,4.861930339889579,2.770458362088797,4.888686713721061,2.8698136125003364,3.827657180500659,4.670929750402577,4.652816964285714,6.1106014309764305,6.283849376114082,6.340885507246377,5.527128119034175,8.078818840579709,8.537097096743835,8.636406109146384,11.784353594,19.20082298136646,20.97308776167472,21.834460522342994,19.43149968494014,16.40743661035714,12.409318333064451,15.402918548842461,15.733179183135706,13.222414373669809,14.742253487561031,15.091535140810278,12.39262389108476,13.002125054896794,12.619763833992094,12.27432712215321,13.434992372234936,13.482827118061524,14.991539109600001,15.480164688799999,26.832281791435108,26.642594267598344,1.7853479986197376,0.9040995833333334,0.8249517543859648,3.8780399685565925,1.2171017279821628,4.068684440680093,-0.9395074179292929,4.3791102955016,4.950219038208169,5.224202644918143,5.290490424430642,3.7622857064433153,6.368092324342324,6.246356964291747,8.037626873213053,7.943282044042913,8.064192416778624,9.124532722712072,9.0018820995671,7.868465367965368,9.6955,10.159844249952945,10.772202108016252,10.682815491604845,10.888794492544493,11.528371253112336,9.515609903381643,11.025902777777778,10.974540502070393,11.32226700680272,13.223769819635638,15.177189529220778,14.860278108278886,25.450878026294692,24.460993675889327,24.06261133069829,20.701542599912163,26.673794819311123
13,4.979408310747224,2.979550962523789,3.6015201392810083,3.1845955891210243,3.112776360544218,3.97358593146055,3.9296574624178597,4.317522311966546,3.7441738760721686,4.958391931438127,4.888927329588794,3.5196129611330695,3.3673900553605183,4.236127859459382,3.7857191043083898,4.708146811594203,2.754673728186927,2.3041516316671595,3.3749305678793258,2.8755705128205125,4.898789347826087,5.227433876811594,2.9352807971014494,4.815746017316017,3.0303731144631767,3.914839071146245,4.746955448201825,5.061112106255545,6.251089506172839,6.405074914748508,6.284452727272727,5.975273335618832,8.312608695652173,9.057941437444542,8.683415530884066,11.943257364136365,19.13674857967596,21.492743689482822,21.89787938777073,19.15445065954577,16.494149609285714,12.414513760049473,15.442424242424243,15.805967908902693,12.952940834980236,14.096907062341845,14.941275751497898,12.116379465709729,12.77465799297321,12.540142679154496,11.629059617918314,13.360839348735892,13.248272777395888,14.8824440044,15.075710677133333,26.834227862145482,26.596990646958716,1.7396877963306534,1.333257757842753,0.895914964040536,3.932796355498721,1.52907981078905,4.038657625618724,-0.9494058618012423,4.298009104422148,5.03983997584541,5.252832792207792,5.252949251835121,3.7100599682121422,6.262000650315868,6.187881442229268,8.035098696593263,7.964403820816864,8.062289520824004,9.118533879164314,9.008491445149055,7.949731357048749,9.692208074534161,10.16062946111859,10.803280202783982,10.754874916437885,10.95772723206298,11.604919722725786,9.558027116402116,11.088211594202898,11.017729699165567,11.338177083333333,13.197810915970587,15.173741765480896,14.857946063280732,25.471102358351594,24.48826282702804,24.086771181716834,20.72446553178437,26.723266045548655
14,4.876052398545391,2.716003803976344,3.464585921325052,3.164623400943069,3.020611724561,3.8857796186930753,3.702729532407645,4.287709006415764,3.4841371441418025,4.721433957489879,4.725848292866553,3.4845182971014497,3.064270710986523,4.011366075270394,3.947570872144983,4.606993985507247,2.8183167701863354,2.351298490157186,3.3309523316573006,2.790568909975057,4.796320625823452,4.944589201408495,3.250791849712633,4.757887233201581,3.0123957258383793,3.899678333333333,4.708555018786903,5.131482142857143,6.198124530327429,6.385993985341172,6.341424101261058,5.804238000067928,8.094788537549407,9.154971532091098,8.67384635292244,11.878329470045456,19.000012323770086,21.52560185185185,21.955481053743963,19.212279452129994,16.339511562857144,12.268760822510822,15.285542929292928,15.577683229813665,12.868257125603865,13.74116992172363,14.37941351696311,12.080286835748792,13.146702898550725,12.63519953313857,11.639764492753624,13.323011901978665,13.15393922924901,14.691988406,15.062827184000001,26.789442355889726,26.561188000572084,1.7500211475894705,1.0512785590013851,0.7721367796962763,4.082645143692359,1.4542586289092296,4.0350606990622335,-0.9488704925810905,4.302370274652883,5.135255132850242,5.147151331520134,5.142507688794261,3.6656222551602986,6.27390607580825,6.199607910205737,8.024370368856925,7.976030804943848,8.07165792103948,9.077041527313266,8.979431873380243,7.966517127799737,9.66089420289855,10.129144053410357,10.715776469120042,10.656065717141429,10.916658557728464,11.608916079607074,9.571326367540134,11.072337848594643,11.050711193456301,11.422116676019455,13.171141929035482,15.176029520750987,14.875531832298137,25.480338577926297,24.48856896193052,24.1368115942029,20.630549421056667,26.5929040672333
15,4.6873130811217765,2.3805828157349898,3.2347117918313573,2.85341998211933,2.826286966745904,3.8083473564143855,3.5076013673241673,4.192772526780089,3.250583223539745,4.323958193979933,4.717495652173913,3.359567607754564,2.876844056620758,3.8635193933481977,3.797824275362319,4.313363085284281,2.792516563146998,2.3559846916368654,3.2021287094547963,2.743095284309376,4.665988333333334,4.707599562198068,3.1443382913806253,4.719606304347826,2.831090106732348,3.8658045454545453,4.598310789049919,4.827246994400527,6.014748908163763,6.188130890103077,6.366255750988143,5.416939330079858,7.801209523809524,8.612291851523219,8.61381370441153,11.819057402272728,18.943652832674573,21.00864197530864,21.70078053309121,18.69789809863339,16.093273365357142,12.247857456553108,15.207493412384718,15.52040476190476,12.829620833333333,13.217029757279757,14.447022457896637,12.054004347826087,13.05506038647343,12.633452741020795,12.272502251888898,13.328565835702562,13.191760454259036,14.740935177599999,15.629496337333334,26.814740655987794,26.54406984508547,1.767007756132756,0.8764706061829767,0.5965835847028639,4.061425014410409,1.3365015322206397,4.013051403211586,-0.9452990091128678,4.305968848403059,5.052910052910053,4.991419224450625,5.159254658385094,3.7042173378522065,6.317843669488406,6.196564685314685,8.013709353670738,7.947124618859402,8.058779052032424,9.054251762730022,8.984233250445207,7.909798701298701,9.637965367965368,10.048257575757576,10.637070884377122,10.655368398336716,10.873526197649005,11.580824670725374,9.54950966183575,11.071573822463769,11.015168126921388,11.393004778635213,13.094230355185553,15.159763257575756,14.876456315831929,25.495101986044013,24.490016475972542,24.13331859565555,20.56295506124898,26.4312608953331
16,4.527565177663361,2.1171749926804275,3.0713520213577423,2.60342149068323,2.6321884301956766,3.733890924136697,3.3182778977402183,4.037140205389024,2.959139703575765,4.06594949706091,4.583653757763975,3.2289846920289853,2.628718116555782,3.9364539855072462,3.261833603218002,4.255069955406912,2.6220176846100762,2.1790136876006443,3.0391852060982494,2.866863700302297,4.457713188405798,4.224791378458498,2.9672451509207804,4.673874347826087,2.711460832083958,3.755562489177489,4.505448134728932,4.5710145019964505,5.834161030595813,6.074007352941177,6.154512028044419,5.2391063194052325,7.591269151138716,8.280194805194805,8.598069955406912,11.79197905190909,18.918413561076605,20.866012479871173,21.553851708590482,18.59486371294236,16.118956554285713,12.504216409884112,15.275156455862977,15.452934782608695,12.767244500517599,13.05662157809984,14.504572285353534,12.084987230161143,12.872251461988304,12.550579282563687,11.811374223602485,12.915955649994551,12.885356825751439,14.7568913048,15.4673309182,26.791384711779447,26.553737609336114,1.7860404006793758,0.9969703831796222,0.49130930958819974,4.010754092261904,1.2950176049795616,3.99043446891273,-0.9471475694444446,4.277082337951904,4.9833861714975844,5.040518791508698,5.167153763679385,3.7063602510613376,6.329707611229351,6.120731351981352,7.997320336237261,7.971072452696494,8.042030202431253,9.033648609844262,8.965394898579682,7.811876811594203,9.614865047995483,10.04722203042056,10.667988222188052,10.677711144427786,10.847519274874347,11.619567657248817,9.5078614869861,11.065098882850242,11.010661765951442,11.346045289855073,13.074117309967464,15.153038017990463,14.861312111801242,25.486888205728786,24.49660724637681,24.118696985381767,20.461850972272966,26.355045659568173
17,4.469701037376049,2.063999372850867,2.9373162525879914,2.336050606060606,2.512584009981035,3.647532651072125,3.1985723739369987,3.8350944320329954,3.008463985117712,4.007039277751234,4.419010757129979,3.1305312499999998,2.240974149276053,3.5619388968519408,3.1055305383022778,4.076859508547009,2.428011818495514,2.0104642700294875,2.814311782420478,2.742042844534692,4.227997826086956,4.1522769474637675,2.6763299677058257,4.6421543544137025,2.5632731663014647,3.6283332015810275,4.344464359781388,4.358526515151516,5.621945546737214,5.963490108889406,5.99142933747412,5.103189699792961,7.472195652173912,7.960754365975639,8.562179487179488,11.7707449705,18.981742424242423,21.036393185480865,21.554879938957242,18.68872951173223,16.02905385357143,12.23103067313882,15.102296432706511,15.243122807017544,13.021303170289855,12.818641325536062,14.105562956871346,12.360916666666666,12.784722222222221,12.498292798017987,12.981002331002331,13.081200068248425,12.780834514807813,14.68065498824,15.5986969702,26.765462569467147,26.52511644296223,1.805784124519373,0.7151395790200138,0.4344032243817713,3.9133003849637684,1.0182241177396212,3.950278175618073,-0.9496545619235838,4.266228590250329,4.981208009153318,5.11935485328935,5.14306183408805,3.6927975406236278,6.402949061172745,6.091473381690774,7.998052435401037,7.974776402468621,8.04414429689917,9.00097520709649,8.809257284382285,7.851149758454106,9.634821256038647,10.068653165103395,10.66350369157874,10.695528485757121,10.84381788903528,11.617187959651728,9.576097826086956,11.132482608695652,11.061578743961352,11.429146470746108,13.05934069982268,15.151833592132505,14.856558303579389,25.46717070056442,24.413087745587745,24.07952123200979,20.34992347561188,26.455813310450036
18,4.4150092893376645,1.915514676479426,2.802947994987469,2.304867663625467,2.414964247062461,3.4520130959351976,3.1668063217238545,3.819872254532189,3.0926839908558943,3.999317437417655,4.336835058661146,3.0288278409090905,2.351789381167487,3.5635732628214516,3.09775,3.8333898610447523,2.2722349459546667,1.8366142794403661,2.6100351966873707,2.554307400995902,4.028575537707906,4.206795097716293,2.595667516122322,4.4410626152832675,2.4569966607605287,3.547196261057783,4.3439851717659685,4.2100833392151324,5.402414403698824,5.767062263257576,5.922836594202899,5.093392628790647,7.358552700922266,7.499469209620607,8.508669591278288,11.68373333068182,18.930516735679777,21.246021575678327,21.501942924979613,18.807724665129555,15.960149633214286,12.343911133293897,15.122384559884559,15.245203081232495,13.046511243386243,13.454554030982306,14.236174990719826,12.638679710144926,12.940674603174603,12.756027080827176,12.78070652173913,13.195071491397519,13.236801795125166,14.567265217760001,15.911666666866665,26.78147406559878,26.509757426751992,1.8018182288725764,0.6344111198497845,0.47568171142960375,3.758383540372671,0.9384939613526568,3.8508924336533035,-0.9513891153381643,4.293579246840117,5.020608915239349,4.992154071773636,5.131795438860657,3.6254270186335407,6.4392120560598824,6.090812176953482,7.9864151441208895,7.955593045914018,8.030611799363475,9.010157731760993,8.806417025607244,7.9090477280156914,9.718714097496706,10.146579869405956,10.632978320306695,10.702999149775762,10.856720303173391,11.658498677248678,9.622346392475754,11.172457246376812,11.148678019323672,11.446132581857219,13.101374828587563,15.159677353896102,14.883029608417806,25.396712088680687,24.37809876877172,23.964547243774295,20.500177386867495,26.55520177621627
19,4.37285421734063,2.124590788565617,2.7591238471673254,2.3957522603158234,2.309825184209242,3.487335738335738,3.1100746988518724,3.7411517777013996,3.0611589974897426,4.105610276679842,4.391919780099128,2.899057847496706,2.2869516045548655,3.636884628053106,2.7945674433943886,3.7438266525141524,2.1920864389233956,1.8054878302475554,2.4876864541600567,2.521017071160187,3.8267609354413703,4.24781783185112,2.5859479238555325,4.373584874835309,2.4078501074138257,3.4347972256728774,4.132195075757576,4.166812213472346,5.301024911816579,5.659938556763285,5.819745,5.017035959640773,7.228833333333333,7.349039502164502,8.456359649122806,11.6476983815,18.804586627140974,21.326609631786976,21.30439678030303,18.89391304347826,16.019567822857145,12.242669513457557,15.31779404719128,15.303868530020704,13.301512438045046,13.919719326416338,14.981550177177894,13.076740873015872,13.194722222222223,12.666061155369519,13.134860248447206,13.351468242799513,13.32513446969697,14.41596802116,16.356963767133333,26.834166666666665,26.51396090010444,1.7905489574090505,0.6144855968737956,0.3922748348143085,3.6524183326863353,0.781018967874231,3.843287452530419,-0.9508988389328064,4.286642578436057,4.923566666666667,5.021092541135447,5.083592937382983,3.659544493851559,6.385388795986622,6.155030024323502,7.978570756365788,7.944132034632035,8.024918086069746,8.980685618729098,8.810711532127293,7.970333521550913,9.760043384152079,10.179972925625101,10.587411773009599,10.710959698722068,10.83224350126524,11.697702922077923,9.617720003132831,11.19505579710145,11.18184659090909,11.458417069243156,13.11427521107257,15.189980374396136,14.92139492753623,25.34327826226377,24.329624632613765,23.959172888303325,20.56908810325477,26.56375928800414
20,4.312171254470167,2.1932980029124196,2.769791666666667,2.225172812579456,2.2974670793511374,3.415234487734488,3.2056017015644933,3.458898589223688,3.085767839171336,3.9196873913043477,4.323558650362319,2.8788072463768115,2.19956299276408,3.5506007326007327,2.8168958764665284,3.8280577686202686,2.0681086432506888,1.7943229813664598,2.4967886126123706,2.5257788672679977,3.7007308300395256,4.164534722222222,2.255577803203661,4.28883536231884,2.404953939967246,3.320863167701863,4.062414307612677,4.163443375917561,5.284702361782071,5.571281541149069,5.67893162055336,4.94618859401468,7.277440259740261,7.305882688003431,8.478670528556112,11.684542306681818,18.7626519643071,21.698708305872795,21.28378798184259,19.214761904761904,16.121272858214287,12.330360720375108,15.267884392048831,15.166980952380952,13.510141923436041,13.547722338935573,15.10716711840144,13.017002316644708,13.230411725955204,12.673777173913043,12.629599567099566,13.328680107713287,13.193589838603424,14.663894307599998,16.502870370466667,26.826456215885564,26.560934048364075,1.7816245216136521,0.7587491872011731,0.2635024715940048,3.5536863839285715,0.6410919551798175,3.812638057594579,-0.9559660894660894,4.2593658153440765,4.986547619047619,5.142667949334617,5.065870018956199,3.71548364075538,6.321132048897395,6.1924346296342865,7.980606026995779,7.964013457556936,8.019664599518423,8.937993256743257,8.808890870618702,8.020104554865425,9.82258300395257,10.164828197165154,10.544380753934156,10.750117027047974,10.803576099155809,11.646513605442177,9.631274791784303,11.214275324675326,11.215629166666668,11.46248389694042,13.053966339500226,15.174278273809525,14.910257472554239,25.3665321695213,24.336459790209787,24.015638754696724,20.546760060926726,26.58072712982133
21,4.161908486822103,1.4999741473248338,2.604606742894786,2.26557702020202,2.1308860691107068,3.2827834600775105,3.0155090955491772,3.298343565525384,2.8528088892881382,3.6327126089490216,4.091984848484849,2.675650854037267,1.8152272962544704,3.165919820182501,2.780895100069013,3.6495030060519187,1.9062232378129118,1.7055836419015769,2.4272776231704802,2.532890189520624,3.3840263768115943,3.521844429347826,2.0656796293512203,4.263012173913044,2.078746306993562,3.2236572727272725,3.843619105532149,4.012889209586997,5.044561307519642,5.462280112044818,5.385057977602108,4.540455637788712,7.130334321475626,6.9958321905837435,8.398469679633868,11.615486989363637,18.62233735577115,21.6298644338118,21.459103733459354,19.106202357425182,16.01294998642857,12.185274603912712,15.29600586611456,15.121703839638622,13.386396770500031,13.588127387318565,15.384957452132847,13.267976226551228,13.07352766798419,12.990026632787503,12.516879251700681,13.354174975482184,13.412306818181817,15.015505929200001,16.388378192666668,26.84032361660079,26.538606692538327,1.8217551995106345,0.7138996068343895,0.21142752508742207,3.5177712862318837,0.6086685624634709,3.7370865800865802,-0.9599163510101011,4.288120122630992,5.017536231884058,5.171141975308642,5.029484458107646,3.7502840909090907,6.30580443107617,6.214736056214317,7.976014022209674,7.97753896103896,8.005584058620041,8.911856078703904,8.820082104489712,8.097613401091662,9.806017598343685,10.15363712374582,10.49640391901734,10.658449184498659,10.791451540944294,11.609990656341589,9.648898402839396,11.233818944099378,11.181843542568542,11.44837037037037,13.117305064999966,15.164216505113245,14.946999694146433,25.427593828273174,24.37129826695044,23.962910506026446,20.553206757011107,26.579569504569506
22,4.021244218045113,1.3671215199951199,2.4551370320855614,1.741052774343592,1.873724616768095,3.156528439153439,2.665859120844354,3.106725543478261,2.457266228194003,3.2815025355079706,3.918838132881611,2.5001754611330695,1.5028652911098566,3.1016689390856054,2.3745895167085878,3.1747652385276814,1.623227821695213,1.4152319893701881,2.254932679725382,2.4118488413760155,3.0909616666666664,3.154095602766798,1.9480069072803625,4.177179101449275,1.74412352346554,3.061596666666667,3.62239658982322,3.5818160775179635,4.719889074693422,5.204089107789855,5.32497135610766,4.092067805383023,6.605174905106971,6.913408166626334,8.266086872065133,11.507253286545454,18.455297557619538,21.560321827295514,21.77665899276377,19.11977266589743,16.123765380357142,12.537285751257025,15.223674242424243,15.252404761904762,13.426239177489178,13.745886383011703,15.406402525751586,13.258030952380953,13.144280851998243,13.309832962012782,13.123809523809523,13.427808203372882,13.482728260869566,15.046684736,16.541565736,26.877513998682474,26.53109931156806,1.8248819584487286,0.7421672335600907,0.2608595797794882,3.661785592497868,0.6484551584687454,3.6723005458309808,-0.9620631313131313,4.253346472368212,4.9850588179936,4.955410384033572,5.0242566781468385,3.690179649758454,6.221654631600284,6.233057782796914,7.961351897530387,7.9682104899930986,8.003043006008957,8.903220525660457,8.781762395213482,8.007005270092227,9.76863069750298,10.10992132867133,10.498346423436551,10.63423377596916,10.769789829512051,11.587906122767393,9.679519398174289,11.232457142857143,11.198021678743963,11.414128382874889,13.15303776683087,15.126046842650103,14.919948240165633,25.402482933732934,24.324173380966858,23.881530278631725,20.574018959435627,26.57232706271608
23,3.993418787352998,1.4099115910485596,2.3641419717772694,1.6465360071374089,1.8290463250517597,3.0745109793588057,2.5375220890974965,2.953483397107905,2.189854092555995,3.4669090719063544,4.057481146154612,2.3860624917654807,1.4610092562716788,3.106124709250313,2.375556324110672,3.2378678887537586,1.504573070128159,1.2265323945726039,2.167443249038746,2.295248118395716,3.1083863636363636,3.2561515876937075,2.0404175685425683,3.943203695652174,1.8860154561862819,2.910432911725955,3.528793199554069,3.6459447321418685,4.671099745363332,5.078264266304348,5.245704827285604,4.210279045828858,6.5820954106280185,7.135926515481721,8.18774738990986,11.402175808772727,18.584444993412383,21.629677536231885,21.992213070795952,19.34144990957373,16.26232298607143,12.818891981034838,15.15334595959596,15.216474747474747,13.676374007936507,13.511080349531117,15.114061228678905,12.984206763285025,13.055193236714976,13.341867055990638,13.517714131106988,13.312218726163234,13.224013142497073,14.921397139200002,16.46441252642857,26.90799430641822,26.514091575694838,1.8153438892025848,0.8336418656395365,0.20075720551378443,3.514494620575503,0.6229951448669984,3.6022892507949718,-0.9636258303140096,4.289072139615619,4.910439469950339,4.8490798289012575,4.965591588398605,3.6045214371980676,6.199468933843933,6.207798976385933,7.956683746132912,7.956304408634843,8.00127979966061,8.854661086363985,8.742592391923484,7.992184161490683,9.799645425528578,10.081458034718905,10.485622018183454,10.677428250160634,10.743380788561947,11.55114167995747,9.67020252941711,11.247914285714284,11.240478096179185,11.414862975081336,13.123840996168584,15.065156250000001,14.880983036330475,25.37858098423316,24.269957994903645,23.91456985220334,20.40046283225631,26.462927497891265
24,3.9886493844319935,1.4158955588493631,2.253696240353849,1.68922315516609,1.8616968176750783,3.051757911237984,2.543621658157664,2.8168694005270094,2.227101268153287,3.520572954113235,3.886284577084,2.522833532695375,1.3577137521487304,3.0073751293995863,2.3148002849380007,3.2036018524174485,1.544533551922386,1.1577290764790764,2.2154138198757765,2.2792499402612387,3.2593889440993786,3.186550748474447,1.9432583930181184,3.878809212121212,2.0366748886108894,2.933015,3.4923033929266767,3.7264869695125507,4.667702139441413,5.019758166705418,5.14502466873706,4.623414417254316,6.624932065217391,7.3020058457125305,8.238207408533496,11.379857438863636,18.571139614667285,21.640937666135034,22.003172497163664,19.170734747840726,16.261805051071427,12.87137279163849,15.078895805138039,15.085784271284272,13.597806849551416,13.185126559714796,14.678384399285864,12.819882246376812,12.974867149758454,13.197465744400528,12.944266917293232,12.972123323013415,12.96738935712625,14.735115352400001,16.367336554666668,26.90916287878788,26.526949530601456,1.7824777087646653,0.8838660988769684,0.1847909088432544,3.5777846334185845,0.6724769611072361,3.6171047242458685,-0.9681632233374939,4.23923163383499,4.805934516475134,4.941727484472049,5.00353136843475,3.5025067575339315,6.165420813930539,6.17527536231884,7.963498955074021,7.964397453177234,8.013284426082699,8.84111587494819,8.724090748020096,8.049749675572329,9.759431955423803,10.05556357223024,10.479429668057385,10.638903032036612,10.689763177998472,11.584969033726797,9.661233595008051,11.26597969924812,11.268086206896552,11.42437065976276,13.126663980609376,15.047954094516593,14.877364679402723,25.405618264585655,24.25662068004459,23.959827048957482,20.290646083653332,26.378044568858833
25,3.929034429338777,1.438572749809306,2.2356249999999998,1.8331063963299419,1.888844969866137,3.0333125884448346,2.6047223516218083,2.8478412384716734,2.232283388622247,3.4864219240904024,3.817350659606094,2.518180532853874,1.5169563306258957,3.0528071878064726,2.4285292311395805,3.131933483183483,1.7855843941960543,1.2955148535039838,2.320897183434777,2.3464750204505638,3.2657161594202897,3.3751221649727086,2.135729578392622,3.978250375494071,2.0538780913114874,2.945701552481335,3.490734864772908,4.016837694578637,4.523982295957285,5.117343814699793,5.128305144927537,4.669078322040279,6.59551966873706,7.402330200855046,8.397435700582154,11.39730059159091,18.500474607737456,21.233267436785408,21.84480404589372,19.017264334873747,16.3857551,12.217979837960657,14.828534569295439,14.992279503105589,13.522963595583162,13.41006926683717,14.679287839782262,13.063730952380952,12.986519543258675,13.190435950413223,12.948600803957946,13.097807519370509,12.99564177693762,14.699599474,16.14611628646667,26.922246376811593,26.53912377168423,1.798839364138277,0.8861860766045547,0.193944976076555,3.6420563725490194,0.6338564997804128,3.6260478786723063,-0.9610825236056214,4.153027335936375,4.838815415019763,5.069542899115744,4.960723578700987,3.50831111973775,6.0853213815170335,6.163102875300318,7.970547864402677,7.977373051586095,8.008571428571429,8.849130434782609,8.715000797448166,8.055472089314195,9.77468915866742,10.12854020979021,10.555283697084265,10.618598655217847,10.710521481936432,11.579496157990969,9.740982275132275,11.311483333333333,11.296032061891133,11.457375389230652,13.147647604769043,15.069234601449276,14.905027173913043,25.428113734091994,24.291976727982163,23.964529177210334,20.291786768652713,26.43828622482131
26,3.8716118370759673,1.3813099646349074,2.2056448412698413,1.8547438280318715,1.8059462464534928,2.796335449909725,2.612490162037037,2.970442664219838,2.368589919772257,3.5215517001114827,3.6018572727272726,2.5606263930577433,1.5460979130782748,2.929711985930736,2.4429469995770488,3.2365032051282054,1.9141831357048746,1.4157215007215007,2.3514259464655427,2.1204484095073677,3.1974404761904758,3.4106200935990336,2.0324672848128227,3.8434616666666663,2.0112829210394803,3.009433484848485,3.4002481465997767,3.908391000191153,4.721681773879142,5.070896099744245,4.91472679197995,4.687464692398699,6.466070487483531,7.007919396175362,8.288994372294372,11.395625240363636,18.422974308300397,21.216008771929822,21.76181556992223,18.97017076824142,16.3881272525,12.226875789841628,14.920893719806761,14.990474033816426,13.683301303854876,13.81561530162304,14.544154220779221,13.217525595238095,13.152437417654811,13.141122471445412,12.995833333333334,13.121315234727135,12.98950543478261,14.9351010236,16.338357488,26.852564464520988,26.48408769468756,1.8215150887759581,0.6961602019942573,0.1686657218639484,3.6262457083623962,0.5707318213187779,3.583122804128239,-0.9675911080917875,4.080104315973881,4.921083794466403,4.951367648369937,4.957262235885424,3.480425861879666,6.0104481267524745,6.152090301003344,7.9755202451533975,8.012590909090909,7.990576265091017,8.824149310834093,8.731412629037628,8.024722002635047,9.80557453416149,10.111197679132461,10.574322416713722,10.665857322534904,10.749516995350328,11.586712074157727,9.792778156565657,11.366334057971015,11.351709933182761,11.513307861781076,13.182555232124196,15.074321681488803,14.890926148127235,25.412703962703965,24.279320407853017,23.953522239301225,20.37708333333333,26.52032427449094
27,3.8079165507246375,1.226572567783094,2.129833333333333,1.7474511624396136,1.7086763940921073,2.7212825799401887,2.5886859405690927,2.9368592528752715,2.119770005802982,3.429571000557414,3.5466383399209485,2.5035402191248877,1.5160018789675411,2.804665234028394,2.2212894433465085,3.255852912486065,1.8912385540184453,1.4072486735142014,2.357664447267708,2.1733994022145993,3.2966018633540375,3.3895919696969696,2.2095326391426133,3.6857177140974966,2.04279265881765,3.100776672313194,3.4333485038512213,3.654252412377995,4.81117017396184,5.062664535984848,4.898490124223603,4.756290584415585,6.331924712968191,7.15724894622921,8.30058845140367,11.38736255859091,18.406349862258953,21.333433014354068,21.7484852807971,19.08950277825514,16.415780278928572,12.630554670484795,14.907237750172534,15.158068783068783,13.688987616459627,13.806252344416027,14.538509600480507,13.246201182745825,13.209987922705315,13.314327957266427,13.566834886128365,13.197128237259816,13.264363013404365,15.034275363199999,16.579658385,26.832895021645022,26.451122783541944,1.818993424767452,0.9509670986752189,0.1521821673749591,3.6648685189490813,0.5109661426536426,3.501261352657005,-0.969546497584541,3.9985242112959503,4.878374252559035,4.823022202952328,4.952536841848436,3.455586435002196,5.979340858416946,6.114355933921152,7.971505623000189,8.026747035573122,7.964588626952756,8.775209030100335,8.75619220634438,7.985855629877369,9.853898550724638,10.11395922917662,10.594419144182849,10.670152423788107,10.75568813337692,11.601901249630286,9.889293315593001,11.39263787878788,11.409071926698989,11.53068456302152,13.16476875198764,15.068796799516909,14.910594885187276,25.37427197802198,24.265475195094762,23.98751533624722,20.346351105952554,26.50602319832925
28,3.7430944526488004,1.3567835089205227,2.131526610644258,1.9190894770006302,1.7558735818742213,2.7009446457326893,2.5362873303874807,2.8105863757714444,2.1128537970743855,3.427919289044289,3.416564761904762,2.5094544934470564,1.4899158407194475,2.849413616356674,2.0624327763804047,3.2125315508766596,1.8793306159420289,1.3554375722621064,2.2747265932688867,2.3273185433544907,3.3233287878787876,3.3829374016563145,2.1415962157809982,3.7306200798748352,2.138981177430765,3.1419210276679843,3.362117106625259,3.7388685594297004,4.847941766700825,5.018626994275971,4.869343291925466,4.763964820117771,6.256735177865613,7.301748995052567,8.274269872639438,11.367457165727272,18.374380165289256,21.239827898550722,21.779875741551226,19.132351655504387,16.269375353214286,12.571832062864672,14.840174258109041,15.095289855072464,13.441535192147033,13.750055413469736,14.583231245754874,13.460081453634086,13.344960317460316,13.298822621298047,13.100838744588744,13.177082634121534,13.220465572549694,15.0637222228,16.338332236,26.778541666666666,26.42495031055901,1.7707134701047746,0.8054457309900245,0.16333057074504442,3.6228411125319693,0.4858082062864672,3.4285757575757576,-0.9700469504830918,3.9331705432248913,4.897027338603426,4.786755952380952,4.9316956661159566,3.37609126984127,5.952717391304348,6.0596513088360915,7.963870929794843,8.000324148315451,7.964524095211208,8.753041071247592,8.681630998530455,8.010883500557414,9.852917654808959,10.0716357555488,10.601039697542532,10.697538730634681,10.771906260674378,11.583265692640692,9.914159722222221,11.4626,11.44878337585034,11.544701219975677,13.136465695723567,15.086291515700482,14.938761645962732,25.32581585081585,24.217690914158307,24.00029278290148,20.399731744704567,26.403822036793052
29,3.648882412400719,1.2896799062874578,2.1068134332454984,1.8675814864483342,1.5321418617614269,2.6842135605904676,2.5059361045173048,2.8214101854352327,2.1318736698976566,3.4113331695478433,3.4667936853002073,2.427425525536329,1.4148581441889247,2.834888244971902,2.348092132505176,3.1820394370122633,1.9159875583902264,1.4346568675889326,2.2202850241545895,2.342421804890404,3.1593848484848484,3.2423988591800357,2.068684908087082,3.638762379227053,2.107187058256586,3.097366818181819,3.2477113059042404,3.6919683870089535,4.751375512370077,4.918164564442378,4.802024047619048,4.317217237941875,6.094497282608696,7.127883057629434,8.154393613632745,11.360608585681819,18.27666258861911,20.948638833992096,21.717751393534,19.071314838280813,16.22207666142857,12.734910714285714,14.765200138026225,14.856224505024375,13.607313092885374,13.524029392389366,14.812444401200935,13.403298076923077,13.25050724637681,13.358892483972237,12.716929073342117,13.200107703657475,13.264146604383757,14.925262318800002,16.09342446286667,26.752409420289855,26.376733591637194,1.7730834744965178,1.0331288749706942,0.1394055821371611,3.5787731729055254,0.5123556052855925,3.40523139865474,-0.9735684357158543,3.9215699155916544,4.79628762541806,4.7733351412127165,4.924522136478658,3.2510135320597278,5.877680652680652,6.023685282109195,7.946093056787932,7.98175164690382,7.9624492137048355,8.73298543847457,8.599483486622074,8.067873340427688,9.921507246376812,10.136571309125657,10.618478260869566,10.681543887147335,10.799718980697241,11.534196781479391,9.963988949275363,11.506419828722002,11.495545705782314,11.577421833064948,13.056508799171842,15.09438244047619,14.930161194912747,25.284777631788504,24.16608138238573,23.884710017125478,20.137596947952275,26.295989571351893
30,3.56532819987983,1.0567617016850426,2.017399068322981,1.698375356829161,1.410806128922071,2.626619906797443,2.4516376627401013,2.7913129947631226,2.13831169149582,3.2367556836279663,3.471905082815735,2.309463405366964,1.4302521035453346,3.011674078605238,2.2543972904851923,3.0084653019082364,1.8641759791591808,1.3494598916121472,2.1101314041031434,2.2996913125947653,3.091383115942029,3.265485065876153,1.8237937234390322,3.5932949068322984,2.126879930112235,3.136331989459815,3.2331172459786592,3.688172566111425,4.739200940565071,4.824480392156863,4.850959927536232,4.2086032861395175,6.419778157349897,6.996452795728158,8.142703311181572,11.430184573227272,18.341709015622058,20.92711709486166,21.764341403162053,19.14108477723967,16.426071663571427,12.889697188163804,14.830284679089026,15.084159137963486,13.555102546090902,13.771536359976576,15.096781587819867,12.861835090030743,13.111186868686868,13.156609118118807,12.453945981554678,13.252476815608816,13.263128773557884,14.9808469044,16.144166666666667,26.687871376811593,26.347288661067193,1.749231295878035,0.5956165619706381,0.12450036983103345,3.564800298380222,0.49500958110516935,3.3554375494071143,-0.9784134963768117,3.952295711534842,4.841867335562988,4.686252470355732,4.871654171110693,3.348292016272566,5.90812928014015,6.00033680564287,7.933185202478681,7.9596198945981556,7.957109417980085,8.735226005878179,8.627171594709639,8.086445408456278,9.938262845849803,10.181500836120401,10.644096105532778,10.67269368562472,10.796121846484166,11.513233510795624,10.057754166666665,11.514496527777778,11.55166415261757,11.591983024691357,13.03577251552795,15.108418737060042,14.875998729531338,25.243689047131078,24.13853021978022,23.852603327965646,20.080447225882008,26.367591616649587
31,3.5016153149386846,1.1400918099713362,2.0000335968379446,1.6244025621118012,1.5150274740797243,2.6674387311114365,2.452491129266265,2.652037367071334,2.1919328141665098,3.2261619087434306,3.564594202898551,2.3151686490697796,1.4132667246291257,2.98543345724324,2.402420604914934,2.939507515129798,1.8727364130434785,1.3567857142857143,2.028634192412143,2.243865475833002,3.0003906455862976,3.2018865942028985,1.7923245614035088,3.5777665734989648,2.102703232799185,3.1612788345410627,3.1265346736596737,3.5624601653590497,4.731915733421168,4.557974637681159,4.865277942781856,4.1910365734641095,6.037950310559006,7.059935199376193,8.119577161968467,11.414968219272728,18.314684108162368,21.177291666666665,21.63790112793306,19.242535945466003,16.5133676,12.670019488361879,14.886904761904763,15.18713768115942,13.423207671957671,13.899768160932634,15.181687843190206,12.955869565217393,13.17550505050505,13.152225061170713,12.60521480331263,13.500196831593051,13.585221830784212,14.9969606628,16.117499999333333,26.59509963768116,26.335176129501537,1.7133524463803966,0.588190670289855,0.14011153872824353,3.5437848174843056,0.5645220588235293,3.3289671936758896,-0.9806099788647343,3.9522714604236344,4.936167274754231,4.673428383210991,4.786971892841458,3.4314682147562583,5.905859991457818,5.9694017938583155,7.904673181086224,7.934992996324804,7.948189655172414,8.699977196716327,8.551616101051884,8.098301788790918,9.895463768115942,10.235678651059086,10.664155066735407,10.656389175542099,10.804757722149027,11.485683616331908,10.03467940821256,11.572431310386472,11.647071363871635,11.628538791120311,13.02284255599473,15.099618055555554,14.910797219085262,25.255887010198602,24.173711976429367,23.906468184258042,20.085271068169618,26.42902953232237
32,3.424185672117737,1.2334813293114208,1.9925708168642953,1.5617852319781669,1.4726219231654014,2.594878231848102,2.448348559351277,2.690130539963021,2.0438145930262634,3.2048627667622234,3.53696837944664,2.238254122625404,1.3236504521499581,2.829371715435186,2.295862469210059,2.9503257684344644,1.9535999820337764,1.4478490763894492,1.9771390300520735,2.1367031333917312,3.128930434782609,3.4057973375632757,1.8491441519399523,3.5952152898550724,2.057686622597792,3.1052035961832747,3.1204973624241106,3.5957240293350545,4.747842336407554,4.7002226890756305,4.813435947204969,4.152671121149382,6.191896599777034,6.9070325004351645,8.129778948486042,11.465969514727274,18.37440868310434,21.56744318181818,21.616491296897546,19.284219633548556,16.563827302222222,12.709878535094088,15.035157475374866,15.119559284445863,13.639784875149005,14.446535450946206,15.52484838869385,13.343347753623188,13.367467532467534,13.430079422471467,13.129337238848109,13.501867576550072,13.60978178524374,15.0806581576,16.577277432666666,26.606376811594203,26.343945800199197,1.7065104899930987,1.0971691105650734,0.18672897659167678,3.602809201348524,0.606772775711075,3.3283339574232027,-0.9864807410282954,3.9141625584560367,4.8318472288580985,4.695090025140492,4.767601742058264,3.392557367149758,5.928942951251647,5.983493589743589,7.922549675996881,7.935819856954639,7.95520535186952,8.666700871592177,8.581239507774834,8.095170662670663,9.951343991153774,10.239364548494983,10.727097406875075,10.721551724137932,10.772014747195907,11.472590292155509,10.118625362318841,11.600067934782608,11.707209383944392,11.64334490261483,13.020703345567474,15.096256549383588,14.870127853512946,25.304271083854413,24.19520226150661,23.910170424047237,20.116587589141936,26.497425253222353
33,3.372004817646122,1.2977871432533903,2.0130867744955276,1.7886593077684763,1.55801571616789,2.614269866539794,2.6342591883509003,2.7605630626300384,2.0481542328730256,3.438985089186176,3.5977572787267085,2.193251843376557,1.5864874129493693,2.922047884008676,2.4784761914991122,3.1740541813259204,1.9800912384716733,1.4819422747140139,2.04439007309116,2.434681255592869,3.4435463768115944,3.6368964568040654,1.8512449602266536,3.565415616412573,2.1622342205520617,3.2781287050630525,3.2779609652389388,3.8798182229907776,4.890608199838272,4.856459931798806,4.855416397084196,4.727679573512907,6.381131368631368,7.358260137607964,8.261385172798215,11.598110935636363,18.50226708074534,22.04586956521739,21.800060662691777,19.72938649252449,16.68777436,13.08617847731978,15.225000000000001,15.161137366099558,13.79991883116883,14.497203042328042,15.604528269462106,13.36725137085137,13.703403209109732,13.490223426030491,12.917662337662337,13.563234073325606,13.396156455862977,15.060611528639999,16.709267677333333,26.6049365942029,26.316334788098374,1.6684789586245703,0.8898377084268387,0.23536125887842135,3.67435046113307,0.5876871980676328,3.319777620929795,-0.995721176242236,3.87842175940002,4.8128287473396165,4.647867259552043,4.769198890213382,3.4435538812033375,5.891304347826088,5.995842291766205,7.938516984893797,7.922451910408432,7.951705397301349,8.673688431134083,8.535910158102766,8.00007736828389,9.900236742424243,10.239204545454546,10.693245300483442,10.693643291990368,10.728931830381107,11.46362834696168,10.201777777777778,11.631102160973086,11.760756737702577,11.678698201825013,12.99186958874459,15.087670084972395,14.89829898362507,25.272671521983117,24.192968173131213,23.94410225442834,20.081068086150086,26.3426376428188
34,3.326311805006587,1.228191781902308,1.9885571946169773,1.9650693346508563,1.5547476074649986,2.733135513859675,2.6664619626615123,2.681325158701641,1.9917322305491088,3.439318447856491,3.527604852876592,2.1602920084301664,1.4800337954351703,2.9407987365894974,2.4095240897113426,3.146222756410256,2.0831792729668224,1.525510461760462,2.1106290858899555,2.489028726708075,3.524349893211289,3.602795,1.8677104074415287,3.562013405797101,2.1787001677255335,3.339709855072464,3.3009710543080106,3.967448527621991,4.966176817345296,4.951823143115942,4.944037234730849,4.973029292232191,6.373244190020506,7.565096234951307,8.422651859010555,11.694163813772729,18.84371662852784,22.45624482401656,22.077498943764567,20.250018617173627,16.96521251111111,13.124102118119977,15.222095959595961,15.219433771962127,13.809965148378192,14.62471889181672,15.21431232559186,13.36517922705314,13.722077922077924,13.427291831357048,12.89722222222222,13.56592607089807,13.328713925645873,14.77226209332,16.370407176666667,26.61371212121212,26.349018452184893,1.6085620388669302,0.6808952898550725,0.25210697940503435,3.688934525193477,0.6302394639674052,3.356301844532279,-0.999922491608633,3.897844130507174,4.819517457180501,4.6346473927619725,4.662051066217733,3.391575008626639,5.8288372859025035,5.994262621436534,7.9324923667314975,7.907582345191042,7.952635240821148,8.6539505784071,8.51412765168851,7.986454759009106,9.88092757936508,10.277517844474366,10.7835101010101,10.667444849004069,10.744588030059045,11.467014206941744,10.271319444444446,11.625989583333334,11.786990230534084,11.70236970899471,12.987282430213464,15.09213767135642,14.863554018445324,25.267891266007208,24.201123278895015,23.917216279426423,20.074597336372697,26.28922916187409
35,3.275129829590699,1.462744417862839,2.0003639657444006,1.8958878428348753,1.487991375001179,2.640976872764916,2.6570154239231925,2.626435848873349,2.30083103400223,3.3742226170568563,3.453373706004141,2.1034047370664513,1.3940775392262545,2.9088421501505737,2.3078047370942625,3.205392482517482,2.0706099832315243,1.5989155082322783,2.141741671372106,2.349334360687622,3.669426231884058,3.780668876262626,1.8666063379793358,3.6330752239789192,2.178793154761905,3.33282,3.19816932814457,4.148366039498804,5.031125632620198,4.988879076086956,4.970850570926658,5.119023569023569,6.406745337995337,7.711616771580539,8.558687689122472,11.61407254795238,19.02957662808206,22.715833333333332,22.332547802363695,20.42673630717109,16.91831515666667,12.850911057110592,15.130856255545696,15.041288594833018,13.811680883367838,14.726267825311943,14.908507876496534,13.22618207070707,13.639006916996047,13.411690807597505,12.629621212121211,13.488574243579963,13.38828474967062,14.67449275412,17.08397435946154,26.60266304347826,26.32395725273328,1.6659336297760212,1.0269156665740518,0.26894299979197,3.6918165570576056,0.6907006535332623,3.3651666666666666,-1.0075869133885438,3.896906987939597,4.738992981656025,4.57241015971606,4.718690528473137,3.340996925779535,5.787936429512516,5.961530400377654,7.912476995629169,7.924484754376059,7.930562332470128,8.647556338588947,8.460563823857303,8.048655058709407,9.922032828282829,10.283784331610418,10.75492853419872,10.693051769569761,10.783494886755758,11.526583188684638,10.348200060386473,11.64680782004831,11.861361283643891,11.720014944127263,12.944519785561765,15.081284971424774,14.831763598720121,25.24072488166691,24.187363180297965,23.915460767091204,19.981528448738594,26.322843531937732
36,3.2123150944224856,1.2737445820433437,2.0450627717391305,1.992007718599401,1.5703308768526159,2.6540255005774327,2.653351449275362,2.707076581027668,2.272276806526807,3.348820582497213,3.4442092979484284,2.0714566344220238,1.5232130195232962,2.958962593436584,2.229653079710145,3.2257681476132563,2.1145816864295126,1.7267163874772569,2.183369403141142,2.3091451664679927,3.6731163372859026,3.822807577189666,1.8835482976215243,3.7281686297760213,2.156104748964803,3.29514918972332,3.1980812543637676,4.044497938530735,4.772444055944056,5.134248401534528,4.85508023852657,5.261272141706924,6.450262237762238,7.273078280415238,8.790814492753624,11.584233168952382,19.19947601570272,22.25798171936759,22.407748373682477,20.303322040278562,16.718296485357143,12.838159371492704,15.167874396135264,15.005253623188405,13.806293407679277,14.847631713554987,14.625234146760613,12.893190873015874,13.604294217687073,13.444104837191793,12.457942311311877,13.46095236759845,13.34743181818182,14.843164251360001,17.03289026192857,26.56471790890269,26.3248005324989,1.6393610450108898,0.8739123106060607,0.2221525746183641,3.6853554987212274,0.676468408403191,3.3433852813852813,-1.0072718626482213,3.9061243104721366,4.735990549305767,4.544262304724262,4.698547500540254,3.4305740832235396,5.828741538781585,5.9245987707944225,7.903238300883228,7.93273812495666,7.9300111307982375,8.618520421607379,8.471034401287119,8.035619095816465,9.958298611111111,10.277705627705627,10.604982782369147,10.738092317477625,10.750154320987654,11.505092399972263,10.42276708937198,11.683583525472114,11.947542478354977,11.73148428731762,12.900209392057219,15.092939439033188,14.844981060606061,25.196121602498415,24.178365384615383,23.88342360806129,20.01652951358329,26.385850383631713
37,3.190782539018952,0.957330646279731,2.007309782608696,1.8267967195384769,1.4505517127799739,2.50620692431562,2.5332719587176107,2.834918904518329,2.2845260970913146,3.1841035395763653,3.313990507246377,2.063755737499216,1.3833914540663554,2.911874144529874,2.1745398326146845,3.196518489662511,2.1453299297321036,1.7336318150448584,2.192702798663325,2.2357001039895774,3.4818368926103136,3.5458983004385964,1.878750854408749,3.6138549171842653,2.1069264338588565,3.3134775757575756,3.102320884281411,3.9773894927536233,4.782662037037038,5.08899813996745,4.798232930037957,5.02519616454399,6.328805795653622,6.896675054541187,8.785715081066911,11.66183309895238,19.16330486542443,22.07872807017544,22.361353686319717,20.160162419496068,16.830830698148148,12.671287525879917,15.203914141414142,15.110062786929516,13.824324649556791,14.819871434322522,14.871727809761127,13.008670652173913,13.187463768115942,13.518416666666667,12.88062582345191,13.500756291244356,13.36589353227113,14.90409316732,16.273759332466668,26.631017786561266,26.410907290872107,1.6523565389924084,0.8751680656617727,0.18111935718743502,3.6508526699217234,0.6151225151127645,3.3026119894598156,-1.0108424256148443,3.895697943360987,4.726904164675904,4.48284131834552,4.716144362883493,3.380244016249451,5.7690008361204015,5.916158026755853,7.900715102974829,7.906934123847168,7.941291854072963,8.587988801054019,8.472368974322778,8.030038917604134,9.90836608319217,10.309972129319956,10.573375057324782,10.752754466922383,10.750555677548432,11.442907832469373,10.495779166666667,11.70570601851852,12.038695689145223,11.75235004025765,12.947676216055385,15.10741723018432,14.877197749809307,25.163041125541124,24.210390496231454,23.86684399202515,20.025787346711258,26.403334268612046
38,3.169633411669156,0.8639501432544912,1.9110297742285323,1.8347254846602672,1.4529761904761906,2.56098735581189,2.584411093816557,2.894993032329989,2.2904938488142292,3.2480112179487177,3.3807497868712706,2.1076144432773107,1.4685054240884279,3.005626940993789,2.348993353566723,3.2777465623144972,2.240238939740656,1.84584117573248,2.2707371283823146,2.277319976607244,3.7000144927536227,3.674982638888889,2.0310742531385673,3.6927280777338605,2.2886842482208194,3.4922932683982686,3.2039862099895475,4.03255216141929,4.995264104119177,5.20517513368984,4.8584198693064184,5.339625725857609,6.315388777888779,7.215313038410865,8.928375572637082,11.752567805571427,19.140110420979983,22.22481884057971,22.31101665141512,20.262315846209127,16.971101716666666,13.064226308112177,15.304218426501036,15.16485507246377,13.819768806073155,14.85232729468599,14.847310739040418,13.215110814668424,13.303884497145367,13.580437017692452,13.367070707070706,13.504425133689839,13.332086627140976,14.981862319320001,17.397267315714284,26.709544241037378,26.42368462478041,1.6436566440805571,0.9458705791275667,0.19509819013938004,3.5992814364876384,0.5952831571253886,3.2453100884622628,-1.0149442317193675,3.8552844800127413,4.620359531772575,4.519500517598344,4.732378390530564,3.362937801932367,5.743490205446728,5.896382331436679,7.902545991314107,7.852532043547605,7.936305954165774,8.564304536043666,8.440004564755364,8.083978260869564,9.887652173913043,10.327118171683388,10.551866729678638,10.736401356737899,10.79182098765432,11.451528091473744,10.586554990118577,11.744027777777779,12.088174236542443,11.780277643585615,12.965553830227744,15.138897946859904,14.86279761904762,25.19288302277433,24.156793652609785,23.86263009668807,19.93837800015336,26.536686917484015
39,3.1231446979107846,0.7802685406698564,1.8756383712905451,1.9320447957839264,1.4353638484435587,2.5788775232919257,2.628680800536312,2.924630914532852,2.555609649122807,3.300752578037904,3.3696424807076983,2.0578805513114338,1.571468768714816,2.940162994743352,2.6979925285804303,3.433781261787412,2.254254862287471,1.958270202020202,2.397203329882678,2.5061478240630946,3.6907335991700267,3.6990661839669996,2.1263390690164146,3.8247397826086957,2.425233204942056,3.5887009956709957,3.422386931908671,4.170463976490776,5.20008788222647,5.311803921568628,4.941599292615597,5.544033328453618,6.56268414556458,7.667277034559643,8.966068985362464,11.791336494761904,18.967091485507247,22.26998474446987,22.498122260061795,20.544244718144174,16.882024958888888,12.69445295344752,15.288422938345299,15.197201593302726,13.875761198945982,15.00137067099567,14.921024926554228,13.489730555555555,13.384544513457557,13.563123117824205,13.660766045548653,13.479800986050986,13.531212797619048,15.02942028932,17.59326923076923,26.737449874686714,26.390516207298134,1.6155696771022856,0.7591817085326953,0.21174429651203108,3.7892352456792993,0.5196341342486651,3.19917012987013,-1.020572647084196,3.8059292157118247,4.561919095397356,4.478910304240274,4.727998445462213,3.374347120271034,5.672874263417741,5.88139007731399,7.883270515716168,7.888409090909091,7.923510744627685,8.553158888213236,8.339029970331602,8.001847826086957,9.865021739130434,10.317435644066078,10.577772526780088,10.762001714453778,10.818113415033704,11.414412593100481,10.649937387853692,11.784978002070394,12.120420976345084,11.805055603481328,12.980554418407678,15.13982638888889,14.864564360329112,25.21864824487107,24.230921225513615,23.83858500463573,19.957133045430147,26.53868290391841
40,3.0469297722567292,0.743108695652174,1.7811429512516468,1.919395663555262,1.3455527027990797,2.595809300301148,2.543333131697429,2.836606911030799,2.376833889448502,2.9193254897276635,3.1677832674571804,1.9412528185582532,1.3918689748986193,2.916884740878877,2.636269854908796,3.4576842520224877,2.4289758297258297,2.0140924775707383,2.513646260744087,2.5337591058967868,3.632379629629629,3.796914281400966,2.2667105263157894,3.9646312779973645,2.4953824575024517,3.742185727460945,3.3363184380032207,4.18903139907319,5.114856050149529,5.406355392156862,4.988201697155501,5.510940843911858,6.43525641025641,7.298379700010135,9.026553790412486,11.874342116333334,19.096277173913045,22.22328947368421,22.514762988973587,20.500765006430765,16.889006933333334,13.03301897636525,15.506219806763287,15.138883399209487,13.926639633916807,15.079947482067048,15.344243110138294,13.481704093567252,13.444264705882352,13.775941252587991,13.6324154589372,13.548314255189256,13.800276961187967,15.1430787688,16.588210144,26.75614579928081,26.443793609621054,1.6570942609323045,0.9183760822510821,0.1555422932330827,3.8192687165775396,0.5368741490996926,3.1639528514963295,-1.0200217234456366,3.7918383247187597,4.5728121516165,4.369288352692856,4.65843666129898,3.260415294246816,5.637300471267863,5.883268814518814,7.870868960232314,7.901090909090909,7.910367365018789,8.561366803486369,8.412387646773517,7.862662187088274,9.90457142857143,10.314116499442587,10.533721307048339,10.748563786288672,10.80951039030749,11.349642974778844,10.722003197304856,11.801883700419529,12.140845358251996,11.843034174934797,13.050979554865423,15.178224774923144,14.884579098437793,25.197997079266486,24.151592704128937,23.813629776021077,19.871326010275286,26.433037078326933
41,3.022944795783926,0.638607389686337,1.8431818181818183,1.955561677631579,1.4878593339898325,2.658369119881154,2.650353915383127,2.919090579710145,2.530977838618285,3.023708960423634,3.2160551477508,1.8904267621870883,1.4509646781907157,2.927113062423846,2.634312618147448,3.5802562645687646,2.4933023088023085,2.0237229437229436,2.613393806073154,2.5090468460111315,3.7471996276167467,3.800467803030303,2.307060883433881,3.962261699604743,2.5763458850931675,3.89542196969697,3.4117685856146003,4.309683608769594,5.121660244613143,5.405499360613811,4.958559796332894,5.553565503203185,6.359962772734511,7.417241182730313,9.12707527979267,11.901033309857143,19.158036890645583,22.217663476874,22.63035218253968,20.454796173982388,17.141233530714285,13.497002551020406,15.529390959282264,15.249881852551983,14.074452561327561,15.32499074074074,15.899082619815411,13.555823448773449,14.006574675324675,13.946907608695652,13.677601010101009,13.918958333333332,14.092621527777778,15.209830348333334,16.85628744,26.71764492753623,26.413923768939394,1.6660220214568038,1.0015413326276352,0.10996972395102589,3.7949210261179576,0.47514501480805826,3.1595072463768115,-1.0195649223210366,3.7450427290101205,4.57943143812709,4.37701974267968,4.647250280583614,3.2492635006901307,5.630385375494071,5.892131238326891,7.85971740474846,7.89660606060606,7.913153650447504,8.555073097192663,8.330416935419652,7.850036231884058,9.912449275362318,10.268242355470617,10.405184371394201,10.727299195369849,10.77991622574956,11.384892598343685,10.834143314354728,11.837748259916095,12.17973341170324,11.877357223521821,12.99158255693582,15.198883605072465,14.848368640934634,25.14940670289855,24.15014828234031,23.840328874024525,19.934958888400917,26.443536410806942
42,2.9947301148127234,0.640660833159975,1.8907753623188406,2.0796251509661836,1.460531649538133,2.7213163819875774,2.69135685253359,2.9506490877584923,2.5588661735861393,3.1404487876254183,3.3394999999999997,1.9924201127091152,1.3586965401473803,3.0085690640880856,2.736107806071389,3.4894714705584273,2.468487538427756,2.0857700713135494,2.6906787439613526,2.516897633163938,3.7576034226190473,3.8034220602766795,2.2649533913835973,3.958688860342556,2.523785826039902,3.929597098814229,3.4321978722392195,4.344646627376247,5.223535268140341,5.4264662190963335,4.943215453251459,5.557072449826073,6.3885525404547145,7.7507776643646205,9.179953349790306,11.93913917095238,19.16787655279503,22.442878441162193,22.644090020441205,20.65032738095238,17.257977335714283,13.470203308596167,15.52937213752431,15.376961247637052,14.254154737257222,15.538615923730056,15.645449189436901,13.78524791507755,13.731682194616978,13.984986958772167,13.4961286780852,13.784571081709155,14.117579188625385,15.292940166400001,17.054257246142857,26.683185606060608,26.35733355095991,1.6711179653679653,0.9181142850420801,0.06446254841649578,3.606620737425405,0.4011430578160118,3.202917391304348,-1.0198173524844723,3.7281637022397893,4.677726259247998,4.423863636363636,4.667728736641781,3.2265275032938074,5.662728332879935,5.870977663640707,7.852146100535076,7.882022680218332,7.9125525873426925,8.532141228336881,8.328250821340495,7.876357048748353,9.905127611518916,10.250086996336996,10.406749441484791,10.701034608507436,10.792416225749559,11.404068675889329,10.844999801587301,11.888452795258074,12.271695027486258,11.894781285290795,12.97245965085639,15.253596661490683,14.852627152119428,25.12693817052513,24.102203435319375,23.697202581369247,19.884261933718452,26.56771783861156
43,2.9537309523809525,0.45556940199388707,1.8522916666666667,2.104747000901463,1.4320584206453773,2.7957936076604555,2.5791567577953445,2.958929841897233,2.4699891304347825,3.114345724637681,3.344586956521739,1.947544237012987,1.3423717061923583,2.973534596743836,2.779042117775105,3.483391304347826,2.586535039839388,2.1524414172783737,2.7404051342123426,2.4933855763155064,3.708923611111111,3.730345094971453,2.3202518692103427,3.9173324016563145,2.479579034357138,4.0142663457556935,3.4652340921290197,4.266430632579119,5.2837501463914505,5.464175511508951,5.028713363252086,5.551319352949788,6.365970171133214,7.867282500108587,9.263775274115662,11.948489648047618,19.30428718783124,23.015382205513784,22.594688447736885,20.791072656077382,17.398132763214285,13.518256399397703,15.778842775581907,15.465500945179585,14.23729090909091,15.495127818035428,15.603998396058888,13.473500658761528,13.67872968818621,14.137319546395632,13.05465191511387,13.649504310842982,14.210013103626054,15.010786534583334,15.841835748,26.630435599869237,26.364534605566536,1.5930213274044795,0.983225012513847,0.0810203757912568,3.6490045144540026,0.3244708027479766,3.211390865173474,-1.0194253609464208,3.7776440630980272,4.528753583373149,4.3816462457668734,4.6420204460059535,3.2357135066338443,5.6841346153846155,5.886642976588629,7.849914965986394,7.8966943346508565,7.926655665673657,8.525920365866018,8.269679265480896,7.9334051383399204,9.933108695652173,10.24760058781798,10.419993412384716,10.667196028609071,10.795576974019003,11.381236471861472,10.891849560825648,11.9110303442029,12.327641304347825,11.91100562888199,13.01458215697346,15.269101731601731,14.859292654808959,25.12456445275739,24.08799248523886,23.741318533854766,20.040713902308106,26.594880568974773
44,2.844867916352971,0.44563134491366757,1.7609928029182689,2.0342786629885814,1.4345482610040066,2.6913817934782607,2.5275798748353098,2.8610745832617286,2.474241718426501,3.113420309617918,3.2414980764163372,1.8898180641821944,1.3936786969069577,2.851691123188406,2.8998542490118577,3.469344779314888,2.5391010101010103,2.219692028985507,2.7653694621458595,2.5967137647549134,3.721411350500345,3.9250356280193235,2.3509785542451445,3.8626343685300206,2.4361199161482774,4.012606628082063,3.3958885865208326,4.18382279314888,5.268484836285562,5.543332480818414,4.9492906126482215,5.4528247450348895,6.338165095773791,7.938301282051283,9.286328876437572,11.87842440709091,19.348786702428008,22.996405415713195,22.458131894599962,20.732272256728777,17.408518326296296,13.388166912021726,15.881176673567976,15.325393824826715,14.118583237986272,14.94413425925926,15.288962682796095,13.051525900307421,13.425820158102766,14.033292060491494,12.295389492753623,13.594472258820085,14.036565059861372,15.0273766228,15.859057393333332,26.60766304347826,26.355008666831356,1.6254795712224284,1.0705179992286769,0.09878308543096873,3.6728315826330533,0.30863687600644124,3.20514558629776,-1.013396106510237,3.7738788385527515,4.502911219215568,4.480835921325052,4.632412809949042,3.2449519653052263,5.683857537390145,5.926109253065775,7.860900738753999,7.910684415584416,7.930089955022489,8.47988665320187,8.309833433776369,7.916450969320534,9.927621212121212,10.263952442485051,10.448167783697084,10.653795261460179,10.790132606255794,11.352289784490873,10.955295367494823,11.932395078502417,12.40191191904048,11.939282091097308,13.022923136645963,15.292787272756165,14.85256975814041,25.15655173630717,24.115330234714293,23.77041184794808,20.078811057434244,26.439369540818817
45,2.8456753364389233,0.40752440774751986,1.7506595849802369,2.0533145609171424,1.4077675077728198,2.5419213710681903,2.476359976577368,2.825825538670529,2.508899044795784,3.0117047101449277,3.226141212121212,1.8373587662337663,1.2964707198426144,2.815159448018338,2.8157611989459816,3.4452952998088864,2.398427802873455,2.164444993412385,2.7787660455486543,2.606970679012346,3.645722668258674,3.771976147342995,2.390698653198653,3.838670948616601,2.2068550859725162,3.9593818511198946,3.41770274605963,4.083349202428007,5.18068666129898,5.300898921277997,4.9295497101449275,5.248488508271117,6.348136464984291,7.589437645687645,9.173516700690614,11.87216410395238,19.12223649538867,22.564232592350443,22.314877198812663,20.389452267237594,17.26297190153846,13.335793219461697,15.802597985175627,15.259241380862363,14.155901795125166,14.872920875420878,15.662481689702862,13.314207041690194,13.487556935817805,14.234916652345765,13.14924000232504,13.847716049382717,13.881588541666666,15.003986653043478,16.361225415133333,26.627615283267453,26.369205183629777,1.6544298026852373,1.1568129038835562,0.11835401415264117,3.728813223115333,0.2730223765432098,3.174181535855449,-1.016178843951942,3.811748885172798,4.517394724840377,4.461151030986557,4.6682574537647,3.2925857762406676,5.673103526907875,5.88977974923627,7.858450061842919,7.878105928853755,7.911815391005796,8.476122728339547,8.284629389632107,7.981465556182948,9.95826397515528,10.265836580467587,10.44946899777268,10.678333735230286,10.766517514324532,11.315886304906817,11.063490734989648,11.959658061594203,12.447364880059968,11.970821299171844,13.110167237809666,15.286223688750864,14.930157777277753,25.157167812777285,24.085848704435662,23.742780644610352,20.009868299976997,26.184680082397474
46,2.7322958483702813,0.6060728761132079,1.7245400804382498,2.0474700332125604,1.4205957732743446,2.5845188186622683,2.564965297039811,2.9593169212557084,2.541675152555301,3.074328530961792,3.3545823451910404,1.881747299077734,1.5760888622247318,2.947784632034632,2.7982231641356354,3.4549232352792134,2.490047619047619,2.1944735603831713,2.8280597613221836,2.543691154673332,3.723586956521739,3.6753944540513834,2.389807398932113,3.955488096179183,2.3906755212954747,4.00855023715415,3.452940913622073,4.080529172913543,5.274368699067974,5.273925889328063,4.9164037539996235,5.511107778091474,6.406774566013697,7.533130456500022,9.107382774230599,11.872935921142858,19.070253623188403,22.636721014492753,22.35843697355382,20.310305363416777,17.56294041111111,13.625017006802722,15.99745514147688,15.34560317596707,14.478744318181816,15.411342995169084,16.04160004192119,13.555447988286225,13.69998309178744,14.465290285722467,14.568914141414142,13.95172729276896,14.17231884057971,15.70782397,17.16192797433333,26.628795721187025,26.427873404071775,1.6528228984610973,1.2264630746237888,0.1850865127636023,3.8121565430520037,0.33851505602240894,3.1731166007905136,-1.0158124588274045,3.8714642241816155,4.562718531468532,4.393478260869565,4.67444651832333,3.3220335144927535,5.68620337995338,5.87829444106618,7.860249875641956,7.856360530773574,7.90886155948,8.47065470761123,8.287844361254688,8.032792490118577,9.941363636363636,10.240881853653594,10.406052524979746,10.681321839080459,10.68091813580944,11.267925287704015,11.142035962889768,11.998869263285023,12.466043376039254,11.95813446381517,13.134976602607788,15.307305116381203,14.933190993788818,25.145422061696426,24.05227394720148,23.710635460889083,19.952100717318107,26.0049348136114
47,2.7847212193754314,0.8057007789121634,1.7823708133971294,2.2544806831906015,1.3995782532014416,2.5586385104931297,2.618751503694793,3.0645905725496934,2.625409005468216,3.092391666666667,3.257328606248824,1.8940837050630528,1.5286971418732782,2.989125447016751,2.945909886912604,3.380973569908353,2.669909420289855,2.2555500751025046,3.00759786571171,2.6793910896400375,3.8121072203008346,3.808743529040404,2.6101815877172587,4.023884499341238,2.6059991412572936,4.107823260869565,3.5008825452593566,4.321141886645963,5.446030528717123,5.319840662055336,5.035891212121212,5.886776454653008,6.37414795349578,7.988035153252545,9.245698685372599,11.974354398333334,19.234248665141113,23.022825757575756,22.492238651782525,20.627303743961352,17.78081397357143,13.816518053202836,16.171655328798188,15.55108695652174,14.789340340909092,15.609187499999999,16.314491577263315,14.339818259121829,13.785240563530037,14.729997780260067,14.546233799844048,13.968024953688568,14.037143719806764,15.797437692916667,18.571765009285713,26.643447675512892,26.40892886453824,1.6273867759224903,1.249994090545864,0.24260442462946075,3.7955281177688467,0.37029032455619143,3.1981418533157666,-1.0231597565327186,3.89302038541169,4.509196057565623,4.350547595520422,4.661156370467965,3.344774413388544,5.664611204013378,5.888774540676715,7.856973965475518,7.86658352402746,7.924997452572415,8.481401135096787,8.309295321621551,8.086420289855074,9.970492753623189,10.246193751900275,10.462577639751554,10.680156701952054,10.658628556092324,11.271344646554272,11.20561922447867,12.006415307971016,12.504516991504246,11.969306418219462,13.101244507616322,15.322731860530773,14.95480072463768,25.091348643859888,24.08027296777297,23.688982465679643,19.955116413306726,26.091319718928414
48,2.8175445458074537,0.856311079081102,1.891639492753623,2.488576130089717,1.5314052038308332,2.6025144162902314,2.7564766784098067,3.144048418972332,2.7492606516290725,3.2786902380952383,3.3150506211180124,1.9945930030114813,1.606554185274541,3.0222949755989355,3.165198393784391,3.4550524765089983,2.923642425810904,2.393941283584141,3.166973484848485,2.7838213854711844,3.7589972871834285,3.888109283625731,2.7076474536142725,4.012377872200264,2.7424114100185526,4.171809848484848,3.6155890731292515,4.396392053503324,5.496914001122334,5.673372549019608,5.0564813561076605,6.043263575192923,6.392788461538462,8.172009095976488,9.446913685729475,12.0397455235,19.26546195652174,23.313862812911726,22.451807610370427,20.82705808080808,17.759862082142856,13.90967425754887,16.412499999999998,15.721338554325321,15.008201585144928,16.090505434782607,16.504995477876594,14.109359378683864,13.954347826086956,14.827762206523786,14.528459595959596,14.12918374912654,14.165032663592447,15.9101449272,18.911814182857142,26.62876984126984,26.414282304802686,1.6169960731987127,1.1822910997732425,0.2878713801353811,3.8790711393252955,0.41669721673254284,3.19617325428195,-1.03584696832455,3.9487109810479377,4.437257398398703,4.3051301673155224,4.674384633080286,3.3807562229437225,5.661573299888517,5.895870795870796,7.8670396567718,7.84408281573499,7.9425788020207255,8.475072843822844,8.273523774756898,8.074107754564276,9.93539393939394,10.262572843822843,10.37533879164314,10.711367936161789,10.67171002642017,11.313435794278186,11.28519359070465,12.04437251984127,12.586216749579757,11.973710339026914,13.063984079388877,15.348651117149759,14.982140504423112,25.06348501885421,24.100645619908043,23.74390131473465,19.977616747181965,26.228501104159
49,2.841769433791852,0.7974746998805923,1.9408522727272728,2.518414384683299,1.6110255841467023,2.674597716013283,2.707601037549407,3.147128103113515,2.599300057208238,3.237442380952381,3.2893188405797105,2.0356294927536234,1.6243968706688567,3.0335657018835205,3.3566487079290934,3.5143815097945534,3.08969679881522,2.7338784075224294,3.2015267927724453,2.874366491557097,3.8975027497412014,4.000141336697722,2.7374909193273034,3.9298475512892903,2.748287249435347,4.267343706004141,3.723879787784679,4.579785353815439,5.552164481251437,5.832480392156863,5.088998609072087,6.172810120913569,6.512606143856145,7.7506411480676185,9.602294907777644,12.169552854571428,19.42589179841897,23.436348653253688,22.536964206949325,21.05780786099865,17.85226910740741,13.965050796339616,16.395353692201518,15.712638026224983,15.036864212779975,16.12537149093914,16.373269901909353,14.769498801793445,14.187512077294686,14.968718296589987,14.746103425559946,13.992838087782385,14.216451216356107,16.226733242,19.110475485,26.635524499654935,26.44585745067131,1.5952529424022575,1.1812254362219197,0.24525310267647732,3.7015731419049835,0.42218690267059833,3.1824194428759647,-1.034461645766673,3.979842530657748,4.449356440660789,4.263510241052943,4.705742988895163,3.3568048187827935,5.670241081382386,5.879590952525735,7.876041953342601,7.8809146245059285,7.970903238856762,8.475343759501369,8.254272074157726,8.132340191511387,9.955756916996048,10.271507387539996,10.344809729757744,10.706221605106538,10.687622922345145,11.301797561910139,11.331777557649746,12.098989281400966,12.648536936419008,11.950925813704929,13.00554698527929,15.31973299571805,15.002754950794548,25.035607358658332,24.068773577612863,23.77879389129389,20.110593599905194,26.26742964496588
50,2.801660027905302,0.6993010366826157,1.9450946969696967,2.3970931598594643,1.6380314625850338,2.6670463370954445,2.737484305044274,3.1707186873639963,2.4081425877564464,3.0854080952380953,3.309133550724638,2.017974879227053,1.5599717438358744,3.1200094470100295,3.403331439393939,3.6251122491638794,3.1007071020766674,2.878297101449275,3.303692514822134,2.932540954968944,4.092571645021645,4.039611805555555,2.8228413424866514,4.037485316205534,2.742228816526611,4.429207345191041,3.7804527044513456,4.6976520465416645,5.546110440150295,5.876281862745097,5.1590647101449285,6.3345452273863065,6.453023968784838,7.9658723522853965,9.676534878165313,12.25096271647619,19.73858494921514,23.431468253968255,22.570248282514587,21.186979166666667,17.86321673892857,14.3963580985754,16.501190476190477,15.747481157783614,15.234144870025304,16.276028619528617,16.532994541690194,15.028746939783819,14.48679292929293,15.166103032758041,15.45469806763285,14.053660003589536,14.286456010022585,16.5673674948,19.513823856923075,26.632018633540373,26.427611865942026,1.5457134576630733,1.1456360786958613,0.25820684823058965,3.7395657502131288,0.37937887410173027,3.121595521659881,-1.0354815340909092,4.003379319955407,4.313420289855072,4.38456371862169,4.671666196122717,3.3915929140173,5.677863712374582,5.922934123847167,7.866084368530021,7.886363636363637,7.963289246984899,8.451695652173914,8.198069746376811,8.03903678929766,9.928927536231885,10.213833287231456,10.325802277432713,10.657880434782609,10.648392569588223,11.257943370035761,11.331883933033485,12.093659381077858,12.64062204035542,11.917686952992659,12.98415854978355,15.326864648033128,15.012390010351966,25.06508620689655,24.113352743271218,23.833901451473913,20.22087542087542,26.415099973161567
51,2.7514670350067045,0.66518515037594,1.9746739130434783,2.352479556826024,1.608311200340186,2.826092837480842,2.739995554485387,3.2197883227358655,2.654241552615776,3.1778295906991563,3.3054554865424435,2.0962176406926405,1.4814428977094491,3.2674283546422522,3.321511750528055,3.6280547912232697,3.010536835748792,2.7071320122251796,3.445107007575758,3.0943214773063374,4.041437121212121,4.038719250933245,2.8501086956521737,4.077012662337662,2.8921583674477698,4.53324117259552,3.9039900950498776,4.833520867556652,5.654158663934027,5.8416887254901955,5.264506831357048,6.481813882020029,6.530149108138239,8.139529582736104,9.76123188405797,12.30751588795238,19.56462170619236,23.616530993161426,22.608304070614327,21.248440715383648,18.017834055357145,14.671212877443468,16.628260869565217,15.991521514087676,15.188477440218511,16.51712156346069,16.64474924099215,15.298705527210885,14.726309523809524,15.435856876897521,15.419756854256853,14.521651844532279,14.59378630050505,16.5902206284,18.410250001333335,26.566625886191105,26.35996910430102,1.467807740447958,1.1166040249433107,0.27388150341268186,3.714238709785974,0.4067482142857143,3.168484508991517,-1.0364860356280194,3.9578734671125977,4.364486166007905,4.494384057971015,4.678745529832486,3.3868877814057394,5.714354395604395,5.987191040843215,7.867443696586186,7.901957839262187,7.9751504929353505,8.437587379249278,8.228438415750917,8.093367965367966,9.92315734989648,10.199355807236241,10.28365626969124,10.640974378881989,10.624288781535157,11.255101669334262,11.333133086865658,12.044461187966624,12.51989367816092,11.89498098666344,12.976142968056788,15.287000988142294,15.002632575757575,25.13983008495752,24.132600066212255,23.952911447114346,20.28515834675255,26.47797418630752
52,2.8073980309874575,0.7595835527684408,1.9370217705000314,2.5066750945179583,1.6968509572374306,3.0195538414311707,3.152713944569923,3.3695279329208914,2.811174549062049,3.290597288580984,3.440611048371918,2.194056349298613,1.7625865597676371,3.4456153198653197,3.4666965130554557,3.7176477842809366,3.003398464458247,2.6681188252639663,3.5131786796536795,3.2166744508079907,4.153428260869565,4.093540404040404,2.9179106858054227,4.252476343873518,3.0596014400325346,4.750293754940711,4.082997312017692,5.143522825582802,5.847747627238569,5.862237299465241,5.436665691699605,6.73144223342874,6.618940052700922,8.536592936049457,9.966523331740724,12.462480829190476,19.77856884057971,23.77323232323232,22.801116325051762,21.329601347117794,18.190046482142858,15.00370427321126,16.913888888888888,16.16499590831349,15.889123278985505,16.980806844323148,17.178471499895984,14.956332621870882,14.95675387414518,15.760745761012775,15.45515625,14.855508234519103,14.940334595959596,16.6633790696,18.99585921357143,26.52042317585796,26.34990330615942,1.4951216691370224,1.1263455204216075,0.3937509269455102,3.7206681585677748,0.494652656455863,3.1740644998117826,-1.0400520833333333,3.9120435542718153,4.402565217391304,4.544885884378638,4.666576086956522,3.4036468178954,5.698482314786663,5.981767061923583,7.861586321287407,7.9069757011104835,7.940156528024437,8.427980533958795,8.285807949297078,8.128181818181819,9.949111456176674,10.175499681477941,10.250744141386862,10.635529556650246,10.583473824312334,11.211217506326202,11.385133438151055,12.039590773809524,12.574141777325623,11.916891350561965,12.944466490299824,15.237780983358428,15.01328933747412,25.196028122302483,24.125538184641446,23.98430958132045,20.281723027375204,26.511419753086418
53,2.8348230143727307,0.9852896150378988,1.9966991341991343,2.7057069837587324,1.8102552019197373,3.087461733322932,3.1017616527732375,3.504737206319201,2.636709235209235,3.37865614548495,3.508233879164314,2.305481292849728,1.9133015382396883,3.5169545081736673,3.525803419091935,3.865978824617412,3.2985554332854234,2.768567115251898,3.5827309782608694,3.3496227723164016,4.496855006587616,4.3259807449494945,3.151002630093019,4.408512648221344,3.2627336315715176,5.028375151515152,4.167342628536923,5.4531066429041966,6.091427902210511,6.157682651321398,5.607141173635671,7.30538651128981,6.812523439032364,9.109695105619018,10.256674065827383,12.72065232842857,20.136973226049314,23.80561515778907,22.957911585703528,21.573025793650796,18.443586053928573,15.217590387777745,17.208060913152444,16.281010806826025,15.918011551853944,17.96766686795491,17.550906835366902,15.393940372670807,15.309444444444443,16.121052031931523,16.17031661725955,15.300555636868854,15.263104619565217,16.9235579716,19.199214976,26.49621002794017,26.337511915390422,1.472235608413326,1.124273887693796,0.47445053220997163,3.6677076939471442,0.4152302225150051,3.127624458874459,-1.0457926548089593,3.8364203912029997,4.399561036789297,4.441584077489875,4.6791537267080745,3.3955118290657045,5.692614269788184,5.952046594709638,7.8582561888911995,7.925717391304349,7.939543296533551,8.41660531497488,8.267053850230623,8.158363768115942,9.960817413263065,10.150160467551773,10.084626710055772,10.658368293923214,10.4985722352182,11.177940434945265,11.442841461161649,12.0928078064273,12.586847773481681,11.886929907422541,12.887001811594203,15.264005238791425,15.010973084886128,25.235368009775016,24.10615461401952,24.01487760629065,20.36135656077685,26.562967755540217
54,2.804182543433252,1.102271966087781,2.015687487116059,2.9813875164690384,1.906643100639414,3.1855833980331263,3.2745551477508,3.554663158045483,2.795063492063492,3.5352915209790208,3.6259272463768117,2.5094692028985506,1.9460995564053862,3.6083442421105465,3.731087207137538,3.835850138339921,3.557127612588334,2.926778499278499,3.581832065217392,3.484923660126106,4.581955072463768,4.306746939503733,3.247472002635046,4.483145289855073,3.3459032289663315,5.176385151515151,4.286680686915742,5.460420372085609,6.170447732152443,6.340789215686275,5.6477200900307425,7.348763686338649,6.831134030728996,9.140803770981117,10.51973334160119,12.953992933333334,20.30757699275362,23.92031982129236,23.317367735631798,22.096693751199425,18.90282282814815,15.624861530060329,17.54424603174603,16.59136434217956,16.277955400276053,18.668300505050507,17.872703908259613,15.936890269151139,15.681595928226363,16.51884615770178,16.254166666666666,15.572557229907773,15.553690025252523,17.048932876,19.479823232,26.531374302026475,26.372280313121625,1.44779191017316,1.2967930973443396,0.5171315720130365,3.6481534042470742,0.5428489505301461,3.124002250768555,-1.038542455808081,3.8124723283962414,4.370596432552954,4.458574635241302,4.644021150950499,3.370165263218193,5.627048061587535,5.906098611533395,7.855149011185502,7.904166666666666,7.891246118012423,8.40241108529152,8.229465563422085,8.111079710144928,9.815556935817806,10.113893534002228,10.083580368906455,10.659372586434056,10.469268077601411,11.104197513436644,11.424412113748321,12.081270517676769,12.65048571736859,11.891894209956709,12.866663634092045,15.19239226504172,14.968325922266141,25.277930920903184,24.12904761904762,24.04599578717936,20.469800907626993,26.483360781730344
55,2.7890038819875778,1.0961398449331885,2.0329506242549717,3.1887039337474117,1.977680600821333,3.188055771221532,3.4162507661682993,3.6932064512652145,2.8665323140455126,3.508427123015518,3.639510889328063,2.598034199134199,2.089604895498326,3.6440721999274013,3.825083447900556,3.9486664492753625,3.8335508069828723,3.148816189848798,3.7058955615942026,3.6391913878693773,4.626471607378129,4.437606479194115,3.4438683170376536,4.66314058629776,3.615378221545535,5.350319275362319,4.390965252009894,5.632190545931811,6.300908975015859,6.465004901960784,5.690135606060607,7.624929819779105,6.837391304347826,9.250731152905065,10.740572651985694,13.19103896095238,20.416139079583015,24.01016139657444,23.54993555018351,22.49809133053462,19.243556825714286,15.886573028420855,17.740416924345496,16.67194717654249,16.489698634526274,18.515971362172447,17.784564090252804,15.952839898989899,15.822289562289562,16.623948060131426,15.917538496376812,15.629793607660455,15.787038259144238,17.2665579708,19.453722222,26.529241953698477,26.416935839371977,1.4691167654808959,1.2433581309994353,0.65238341307815,3.7601311167945437,0.5756915019762846,3.159625172532781,-1.041388888888889,3.852696488294314,4.319486523706472,4.425798443370907,4.620223978919631,3.392643352236925,5.62778235303979,5.8397764373307846,7.833983440214031,7.8452212497647285,7.867763975155279,8.36180088027914,8.179674787169352,8.009870882740449,9.804130434782609,10.06098104793757,10.082224500645554,10.564343420395065,10.35141692546584,11.073338352468786,11.430166125541124,12.060397746878726,12.602481937602628,11.889924301242235,12.821493921870234,15.13443287037037,14.992743271221531,25.280705707040536,24.196098602484472,24.05507282974674,20.369387351778656,26.396621041331187
56,2.7672686689549963,1.0778097656421757,2.0320801179496835,3.234266153978347,2.0370015945186446,3.2728290816326533,3.477626811594203,3.8169190666814927,3.040196561892214,3.5052634095976485,3.6745289547650417,2.8211030573593074,2.219980725087767,3.6978638581914978,3.943290148650971,3.993903188405797,4.1609203722002635,3.350569358178054,3.839172619047619,3.8318224351993764,4.764948002070393,4.50654402036671,3.695153682130227,4.797875550239235,3.865475314088086,5.504564848484848,4.530910778985507,5.840697457606231,6.466406333870101,6.570684947299078,5.749311666666666,7.614955022488755,6.863798418972332,9.321568286785679,10.962566515927499,13.399713905857144,20.312949840015058,24.206503701612398,23.693834699276056,22.67543002488655,19.426724569285714,16.063708121588554,17.873962450592884,16.74997613182868,16.492191970167514,18.337415404040403,17.84393986971161,15.923695250741106,15.831908055712404,16.665805641821947,15.538355654761904,15.565843050065876,15.85418187111801,17.321562206,19.267795576,26.533859558316077,26.42791717391304,1.4474036149538867,1.4798972671853106,0.7170682476943346,3.701320652173913,0.5748572546113306,3.162286588713219,-1.0399442728919632,3.854186302827607,4.247325410097149,4.38561134115482,4.627945269016698,3.3444234404536863,5.580313346074216,5.825976107226107,7.821023315452663,7.829958498023715,7.8720730485870245,8.381899441138572,8.09923530817009,7.999359966120836,9.843984848484848,10.045905543731632,10.06935941043084,10.510104769044048,10.302141323518136,11.08684050651442,11.477713308118668,12.075130693581782,12.630837268865568,11.878427865568424,12.792045300878973,15.082881944444445,15.004161793175768,25.286015401390213,24.146532091097306,23.97425645342312,20.397778448738592,26.48965585259445
57,2.7157939958592134,0.8593531345198012,1.9646541950113379,3.355002317428948,2.061705007284717,3.2838851234169555,3.5207086391869,3.9700193897012075,2.9820697659828093,3.3971913774821667,3.584399604798441,2.8479437499999998,2.1441033283823927,3.733799808757495,3.815065495954293,4.0359432900432894,4.234850555241859,3.558515355417529,3.9343336050724638,4.003208782030598,4.815477971014492,4.569811367753624,3.9054070452811867,4.776240566534915,4.072744676903972,5.60864152173913,4.6107203027950305,5.877210633116883,6.483463365539453,6.613602941176471,5.762018861283643,7.30033960292581,6.743485507246377,9.198446209587514,11.112836831043353,13.471393030142858,20.412237922705312,24.37279942279942,23.727037780587402,22.65561829474873,19.738850635185187,16.114494686214407,17.84484126984127,16.861154244306416,16.381857660455484,17.97820611916264,17.94338924571805,15.543727180088933,15.815858585858587,16.57823870694523,15.32701231060606,15.261733613306982,15.727324652777776,17.081891304,19.321036843571427,26.58344861660079,26.469202924901182,1.4611649621212122,1.1694153491436101,0.6479293403964457,3.779307393906179,0.6207651471811941,3.169088301493193,-1.0411799771786185,3.822979375696767,4.198404403567447,4.273853889381839,4.632415352504638,3.3234770060857017,5.6399536152253535,5.850368381618382,7.808202639751552,7.822536363636363,7.854675442311311,8.375570154483198,8.054461823502585,7.953636363636364,9.858650103519668,10.078181058072362,10.119980607510511,10.541488914633591,10.29540104286481,11.075553706400388,11.567900870993075,12.118592240338165,12.743358383308346,11.903875605825334,12.82414971010998,15.059765247584542,15.013722826086957,25.27468140929535,24.087087097684922,23.90427356728081,20.50536495844467,26.465517087135442
58,2.6751205605201354,0.7781412707997853,1.947256728778468,3.3883823287220025,2.1337664814209436,3.2815992671277994,3.3690798615373283,3.8594630680765176,2.9962819185645273,3.4264878762541806,3.6420364492753623,2.8581156573498965,2.2437385981745623,3.852070523210016,3.8118126811594206,4.167583346508564,4.072795420324076,3.5907515371102328,3.976632052277433,4.129264410408433,4.925460856389987,4.620895332400088,3.9552628854745557,4.808993975155279,4.126378313235726,5.80183289196311,4.626717944193488,5.923066992854453,6.528775069535938,6.580136557389755,5.815016928289102,7.1778514152014905,6.886554865424431,8.980554018445323,11.176135730211817,13.466992950619048,20.502870882740446,24.527380952380955,23.803535778985506,22.548433382740445,19.791833257307694,15.962563731026007,17.455394002133133,16.887081420469887,16.587630003450656,17.53538405797101,17.63104071283487,15.459059154726614,15.822893061045233,16.576004647132955,14.899026268115941,15.082354331357049,15.448446077624068,16.819528984399998,18.79261345533333,26.581077075098815,26.45846804347826,1.469436606771375,1.187574541728718,0.6149533752860412,3.9172989140632333,0.49825221898620076,3.1521183300395257,-1.034032004830918,3.8692317646121994,4.215602513428601,4.312994071146245,4.565406197063806,3.4128355182939303,5.646416898319073,5.893826010945576,7.8096417816138315,7.8379740259740265,7.862281527270086,8.335423634336678,8.087064819238732,7.938457556935817,9.878285996612084,10.098589544513457,10.077540723439933,10.483535910616121,10.243217928073,11.067981749865808,11.605103800372541,12.134757767896355,12.72126280609695,11.922641045548655,12.791946431005275,15.06217343269653,14.982246376811593,25.25691618476476,24.09569099378882,23.975316362381577,20.375032938076416,26.40531827941248
59,2.6794812089296967,0.972336003051106,1.9876552795031055,3.2862518939393937,2.106930931387453,3.3535634911921144,3.334719490515725,4.026623338775276,3.0115172876353,3.5373965997770345,3.7087610474308303,2.81266835016835,2.264582156973461,3.7547887510369398,3.9233623764822134,4.319826654432524,3.8813285920428777,3.6163129744651483,4.0101301487414185,4.193774661822907,4.948647342995169,4.5286078077562015,4.083233478954303,4.91779797979798,4.267329366479793,5.898391471861472,4.7496636174256945,6.107139090177133,6.662747828077719,6.6164899732620315,5.884513964371981,7.4593015992003995,6.893774801587302,9.475391969141969,11.328267837235227,13.4231412064,20.561875,24.393677412994187,23.756765323691457,22.228629658385092,20.0257726725,16.186874699374698,17.45844696969697,16.981447031754215,16.872892226036104,17.761613425925926,17.857635239445493,15.833109375,15.957657004830917,16.738746818875253,15.902485795454545,15.48268585935634,15.80658793750358,17.1100750984,19.43674603266667,26.61481554677207,26.545188707729466,1.4663167137210615,1.5411387435981259,0.6735182979682407,3.900869626111314,0.4320863202967894,3.0507292058786626,-1.0298653763533252,3.9003939393939397,4.399286561264822,4.323138998682476,4.590343915343915,3.4290955503653135,5.633195582830594,5.9232826086956525,7.829901288501594,7.875855072463768,7.870703614242261,8.322735177865612,8.116169824016563,8.02635817805383,9.942161396574441,10.177486542443065,10.07131403675376,10.405712683624174,10.286428134494903,11.102148555952905,11.680097796677959,12.1182163353262,12.737295275570702,11.915201806714489,12.72367765386787,15.031959743942258,14.944127905608884,25.191810344827587,24.08909632034632,24.034278764713545,20.336252714676625,26.367581613233785
60,2.6432785374675736,1.0493829319993508,2.062390542514766,3.324974614153962,2.150411725955204,3.4667442240730284,3.5674164140588625,4.097067358366271,2.948320346320346,3.534393955681999,3.7220536273056655,2.8334852610775956,2.3115526771797166,3.9517226782017154,4.012317703431834,4.272297163561077,4.215804725330664,3.6323544450718366,4.278153183229813,4.398166889370165,5.09855615942029,4.696224184782609,4.196547237076649,5.0803320355731225,4.389574041926405,6.023451763815895,4.779350878740824,6.280063408878044,6.766302603327966,6.731060509183911,6.002058886693018,7.509454607112028,6.884166666666666,9.586665324745034,11.580533868305606,13.52325036890476,20.693438146997927,24.45141476880607,23.690135411978275,22.29837674032468,19.94164875,16.24957998911027,17.890283528870484,16.957747933884296,16.67077128248892,18.130915129556435,17.93016551383399,15.700781409182493,16.037958937198066,16.653487037537133,15.845327733860344,15.70732142857143,15.838827541721564,17.095330228,19.44356970333333,26.6417701863354,26.600473985507247,1.4661160255505366,1.5079349088627039,0.8348853792088918,3.9411241931555225,0.5634229386253844,3.0140670289855076,-1.0280648605621432,3.8147102897102894,4.411319749091488,4.4440985554300765,4.521097818244558,3.3915513833992095,5.594298117976607,5.921528666794686,7.820522447069112,7.898109909160253,7.85780070411772,8.275364651954325,8.161779040515167,8.047135046113306,9.970539393939394,10.135129471977297,10.102183495029344,10.314794875289628,10.27575110577828,11.091348352399077,11.82055837422198,12.196131413121902,12.880500303419717,11.95372509057971,12.858114591100172,15.033842912823891,14.924117381544919,25.14787776566262,24.014434523809523,23.894856759373347,20.21660194944615,26.416519421265797
61,2.6375034677043185,1.0884059944684943,2.1385183286499077,3.5076196475625823,2.2445653840819744,3.4914228047444276,3.509803762714916,4.093840361774,3.087369642440633,3.605598058167995,3.795693895476504,2.9355360714285714,2.635204395085066,3.9232173504413206,4.158260540184453,4.376592903256165,4.36570322793149,3.7470238095238093,4.408252807971015,4.494364204377403,5.23458188405797,4.908520387296882,4.466157407407407,5.184592977255392,4.5610791195311435,6.160840066636262,4.875073387210615,6.395986613953362,6.918321286536866,6.842039002557545,6.1515592292985435,7.612309429700734,6.945652644456992,9.85706948714195,11.809068286785678,13.668178921,20.78963768115942,24.590924775707382,23.72206767728176,22.35269092320723,20.04841871851852,16.32815180419994,17.98767253278123,17.04830892921308,17.042179662235,18.35123938661982,18.136839673913045,16.254317862730566,16.216144049187527,16.688692141506884,16.05241477272727,16.08643521025011,16.030456662902314,17.2585421256,19.451009662,26.621014492753623,26.596685217391304,1.4286087697628458,1.3119712051868804,0.8505111816101518,3.9304190340909093,0.589454672439498,3.03496742790221,-1.0273869263285025,3.739033900881727,4.445346989966556,4.491118482966309,4.51850153598989,3.386912229232645,5.574329836829837,5.9210835360291885,7.84269074984893,7.903849802371541,7.893864106907585,8.336217188608494,8.182682047421178,8.156136363636364,9.957998632946001,10.128447096381878,10.146294372042744,10.35753600472491,10.326656314699793,11.062238673832878,11.904420264164456,12.292270531400966,12.9223894189269,11.993517404244306,12.778176759834368,15.078709993961352,15.029204898362508,25.08861997572642,24.01116424336533,23.817030976270107,20.20696196005311,26.476073537305417
62,2.5976834661085606,0.9743701924150842,2.1236309523809522,3.534988292011019,2.254431832787096,3.561256648113791,3.5529779215743296,4.1619822200428604,3.103713768115942,3.5263883082497216,3.8324084517535604,2.938503557312253,2.5970837496624357,3.9518052967563837,4.163501732829237,4.4524839544513455,4.377197875494071,3.847312566660393,4.467574591803125,4.656357811203826,5.204619565217391,4.887701917270531,4.4707456140350885,5.2391403227931495,4.544886291816498,6.19866081110918,4.968563397394531,6.334570467317362,6.940667126754083,6.88326225490196,6.203481572557877,7.5619644723093,7.055871962514983,10.171549736495388,11.981175346392737,13.777719362714286,20.802224025974024,24.682677708764665,23.780148777753062,22.466132011104836,20.02457205678571,16.473551648920438,18.04641680782985,17.196916327379714,17.03256588740497,18.507819590835894,18.178018058104335,16.291225850802277,16.254444444444445,16.706696325256342,15.92992527173913,15.895936996779389,15.980045143790386,17.2156599844,19.54942242,26.603373015873018,26.608377955016,1.436507765151515,1.4562567953785346,0.7949088841174081,3.9851118350625825,0.6058614624505928,3.0233819964519335,-1.0245104892088588,3.7521211578276796,4.494098383500558,4.414570393374741,4.543410200048399,3.3603013322531283,5.574429646440516,5.911405642412507,7.847918263155065,7.917890739695087,7.8904723252937545,8.337276582113539,8.212738579355428,8.160239444130747,9.952928571428572,10.152498407389713,10.146527599541434,10.416972763618192,10.334732193272567,11.072740587378268,11.991301273876049,12.34635524499655,13.044349700149926,12.04245900974026,12.805947856831521,15.101296436805947,15.089486283643893,25.1299802209285,24.053569580005917,23.8518315018315,20.295879120879118,26.569558723334467
63,2.5464622357793436,0.9523163280274265,2.139682971014493,3.404198945981555,2.263622287535331,3.467713038772821,3.5211906398579362,4.137286725955204,2.9983036890645582,3.383026755852843,3.7797353562801934,2.92101020256917,2.5205735342555995,3.9798284993345163,4.030269648278628,4.317192898550725,4.269523221343873,3.802252886002886,4.558253598484848,4.609122101113172,5.123934782608695,4.750257335584102,4.423934837092732,5.133745995670996,4.422956795952673,6.15422648094659,4.941328651421043,6.135489453933748,6.918464908749329,6.80782757885763,6.201195828157349,7.309763198757764,7.05322463768116,9.62435026594447,12.035795545034675,13.76894995390476,20.676646080368904,24.404715909090907,23.75855871212121,22.149084595959597,19.81973971962963,16.481361579912303,17.8442977915804,16.9262863365092,16.79452829380764,18.426974134460547,17.781195137516466,16.215450994318182,16.24527777777778,16.76181734404537,16.138735177865613,15.83494694616977,15.870611413043477,17.2209782604,19.429472049333334,26.630747806368927,26.602627660455486,1.4531903309409888,1.1823481901393802,0.7836841736694677,3.9631460083168646,0.6063541666666667,3.056781409039241,-1.024178695926658,3.770619326325848,4.514968455457586,4.394760913258584,4.546667960662526,3.3492753623188407,5.570274888155323,5.889100175187132,7.864678601677825,7.960665010351967,7.930476190476191,8.343009512417408,8.244209510598097,8.269295169082126,9.975638076416338,10.193798724965113,10.086146480331264,10.46153504880213,10.398396621494447,11.053538606678703,12.07217332679814,12.349528008667235,13.079038863008972,12.069276660664267,12.852205086580087,15.139121798340549,15.09834780255976,25.224424877658574,24.09537820810142,23.859950129998204,20.27274050895428,26.607414726979943
64,2.5268646337122234,0.9769110211590357,2.1652807971014494,3.2445438001557076,2.322536231884058,3.3955481362999747,3.4647088969631503,4.092031746031746,3.0262998776585732,3.407267013783318,3.74314907910628,2.9140330952380955,2.5400948092585938,3.9468870655310875,3.9676179027113236,4.32798966403162,4.21074145962733,3.865679241393527,4.5971952898550725,4.585589627698906,5.111308827404479,4.782657965524813,4.54179061784897,5.09782930171278,4.425835019990005,6.226440154048849,5.017541990165632,6.139097502587992,6.977573988679062,6.869315537084399,6.275012668925277,7.312968694224317,7.104171842650103,9.577639315863953,12.072161443628833,13.814030218095237,20.583704710144925,24.163315217391304,23.602788480692013,21.940822864883767,19.59699575846154,16.220249336010205,17.8139641759207,17.002517328292377,16.722748106060607,18.44017995169082,17.902631630577993,16.28523216403162,16.30618686868687,16.733945922225224,15.947064393939392,16.097670446897297,15.892989683323924,17.4297753624,19.034240071533336,26.640027605244995,26.674830080698285,1.4970158855637117,1.5486130681818182,0.8852751594896331,4.008092875082346,0.6554258962623951,3.038203177186553,-1.0245449957651045,3.778617487584879,4.561695699867055,4.368737648221344,4.5910198928056065,3.3890989287964715,5.5850519046171225,5.87174059731268,7.877386820913096,7.985106858054227,7.93847637869377,8.355386008918618,8.182439493477537,8.377066954784347,10.033647186147187,10.22743159014898,10.082033727142424,10.559004142409316,10.445375955566174,11.067050212267603,12.17542972263868,12.374057000517597,13.131874547101448,12.081849567099567,12.812068864106907,15.197850927755818,15.144871154983733,25.242651868059475,24.09244840733256,23.858432794908545,20.291904552774117,26.620170137833178
65,2.5186111920116496,0.9355234587665335,2.179373353096179,3.2734323593073595,2.3869684560780833,3.5247266509864814,3.5090154379332072,4.068448873261127,3.0955720744999398,3.468305506993007,3.823455993357488,2.8410271739130435,2.5786290584415585,3.979316497215811,4.044029644268774,4.493896842105263,4.437762994855386,4.0403916494133885,4.639057699275362,4.673404850131752,5.121797773386034,4.836870352398205,4.655547292143402,5.272751420289856,4.5920079631237005,6.36027758201943,5.148041118421053,6.364356643647873,6.9753274288781535,6.9276470588235295,6.384576992753623,7.585869565217392,6.999891304347826,9.444269994632313,12.135762064022932,13.83545772142857,20.58662443534726,24.063341097308488,23.414143484534787,21.778730124042625,19.50737727518518,16.082764536800784,17.783231046041607,17.093168827077147,16.83367758467023,17.825886867905055,17.367860377846792,16.044045917737154,16.2431746031746,16.63208281573499,15.478465556182947,16.152509941431568,16.11794384057971,17.2791708628,19.011019324000003,26.6214044168392,26.666695425724637,1.4586029538396386,1.361816010257858,0.9294984105781408,3.9568920716112537,0.6832045755693581,3.0784999595497307,-1.040146663647343,3.736907748049052,4.5288135704874835,4.362861394557823,4.588622163292194,3.35090692231524,5.534740802675586,5.8347548285048285,7.880449509219123,7.978456145303971,7.954033569949719,8.356462197223067,8.202894192763758,8.481689958592131,10.0656966873706,10.245740816089283,10.135226595429165,10.57372175113742,10.445895008200909,11.06457185637201,12.275567243164133,12.422002997757074,13.270182004776833,12.096486336580087,12.831691639106236,15.230659614389234,15.075812472551602,25.260398149890904,24.183626288954315,23.961269533923996,20.30973084886128,26.647174112119764
66,2.509285770546404,1.0161597149989599,2.1776968050065877,3.463458063839981,2.4855956414186227,3.5791441452569166,3.593899090827257,4.354773427552839,3.2572804912478825,3.5337108036890643,3.9178532196969695,2.909834161490683,2.5777527056277054,4.086607319311123,4.186664533534099,4.602736471861472,4.52198166158149,4.2026304975218025,4.7828229166666665,4.85208621912984,5.25020465085639,4.99487922705314,4.9504628191856455,5.420208684210527,4.86176611694153,6.483579849498327,5.275512780112044,6.498039965986394,7.104425623289753,7.0986179667519185,6.414673111087996,8.01066958403915,6.98195652173913,9.853337381111979,12.151592610288263,13.810736307142857,20.481016399694887,24.105132850241546,23.308901802839767,21.732854299135017,19.52538991846154,16.387763469232087,17.55660333572883,17.164528351295836,16.834698593073593,17.861204032809297,17.693879984824957,16.36170459103849,16.41711697722567,16.84848731884058,16.610369318181817,16.39419724231139,16.35830955615942,17.5390631468,19.70010979266667,26.622277432712217,26.626874009897108,1.480923667184265,1.2667353436763373,1.0712769485472573,4.076286987522281,0.8156038372859025,3.118174220857645,-1.0449418995859212,3.6876850361690177,4.489605590062111,4.3583351818988465,4.561169873087575,3.3444631298128464,5.500041986998509,5.848520078954862,7.889596861471861,7.994439393939393,7.961469928880644,8.36755509460029,8.258566699604744,8.511756993006994,10.125666666666667,10.253418592277287,10.127515164348168,10.61386636227341,10.492903973183475,11.071874106837877,12.310726818988465,12.47329744455424,13.413193358677804,12.131053312629401,12.795197124304268,15.231746786576949,15.191061849641043,25.308296996883954,24.30268781425614,24.127638441840386,20.38375046183017,26.607567885013534
67,2.5360366042813682,1.1619497607655502,2.1969345238095235,3.6737451790633604,2.5407364017561385,3.647747029691323,3.7842344416027283,4.4242710960537055,3.380842415500345,3.5617476337068728,4.111066994675011,2.9866974249482405,2.7784396448961663,4.233397519729236,4.329863239609534,4.63824196969697,4.5876450462416365,4.049557453416149,5.015520471014493,5.08149089245382,5.470842391304347,5.19947931763285,5.107555628751281,5.5854546969696965,5.214644109966121,6.613730332167832,5.48546981292517,6.74429347826087,7.31287204777241,7.300930413469736,6.600761198945982,8.411940052700922,7.078978825522304,9.588389870998567,12.235753286568505,13.903736960952383,20.54803623188406,23.94047292143402,23.295675592297197,21.60189465543908,19.599415305925927,16.5243677905945,17.755515951439865,17.276785714285715,16.845305714007665,18.043683759794746,18.214006669960472,16.57595421950483,16.512416556873077,17.03970266941628,16.348351449275363,16.32831140350877,16.42606691919192,17.971915679200002,19.958828502666666,26.657585168454734,26.61886822064959,1.4942686100131752,1.3346531833418478,1.1987858764995492,4.0948148976982095,0.8820680524185958,3.1569000368592763,-1.0439288263065436,3.655151479908345,4.430111594202899,4.35837509410879,4.560431707267887,3.32938637946473,5.479428451982799,5.843158743430482,7.895606800032266,8.00407876905703,7.964469394477158,8.385746928510086,8.215716485507246,8.54069043275565,10.152928759646151,10.272438431134084,10.159557282309258,10.60813586713137,10.493721179183137,11.025116503196214,12.396454585207396,12.527702843653932,13.409631792058518,12.165433982683982,12.782052025355597,15.189716830572808,15.143548506359066,25.317241863075196,24.371086250705815,24.227863636363637,20.364554360025377,26.64469412319654
68,2.5617759402695603,1.3725325549335243,2.2726416337285906,3.926530303030303,2.6499953617810763,3.630847684923772,4.069339915834008,4.647352127731336,3.5890209830518627,3.758315268065268,4.122652070981554,3.2936826521517695,3.07279176201373,4.387259352060982,4.542161976911977,4.810005382081687,4.783888449714537,4.209185645272602,5.078107789855073,5.228671627419816,5.786733333333333,5.4214225378787875,5.223562710437711,5.849070144927537,5.370998250874562,6.765173076923077,5.669467397186147,7.087584811760786,7.477004562533548,7.434223707664884,6.787322588932807,8.762230134932533,7.141469696969697,10.22995571658615,12.418264645982038,14.10248832952381,20.515828816111423,23.73074604743083,23.432224716769152,21.80903905122655,19.743461530370368,16.27770386316582,17.88659794586178,17.25255868966343,17.066472587719296,18.291067246921653,18.52929278882172,17.053514574116452,16.765652173913043,17.121941083805922,16.71912364130435,16.621645591250854,16.338943614491598,18.0784067388,20.325793651333335,26.67663121902252,26.566525790513833,1.4926560606060606,1.69561084446954,1.4012183621108107,4.133448858792528,1.03377013026225,3.1221368360377224,-1.047586332070707,3.6490866018039934,4.344874698067633,4.2943238787609905,4.47772184466672,3.284343673025148,5.502982705700097,5.876839464882943,7.893281220591004,7.98274688057041,7.968173485485311,8.371336634380112,8.274574345039019,8.551017279821627,10.161828722002634,10.306581281037804,10.221747364953886,10.595147069322481,10.536374223602483,10.993455256498736,12.47790764439209,12.592757397342995,13.451347178683385,12.181460791925465,12.818619071146244,15.1811571557971,15.206445275738755,25.297649807251258,24.363845184318787,24.14706781109813,20.382932935288007,26.734170901562205
69,2.6090988346876816,1.3908818179341635,2.3727527997364954,4.212189775721644,2.824811110214837,3.9345715209997043,4.236297044165664,4.707218248739988,3.8150168508204576,3.92751384057971,4.170413695652174,3.5626802926288055,3.246694111702652,4.533368195686846,4.970584429824561,4.956043333333334,5.454674462011418,4.597420634920635,5.260208048654244,5.4871476804394534,6.101554545454545,5.771602746212121,5.3987986270022885,6.114248895476504,5.500814440993789,6.990453047857939,5.799608196539485,7.3052740334378266,7.607968227424749,7.68834004688832,6.891322635046114,8.7484213933703,7.304854978354979,10.33225922091864,12.556581823973127,14.306122944285713,20.69633207070707,23.532667849748595,23.490803044603876,22.074873962266068,19.66715854222222,16.677102982900085,18.11527150385846,17.3614347498752,17.330797440619328,18.81665186186811,18.73450911188751,17.31939217583443,17.085054112554115,17.38486064227203,17.567500411725955,16.896522136324887,16.603484152471925,18.021762725200002,20.509055556,26.663914768806073,26.492874526979502,1.3779289404340893,1.958545321224669,1.6380303030303032,4.0953947783461215,1.1535398444976077,3.094737173525537,-1.0485374317711276,3.61005760543804,4.463408709520838,4.297884316770186,4.438680105649499,3.279994414847912,5.431267916865743,5.903520139281008,7.910822510822511,7.9684328063241106,7.9833478697803235,8.38857209540738,8.240944055944055,8.659284646512909,10.221987107095803,10.367869449391188,10.28985100867512,10.597517150515651,10.597023389395284,10.97273212033891,12.544432355250947,12.646612965838509,13.540066091954024,12.222428957946816,12.907121783496008,15.192559631642512,15.210633116883116,25.19384594739667,24.258253576134013,24.03935593392115,20.487136949202164,26.80555374859341
70,2.5481258019705564,1.4748516573053188,2.5325914031620553,4.289904361942406,2.850936327423742,4.033726757369615,4.4647064970316395,4.955124334516415,3.957819669567432,4.01969398989899,4.404619608350587,3.7309935606060605,3.2835087959635882,4.614875762982885,4.9791812639628805,5.045620015998494,5.750475850401245,4.895351966873706,5.3423274621212125,5.585864963129521,6.225591811594203,5.772201615338164,5.6828628389154705,6.392307492753623,5.512151902944631,7.252642577531164,5.8705329121273016,7.385777329192547,7.680938121660948,7.922969658219019,7.021369668423364,8.900804143382855,7.249164784490872,10.567242734452881,12.682726255344543,14.50576559095238,20.90774247129682,23.79068950373298,23.6067553428408,22.529157051203367,19.78088516777778,16.606953450276432,18.373782938076417,17.557500635647088,17.76778028805845,19.401638680446172,18.884138257575756,17.624289472755507,17.351501976284585,17.594859053674742,17.62481334109731,17.020456004140787,16.968690949675324,18.0940541128,20.588424776666667,26.615140692640693,26.473938511198945,1.4255169913419914,1.9713657694962043,1.7465045853269536,4.159411764705883,1.2630474127140974,3.0179068440617356,-1.0390328508297257,3.5467299809691117,4.537013833992095,4.385828349052987,4.457538584603802,3.2703497164461246,5.4061910915171785,5.929059979875197,7.93289978870336,7.981301242236025,8.051095844574105,8.394023639404075,8.260830096533901,8.789340731732036,10.294123188405797,10.431701505016722,10.29569929552849,10.665900669794972,10.746218003011482,10.98416044503001,12.68808438962337,12.751361479703872,13.654255013518881,12.27309769668737,12.951230908114965,15.19395698051948,15.150395845096932,25.207522080710486,24.27043925277621,24.141423787565092,20.538474113111793,26.883822089075714
71,2.6154569177802873,1.6008815086916375,2.651904761904762,4.364372887666839,2.9244885892422126,4.072517686076407,4.716018442254028,4.945820565907522,4.086457649806334,4.040504978354978,4.360476189960243,3.8986185770750987,3.493775826446281,4.798636911203876,5.191862778240067,5.079865490306795,5.911493357487923,5.21361801242236,5.466435170807453,5.697461840628507,6.392199143610013,5.932559329710145,5.990453852021358,6.549709935897436,5.68437580841932,7.475579953379953,6.0955872713215715,7.530501386424135,7.7013793566273545,8.242236679454392,7.166262360248448,9.297480009995002,7.378690927128427,10.673004370830458,12.820782991163425,14.736230454761905,21.14139104554865,24.147713032581454,23.710348875636214,22.78118006148441,19.89268621892857,16.999086591158203,18.785359025032935,18.07049427573057,17.831793904958676,19.403891073507566,19.001536135814668,17.66602171266234,17.49292160737813,17.715983788738043,17.543295855436515,17.30168452257125,17.080706590360123,18.089807454,20.314638609333333,26.672742285319924,26.5344733554489,1.3516535781152488,2.2052926917802695,1.8198963577421814,4.258303875898186,1.3247803344824514,2.9555387924273795,-1.0275720932147563,3.4852242832315294,4.554086297760211,4.404751500512369,4.458601375332742,3.276691298619465,5.428121678093074,5.907564206892852,7.956259456123587,8.018430039525692,8.076265175042348,8.40622267225528,8.221045596432553,8.898387482083134,10.349050682742758,10.509595748454444,10.27088274044796,10.859626436781609,10.86432582815735,11.028170289855073,12.825607819264068,12.885046799516909,13.8285536168604,12.338178549861974,12.937487922705314,15.207165404040405,15.294659326181065,25.2157511448374,24.269137442526418,24.211053425908496,20.49686670012757,26.737609989648032
72,2.5923648460537048,1.5376783076763054,2.696575263504611,4.573450141776938,3.0014532519111325,4.219605561847165,4.74079126607482,5.052751552795032,4.136839729522783,3.922961647727273,4.19040652644457,3.9266969696969696,3.5539972826086954,4.8910052053924336,5.220227602108037,5.184245869565217,6.289374176548089,5.571694271911663,5.566727791501976,5.904114404201148,6.48346654432524,6.038135416666667,6.161437313639831,6.611469511466794,5.774589625641725,7.674636509324009,6.279848855401845,7.729245967046239,7.828050895662309,8.334958226768968,7.312853133822699,9.194683908045976,7.351492753623188,10.678154125799052,12.91137417121399,14.877702952857144,21.240679347826088,24.247679434092476,23.921594627626376,22.861021739130432,19.952789284285718,17.102427458397546,18.943282022654554,18.106287741545895,17.48687140818119,19.326030019878417,18.920607484001504,17.588016514622154,17.465579710144926,17.711000933119873,16.994508605072465,17.381580368906455,17.358021096380472,17.9524212125,19.811050724666664,26.717963015245623,26.57714098663541,1.4262095501418872,2.4470760960371942,1.8988050913767673,4.284751840657211,1.5045432376952756,2.9878496729719557,-1.024282334211682,3.4237969759708893,4.519118012422361,4.413222197823647,4.444355959775215,3.3054634244142753,5.475218153636346,5.910474941724942,7.987666650981869,8.04542904197252,8.095993906455863,8.408647797297464,8.244781441083072,9.031747238268977,10.398495740008784,10.5282854932791,10.304101261057783,10.975593794012086,10.889343355919442,11.063989016887568,12.982546698241789,12.95470911561265,13.902512217105732,12.3558124882364,13.007691511387163,15.286579881995761,15.38279412482311,25.22252616747182,24.266594908714474,24.226577838425666,20.530762333479725,26.74005421338496
73,2.6100151583772506,1.5940669138260672,2.6865740367293163,4.624722826086957,3.0787122297991862,4.2932023019682175,4.680784552946639,5.073872706658421,4.149361560119916,4.097185310990338,4.413481376811594,3.997161448334275,3.643317393657067,5.0006455644510766,5.36593868277638,5.235877922077922,6.331028656126483,5.8352849927849935,5.663322916666667,5.9977034353193766,6.653928787878788,6.04910211489899,6.26390977443609,6.718864130434782,5.92895084465343,8.039947403459712,6.399405303030304,8.028989638790298,8.057701365663322,8.431679241261723,7.525886884057972,9.393537078863165,7.487530303030303,10.921672034353193,13.120869167064818,15.161540920000002,21.39103260869565,24.386292270531403,23.68857323722473,22.96138932806324,20.064506785,17.300394239711697,19.11022832956395,18.23161231884058,17.627753278122846,19.596622984586972,18.85844806763285,17.539909355590062,17.61328431372549,17.767624770865556,17.653125,17.457758281573497,17.312357762406673,18.214900968333335,20.093144487333333,26.81626841537909,26.6151294023006,1.3855531335512314,2.1166083505866116,2.1162988437001595,4.3185974121490425,1.531214114832536,2.997153749149401,-1.0268775664251208,3.3520995761484893,4.515020340584721,4.326469476300811,4.4027521204432745,3.4104445412810254,5.494157291983379,5.930307464274856,8.004076086956522,8.063788537549406,8.139948240165632,8.408543665086308,8.271737765857331,9.074047510460554,10.388991617357002,10.455671172391122,10.27489888789296,10.981340579710146,10.806544586098559,10.999247041573986,13.10638799350325,13.002207700885117,13.922737834005074,12.387737735608079,13.044404186795491,15.290873740891152,15.36277997364954,25.243170960815885,24.32546754077125,24.3321234850411,20.618598423852045,26.80601237530585
74,2.615168951745718,1.6366834723849357,2.698218991153774,4.665480072463768,3.1855594400655423,4.444798845822914,4.830354667386803,5.2746278467908905,4.255572773186409,4.238210282169521,4.504184663992409,4.204527990978069,3.7529407649333537,5.052777426830416,5.5975112812911725,5.332021329365079,6.221708039243366,5.780412353347136,5.775742753623189,6.105153322679289,6.783347891963109,6.184371666666667,6.47692384370016,6.725299679487179,6.174832110730349,8.330917632186654,6.5582611955849535,8.328306935817805,8.15284092990343,8.602827046035806,7.663825124223603,9.562830516559902,7.665636363636364,10.95623639779437,13.28364343989344,15.338323129047618,21.405863636363637,24.585483052870273,23.73027893527779,23.091675362318842,20.217551287777777,17.371759716732544,19.18699919151994,18.34387400793651,18.001378525871363,19.703980427848276,19.034466952129993,17.71293327294686,17.791666666666668,17.845147662828662,18.050310235507247,17.601101613965746,17.252213293650794,18.544187801666666,20.40302250285714,26.851466492993175,26.67383774287307,1.3940776515151516,2.114192977915804,2.154518498242694,4.2112255967604435,1.3344206643089938,2.9815368925029966,-1.0242043141037707,3.3321101804797455,4.561826086956522,4.321608554488989,4.455196569734613,3.477386578449906,5.517455008759357,5.9441239071759675,8.021659993256716,8.095263795853269,8.123008658008658,8.467160013899145,8.225709467830034,9.108351702645182,10.480857971014494,10.537294897131854,10.429010154786553,10.963723165858669,10.767274844720498,10.923885953883824,13.215028110944527,13.070143506678034,14.011265849218248,12.416594061735367,13.048850334448161,15.273874786209381,15.341427277432713,25.32438271604938,24.382908998543055,24.459650333563378,20.623403263403265,26.782863075071926
75,2.6365754821114877,1.5475932484648158,2.760722912353347,4.813160829875858,3.3349538690476193,4.454615221088435,4.981818675889328,5.329908686551543,4.411331534797288,4.333348490338165,4.571130411255411,4.303095601322146,3.845236487902743,5.200364071616789,5.733036715725988,5.439654356060607,6.2552730331262945,5.784337787816049,5.843697916666667,6.31858474845069,6.923169323671498,6.478137733860342,6.717763157894737,6.985473047785548,6.448280763625364,8.483607203103913,6.838700846643006,8.576580357142857,8.344791373883766,8.819199275362319,7.706766192358366,9.861039096252739,7.934899491812535,11.125183337864497,13.475896482426803,15.540534802857142,21.62671583850932,24.725595238095234,23.92314895633352,23.216309523809525,20.51511649576923,17.55153523365868,19.369381812193073,18.53930404589372,18.052392464666426,19.880149476953253,19.546967892237593,17.994811109805767,17.997910628019323,18.02007829237555,18.51619318181818,17.950690217391305,17.586217169756573,18.693929787083334,20.844735418571428,26.918636855568675,26.734880982242395,1.3247940590111642,2.340519449149884,2.1568317471049165,4.262670008912656,1.2535612966044887,2.9460468883974316,-1.0227353729452915,3.399272794047775,4.520210803689064,4.27442437969571,4.474864584173591,3.4828392621870883,5.551677633960243,5.936416029622551,8.03345166642268,8.10804347826087,8.106478213815171,8.465001013647365,8.18073173330293,9.082407266646397,10.501117779626934,10.561439393939393,10.371523352423972,10.997406043218993,10.851242236024845,11.000516639828234,13.344584805000098,13.137207125603865,14.118415854572714,12.468407479296065,12.889638707334784,15.269664031620552,15.291458058849363,25.306972743581248,24.351976310726307,24.51473063973064,20.525774406752667,26.742833615659702
76,2.6561049038521864,1.5730210952281891,2.7729801340826183,5.049853910963178,3.397589274386376,4.497263905413944,4.968774417139256,5.404284941249227,4.595783705806017,4.42134375,4.707882667905766,4.174000305853567,3.9381444110073063,5.288001229296066,5.889942601821619,5.590983689770375,6.381718026538678,5.833452380952381,5.94885625,6.5813889339826845,7.020484848484848,6.554497813852814,6.748486842105263,7.172849789703051,6.608776434621035,8.66763122656329,6.932760330400276,8.669556140934635,8.570728126677402,8.886504901960784,7.797076662852784,9.889089505367364,8.194032091097307,11.067180430948547,13.60116821584213,15.711327537619049,21.681545099160946,25.13151781793086,24.129050826869545,23.616833333333332,20.78541945074074,17.729783936301793,19.582655108396214,18.54966856060606,18.136232340699483,20.20083891221188,19.673251811594202,18.281626200181158,18.263373015873015,18.23517608813589,18.980208333333334,18.06679281949934,17.750189393939394,18.989213269583335,21.318057686666666,26.93395562770563,26.79489172240803,1.3373285226405938,2.602428281259803,2.3997236842105263,4.530161319073084,1.561484235148909,2.9206926654581116,-1.0086828229892089,3.4462470983123157,4.49103121516165,4.220153640712112,4.410355323675061,3.5384668655226306,5.5406886591669195,5.9625772777946695,8.051191400473233,8.12655100696405,8.116209768492377,8.417187820231298,8.13208800167224,9.070775058275059,10.433182234432234,10.51929988288684,10.258084608079669,11.02102978543196,10.76638698507889,10.881814834057193,13.456721264367816,13.23497399264383,14.250616040194188,12.524389557453416,12.745432194616978,15.27238612836439,15.401837474120084,25.41578502415459,24.392096081588836,24.602209290977406,20.40446981896257,26.747563842730766
77,2.670088832815735,1.5439823585231194,2.8820355283088204,5.096000338587059,3.5159294962284093,4.63660956027668,5.138356893579011,5.611736011400607,4.644483217704561,4.513312726449276,4.87932305138051,4.323963644598155,4.033164937417655,5.392421745927181,6.022469367588932,5.740062088274045,6.595784584980237,5.989029110985633,6.094972010869565,6.783394309947299,7.122916666666666,6.561599696969697,6.907180587337911,7.324070512820513,6.719366282767707,8.853783558832472,7.065535385745207,8.656926977687627,8.829640312720024,8.941971745219828,7.920527208168643,9.929606967906421,8.272733860342557,10.997851805439526,13.749039456919892,15.848079364285715,21.691719696969695,25.55156847982935,24.37375081341364,23.754725108225106,21.117756030000002,17.83534445232222,19.69099517906336,18.764943495514146,18.373644233483905,20.415417674621334,19.6442812637242,18.580559597332016,18.56910225442834,18.54370410968993,18.889549365942027,18.16701992753623,17.88135090716952,19.334863482916667,21.482932367333333,26.93003043563814,26.84558203843258,1.333853156854587,3.0108964646464647,2.7004632913806255,4.760324676708628,1.7843347222222221,2.8882563932670355,-0.9927796374066755,3.5354251364577456,4.5256701631701635,4.158415110626505,4.426054942728079,3.6048383170075042,5.5416612735091,5.96595406405189,8.065056734156112,8.182947299077734,8.155114224543572,8.423889498853267,8.237566241729285,9.26940635451505,10.489291958041957,10.56818642822838,10.235936639118457,11.007648042861685,10.782422933270208,10.74621492825016,13.570065454285844,13.298333333333334,14.325640562024184,12.577339862130623,12.669380528891399,15.23931532517494,15.532461650668171,25.412720859387523,24.302196969696972,24.52156565656566,20.45379946811106,26.833223343685297
78,2.6911974569060164,1.5903303140096616,2.9595135023706454,5.046171421206393,3.564275973767433,4.649483500712537,5.018396870405377,5.596734989648033,4.6947787384716735,4.597594957729469,4.935819691480018,4.436039509222661,4.1184109848484844,5.456796056667433,6.210909632034632,5.783772041062801,6.843356225296443,6.271390692640692,6.2200348214285714,7.052303442028985,7.30939696969697,6.83009963768116,7.255762927054479,7.465578463203463,6.857030422288855,9.05985868660325,7.1404159477800775,8.96191320685811,8.835207863660761,9.172542306052856,8.05857748447205,10.056484420127598,8.433257293431206,10.772422778509736,13.912029637029637,15.938801311904761,21.763644094001236,25.762086705564965,24.53452600696405,23.76361688311688,21.28097952769231,18.10276237306517,19.836964970141846,18.819189174352218,18.692053044543176,20.766211095921623,19.95581627415459,18.871325067934784,18.782185990338164,19.03986380821447,19.231837150621118,18.4149076953748,18.122588571428572,19.636889273333335,21.684833333333334,26.916616297075787,26.864498042718154,1.3480530394524959,3.041893297101449,2.82335411032522,4.886886676409695,2.0697992407773382,2.9281167328042326,-0.997105488110923,3.5790772633163934,4.545386769028074,4.187842442415156,4.436854891932024,3.667249527410208,5.582131093544136,5.958203752768971,8.082242931757683,8.207972162619988,8.192823700626496,8.428095830632062,8.230736502627806,9.387177405927405,10.541655934645066,10.604579699688395,10.253274201643766,11.119715142428786,10.859924948240165,10.662928779970917,13.716292060950044,13.358402640535793,14.35819769579496,12.589020572986318,12.641818806261844,15.240224142587092,15.525896974402409,25.397931796464402,24.292357146342653,24.443469721368274,20.646727192560526,26.712001979645613
79,2.7019245788734847,1.8339517601211264,3.025031112576783,5.119210696282294,3.6595500738723246,4.8140751996450755,5.10674430641822,5.777192989550133,4.746234877170416,4.681276041666667,4.975982063917204,4.507818077803204,4.3314735094451,5.539947951505017,6.346501976284586,5.874050187226961,6.950664016648701,6.487365061203734,6.335920471014493,7.162731689958592,7.477397826086957,6.953406376811595,7.439143464027241,7.610965498269845,7.085622334125145,9.349695025083612,7.450210668687765,9.090723239493427,9.012724999807379,9.375893575851393,8.223725939833114,10.279143811674867,8.526301672240804,10.881364645021522,14.024316201533022,16.04086961333333,21.909400336550956,25.690433041903628,24.62138193236715,23.70678053830228,21.38088832888889,18.370050894369605,19.95659758633361,18.951691620974373,18.97141922471468,20.845683252928104,20.0867359075355,19.163299005681818,18.922325428194995,19.31955270501395,19.524479166666666,18.71049431818182,18.38025507246377,19.726616658333334,21.37502415466667,26.947181441746658,26.88934717265826,1.442741003942663,2.9057450675230565,3.0026839377151013,4.9172333759590785,1.5410014620928942,2.946930505611856,-0.9887357817303469,3.5999729437229435,4.574864130434783,4.211539197933501,4.507743977037455,3.6973787633286688,5.622091181130083,5.972804098075837,8.09716396439999,8.217492172363016,8.208480882471566,8.437418874737716,8.196783810392505,9.437771217486691,10.588911903314077,10.638121147058346,10.381457930998486,11.04871235434914,10.89816274621977,10.713658209243253,13.806147259703481,13.38671316229061,14.422218007067896,12.603775168219462,12.710778338509316,15.231338329282563,15.525374670619234,25.35133744855967,24.27197213682721,24.386184916800858,20.695779330083614,26.737636617393996
80,2.7657188529314887,1.8982464343225212,3.147451444345854,5.325510924105538,3.8132941459851395,4.963831509975532,5.3458836072394424,6.060552098177874,4.954861528540629,4.807282196969697,5.054659312456867,4.659830841926952,4.486372019888324,5.670382138694639,6.442812002348628,5.918710139045737,7.014750726134866,6.586978166760776,6.530989479813664,7.231272292019575,7.573021428571428,6.997815757575758,7.61966593856182,7.8004575008325014,7.147518771458427,9.54928652325935,7.369994632313473,9.060686444681368,9.242097530958038,9.562735071301248,8.321589596273292,10.363826852807362,8.571626964520986,11.25523842099929,14.175273367936411,16.23423440761905,22.015408910160463,25.43615948363231,24.673936646210386,23.58245256916996,21.140483669285715,18.394612775940413,20.0230008940335,19.000106852688372,18.95937603412727,20.5778001525553,19.84928247929607,18.971861503623188,18.908961988304092,19.24397950781103,18.74298666007905,18.782260869565217,18.449248484848486,19.48859381833333,20.890277778666665,26.937780401416763,26.916205624882362,1.491241704805492,3.280707336956522,3.0897889325586694,4.915400627653344,1.594480309042809,2.9625650134889265,-0.9897386049940398,3.5711710520328532,4.556564902488815,4.234897210485666,4.507736442142907,3.7021673254281953,5.620728021978023,5.996619322706279,8.10613320426985,8.204433519379172,8.205057255115484,8.444360269360269,8.192219018445323,9.42576771055032,10.554483637707323,10.672415611198982,10.442961110662974,10.988687149931529,10.913807860100562,10.790915905683523,13.864091744498564,13.455569738431223,14.453060083594567,12.606117136034255,12.754254389502837,15.222298361688722,15.515459620607135,25.370335480407945,24.26191818112108,24.323401707435522,20.646656889809062,26.811896739921263
81,2.7974764943691572,2.105459567746383,3.2630892531064157,5.599554332854234,3.946651738224202,5.190181088838698,5.544655473750539,6.052298752834467,5.051274084364253,4.774355685111989,5.227431202037538,4.797569022605922,4.524228284396763,5.829132690678886,6.531068017127799,6.0628807696324145,7.18776640166487,6.730712007290955,6.727433522727273,7.4447514721303545,7.638583333333333,7.077662272727273,7.850278162511542,7.966846560504712,7.317179004482721,9.696666021478523,7.500969126217314,9.014039911591825,8.95044413919414,9.776486824769433,8.4758824571805,10.584042232130688,8.313046909310495,11.587257742257744,14.265663503163504,16.344885594761905,22.03901268115942,25.15556826849733,24.545900032938075,23.46132187088274,20.888463505357144,18.26170428906842,19.95941825796075,18.717719606782108,18.968412067099568,20.596482296650716,19.54666515700483,19.012290928327854,18.879867149758454,19.226653369008535,18.643071895424836,18.799552908952222,18.464886363636364,19.5189533725,21.212442907333333,26.992154856013553,26.90728885516657,1.4930031897926634,3.7556388888888885,3.2950192687747033,5.006545088566828,1.7932969576719577,2.920620745498463,-0.9814260746047431,3.587338250517598,4.573356389986825,4.2943984014486265,4.5035020065338385,3.7273102684964687,5.667196770620683,6.055273259349347,8.12858159568175,8.192765658254789,8.248451228317414,8.447115042767216,8.23803812183621,9.4768470659775,10.553871943274117,10.647916971648854,10.337778797289666,10.997076461769115,10.919142063940201,10.858194260761726,13.898083055063376,13.446052234299517,14.5414484007996,12.601556111494517,12.664167960662526,15.168944099378882,15.482168148880104,25.34324009324009,24.293223295759528,24.345803337438035,20.65420252385832,26.794768771218045
82,2.795517544427191,1.867910282953761,3.315721657569484,5.6337140664835825,4.0037855306543335,5.022389141190073,5.126788412975913,6.082057932147218,5.1042587710105005,4.713951179183136,5.248903366318877,4.8571993620414675,4.545845201123928,5.885598634725446,6.491952583490864,6.10069810718582,7.3700424227452395,6.9586457521084855,6.87108088768116,7.563286016218081,7.681601035196687,7.265453333333333,8.083423046251994,8.097992703854116,7.355414868223783,9.808109466620335,7.6515664675903805,9.274861955385942,9.254192230273752,9.952093137254902,8.619737995169082,10.60555615049618,8.37492857142857,11.30852688977689,14.400205320042277,16.427096586666668,22.058772397891964,25.255928030303032,24.406677818871948,23.500123376623378,20.805937676785714,18.31621662941232,20.005664600550965,18.75328998447205,19.140609947940728,20.634221215780997,19.747930390865175,19.26366065399727,19.197008124725517,19.480974229895164,19.594720643939393,18.856948051948052,18.741171097308488,19.69520747125,21.804949495333336,27.01038715072806,26.955759625564653,1.502297554347826,3.389446272548961,3.302019485928781,5.166380681818182,1.8172504784688996,2.9092162223741167,-0.9623137969367589,3.7198999832695483,4.583354869767913,4.23242805323244,4.60619376663709,3.764902331442974,5.718760596764029,6.102694678509896,8.138908354843915,8.234028706800446,8.275019325912183,8.464440383824442,8.272965676642198,9.595242257742258,10.543311941681507,10.62505428682965,10.126117007169379,10.945574696418024,10.862391513478471,10.820358666159663,13.91057803403493,13.449056353519667,14.496880416934388,12.572616708343416,12.611143068887634,15.137215320910974,15.46274291831357,25.363279612597545,24.258458774250443,24.30411651754043,20.616048534798534,26.784298674576448
83,2.8333299022837064,2.219740571785194,3.3808931148216863,5.580058794466403,4.064185136388035,4.732922501155344,5.063001472211998,6.1035471629126725,5.083693922924901,4.75520106060606,5.33241198757764,4.939897059843284,4.693157196969697,6.10948061358931,6.502341288594834,6.115178204796411,7.465667351094228,7.128978841207102,7.078923214285714,7.605391008577344,7.787040719696969,7.229382727272728,8.082646834477499,8.077488360371513,7.382570131600866,9.929115842490843,7.7534196668200295,9.433537151067323,9.435969391987507,10.052929667519182,8.606337376482214,10.635974880382776,8.403214756258233,11.266695727994355,14.562193844802541,16.482422396666667,22.07348128019324,25.31119047619048,24.427967990777336,23.56254586419548,20.943592955714287,18.414870102008972,20.11448826206731,18.80814879827167,19.24780647682357,20.618983494363928,19.949831443315137,19.430097732843137,19.408737373737374,19.827894139886578,19.346753246753245,19.041681722689074,18.876120882740448,20.156970520833333,22.161425122,27.0653244400527,27.033766676707003,1.505703548644338,3.212585416666667,3.3824456435059984,5.393449211316059,1.8201123188405794,2.946691264403185,-0.9326079065107598,3.7791386083052747,4.638977450086146,4.309093315587104,4.593931556948798,3.805615225983846,5.7404872301611425,6.110094253572514,8.16792310303568,8.305483556298773,8.275852587602547,8.477578364370888,8.270654326181065,9.624646639592292,10.519200331514403,10.583302021828592,10.07682008445241,10.888055314448039,10.784142556891004,10.731814774430967,13.950452461269364,13.450900513285026,14.482392928535733,12.540197916666667,12.505976496329756,14.995138888888889,15.481097661396575,25.445179593141834,24.19593663722144,24.33766780120041,20.704628921802833,26.777213999768346
84,2.9227497694334654,2.331750468829416,3.4301962168266518,5.892398518642096,4.186966729928686,5.244319479175069,5.671488336726286,6.252102057830527,5.248829957180501,4.9480660144927535,5.318128861841129,5.076124757298384,4.893828390483034,6.224432319554508,6.651068969467834,6.259092091074606,7.511510338064439,7.160670368279064,7.284029166666667,7.734824981930052,7.965512255709267,7.41047652173913,8.158859649122808,8.366189102564103,7.593833257713249,10.126274970500514,7.917963793385895,9.746154610194901,9.642881259105897,10.202149509803922,8.65432933272947,10.938279462242562,8.581128364389235,11.623842190418278,14.850329004329005,16.62515247142857,22.088906926406928,25.25868465320911,24.513937204968943,23.747976530753764,21.128338089285712,18.86266611881907,20.251993935611576,19.200049407114626,19.472043015630614,20.838894352426962,20.187494996549344,19.685326833858543,19.57144927536232,20.130050916776458,19.28482433025911,19.176502164502164,19.07526857142857,20.285580670416667,22.229343433333334,27.09245867768595,27.093002786012296,1.4800460225462941,3.3211477272727272,3.8053241472697996,5.6118012644561555,2.086738304093567,3.0066285820158103,-0.8954728907867495,3.837830426417383,4.648535459106111,4.254232217495149,4.6492616589432565,3.8630592312539385,5.7776990219925,6.141298556515948,8.19337297666102,8.313651022890154,8.315189886890197,8.509952178792757,8.271440498227262,9.683630952380952,10.62131779133058,10.753580748961184,10.192289889744123,10.962138249057288,10.80537260358689,10.705006344230483,13.978025844220747,13.450627127250769,14.529762931034483,12.530631193534727,12.435099301578338,14.972743055555556,15.37854496047431,25.48581342409603,24.288385601180888,24.368970679012346,20.784746057513917,26.73725794133403
85,3.0069054233809664,2.3845981257491555,3.527901426270992,6.005270833333333,4.365614484214122,5.577905204277988,5.880363862706788,6.41460733377641,5.383208196091348,5.1090257246376805,5.6095888852566205,5.1530670995670995,5.008997321359374,6.391079897551225,6.789042533081285,6.565622132449818,7.584973320158102,7.187997757073845,7.465975,7.926118326118326,8.089720643939394,7.33435696969697,8.231456903127384,8.651469551282052,8.009905442485524,10.297248684286728,8.112000335480408,9.761459770114943,9.824047638217928,10.374400468883206,8.750815382081687,11.150517598343685,8.686681221421374,12.272371794871795,15.000399868247696,16.699126357142855,22.195449391877965,25.277572463768117,24.51972195652174,23.80350462618998,21.270445134285715,19.169161875276423,20.337144739318653,19.417190095663628,19.797844833018274,21.157805383022772,20.38602166560794,20.052801889233955,19.770229468599034,20.291083107864356,19.677500000000002,19.510636918382914,19.399816666666666,20.282370580416668,22.474125696666665,27.101747408856316,27.12807868671184,1.4303126516885096,3.3899024091850176,3.848392296411318,5.706263559508125,2.0204995443153337,3.0211889097228415,-0.8480322655906894,3.8977583809105547,4.658808471419884,4.292396150950499,4.680318911972585,3.886930670957794,5.818940280733759,6.191451935745414,8.20981966403162,8.36212323907976,8.338294126939314,8.528799206697757,8.258305310631398,9.751720218187609,10.649060516068188,10.726634268844414,10.245909381539176,11.068735859343057,10.827083333333334,10.720403285199506,14.021025853144858,13.500921305445763,14.627978240046643,12.601166666666668,12.321614436288348,14.925697679434093,15.465628529079618,25.490213506794362,24.370535066852092,24.419888668430332,20.835397727272724,26.73711949260258
86,3.0540046245421246,2.3259952488131836,3.6470874505928856,6.028370436793114,4.522750844502561,5.73867115067631,6.059137800605192,6.567494540998218,5.434515575004705,5.106206695652173,5.702420366083192,5.280191985645933,5.069170295483588,6.522269782316633,6.808743632097515,6.475403176759834,7.774199320277878,7.357987405106971,7.60024375,8.139838638716357,8.270340428743962,7.6353564492753625,8.592199074074074,8.573186761426978,8.295059532733633,10.43890839414209,8.32437037037037,9.925892053973014,9.958594404186796,10.507769714407502,8.999845737067885,11.25718961744777,8.650862809196905,12.0781088664422,15.143540466779598,16.76137218238095,22.30601166948993,25.294397059843284,24.54524899585921,23.897689215178826,21.412091433571426,19.159842228356723,20.335274327122153,19.53283926218709,19.9477380481837,21.376873562226823,20.622346991332765,20.1652077125258,19.90562801932367,20.292970341410324,20.258913043478262,19.613158281459196,19.470842101449275,20.318932596666667,22.82286765,27.167484878428557,27.207596273291927,1.4677197463768117,3.8840989311576513,4.0240762863185635,5.824179347826087,2.1944450162597455,3.02636070346114,-0.7902674712314658,3.8969486345262743,4.6952726747889795,4.267797440382435,4.68939315569488,3.9296192443919717,5.828314553486178,6.232306982872201,8.280172413793103,8.39740519301446,8.341304688351313,8.516702881123171,8.276272138187899,9.755487537824495,10.639908913550217,10.72928012004099,10.314282942605717,11.007679008240242,10.835411608319218,10.605671368861024,14.085187661850892,13.550030948067631,14.66697615396847,12.646187564699792,12.240020519077195,14.862733997584542,15.49985707227555,25.50021504294149,24.444499999999998,24.456036988239887,20.954415466779597,26.903060770750987
87,3.053906071354275,2.5940220953722095,3.755098605098605,6.232616159120853,4.612314576928707,5.884305813234384,6.217159030093286,6.667456104103234,5.612263257575758,5.317167101449275,5.876981189535103,5.3757601476517385,5.0964930092141065,6.732772917112872,6.994343828509235,6.689908568409248,8.009334733201582,7.567956349206348,7.774412088274045,8.342631301927886,8.332606657608695,7.735095606060606,8.69626239511823,8.623018153947502,8.457583020989505,10.573052749719418,8.556680122480847,10.401257183908045,10.049033212560387,10.56391428349996,9.058432826910408,11.352258698092031,8.746384716732543,11.966044607566346,15.168681409170539,16.81984334,22.522777268021834,25.422065217391303,24.69615704796411,23.84014708006842,21.60219659964286,19.365765487866934,20.485662637914192,19.650032938076414,20.119507966513638,21.627959709055244,20.949473111873207,20.300006324404762,20.144722222222224,20.316232048748354,20.792382696560686,19.82988766382359,19.475932753623187,20.4696461668,23.144220464666667,27.212541065653713,27.296954492518353,1.484458942687747,4.145300499271895,4.118488931072741,5.910688141769664,2.5798170896609114,3.0624692120480166,-0.7460420578063242,3.9420795254128587,4.709695648554344,4.197067552683494,4.722391077188679,3.992026739729309,5.847359023826415,6.253343308865048,8.30535446562433,8.415828917459352,8.400336195538594,8.537739541725049,8.269990748382053,9.831004864700516,10.660846339650687,10.741833308934758,10.35205588493632,11.063281427468084,10.87021809712027,10.579142814956159,14.153419902873239,13.631382889969489,14.767119252873563,12.67433062770563,12.288722826086955,14.891076820220844,15.500005629722244,25.485892781025456,24.429797369833604,24.53665129556434,20.96255639805329,27.022256256400038
88,3.1337737784679085,2.5983357343457456,3.849659975979852,6.472671585989767,4.786282870689876,6.053895392109934,6.382602606259895,6.799717391304347,5.776596216612767,5.3947371212121205,6.046856869941653,5.465413016236243,5.284008328627894,6.905405307086717,7.138394117382303,6.890191076604554,8.196084239130435,7.734898205659076,7.976347964897421,8.507097959687828,8.488277868945667,7.909560691699604,8.905505339435546,8.880795916945374,8.521254741648315,10.751225680720246,8.832082321663844,10.46021288339084,10.253317108280875,10.784128729752771,9.35240523833051,11.587350471589602,8.897104978354978,12.423308982683983,15.432528522202434,16.99924646809524,22.55469811991551,25.543360507246376,24.872316194240543,24.153718767645397,21.910452125000003,19.322491638795984,20.596472264795246,19.556357048748353,20.33420626396288,21.663551710157748,20.937735988019543,20.25975268308081,20.207971014492752,20.326820780039114,20.447832115800864,19.91846231190625,19.552588809523808,20.5035496888,22.85898880066667,27.149145720706723,27.33222392598344,1.4770387269433465,4.220237858789761,4.2882600523046746,5.977101806104524,2.8149445080091535,3.0654931960996037,-0.706034778099316,3.998447204968944,4.746645293112684,4.247511746793579,4.769984601854917,4.041325821740841,5.865482522816619,6.277519913419914,8.320112711501391,8.414841137123746,8.421258080375397,8.556980432342751,8.247402878787879,9.677223726801023,10.616239979826936,10.749884821297863,10.350389468219914,11.033197492163008,10.891564911537738,10.504168532616807,14.260337024669484,13.644874446457328,14.86523102085321,12.694189764492753,12.335805621655778,14.878124999999999,15.546856514344869,25.5187783446712,24.437210242957523,24.65909002899945,21.025988142292487,27.08944384883217
89,3.157917066629023,2.702823985601295,3.9207274609448524,6.75881738082405,4.97388303671637,6.253802730331263,6.617828501051563,7.013234554394881,5.8861730589039185,5.4145350207039336,6.293762760210804,5.708378987240829,5.586821652079805,7.068246741888796,7.438776443547002,7.079791805006588,8.391166765256827,7.928119975262833,8.202779373706004,8.815935481702562,8.88444191919192,8.287340757575757,9.220745614035087,9.075960189267255,8.871201118596545,11.098232864357865,9.065298247559893,10.932988832143531,10.564784276512537,11.064028775146422,9.49848824620428,12.066695629458,9.10804265010352,12.959022386128364,15.71409116246073,17.226289572857144,22.737249965862496,25.959323539415074,25.06321880952381,24.50017792443064,22.242969376296294,19.603130965825066,20.688059633603114,19.772012045925088,20.60945256916996,21.84849747626816,21.070174937783634,20.481813541666668,20.329789196310934,20.353597781078403,20.837357954545453,20.18536898487985,19.61521324110672,20.7319820252,22.986287877333332,27.10729936902297,27.310875006587615,1.4532135010822511,4.413279347826087,4.547057649063369,6.049705615942028,2.8821929824561403,3.0192809500282327,-0.6754138659498713,4.030580449571133,4.759812379649336,4.180700901353076,4.798852197277984,4.044273266259432,5.894638537473205,6.276969696969697,8.353759013350468,8.478873391101653,8.44743645976177,8.564661578921685,8.278368091338486,9.86803176694481,10.69049664104012,10.806076238576239,10.322379134370241,10.928794693562308,10.863829538732489,10.497110211128202,14.350066250965426,13.72799926673568,14.967175659735068,12.705238892686262,12.201915584415586,14.912670180061484,15.646663154392192,25.50692287784679,24.43397527291549,24.686293002488654,21.046915584415583,27.02707525841393
90,3.203340983436853,2.7562097423510465,4.029458090218959,7.000842630853994,5.1361437381056945,6.384898818766637,6.680846406588431,7.162886410545079,6.040460721855334,5.656786376811595,6.402098261810653,5.901671347340684,5.803221010946789,7.204280618576563,7.6442534584980235,7.178776811594203,8.48935016276543,8.02094908714474,8.432430654761905,8.991028273809523,9.044244002525252,8.276305175438598,9.381500626566416,9.084803321678322,9.177788817441927,11.340000982042648,9.256115230331263,11.23310775862069,10.6775293270873,11.220075994318183,9.717525794631094,11.920033996800301,9.302412290607942,13.004273715415021,15.891249239890545,17.350347382380953,22.879385536823424,25.999093026538677,25.1455881491938,24.4163262751741,22.281252308518518,19.563749586947324,20.919857290742385,19.91852551984877,20.663985664776305,22.008912337662338,21.258094932241672,20.473057291666667,20.358694993412385,20.42451091338933,20.85633131587615,20.3120516459132,19.84580577922078,20.790396574000003,23.100828941333337,27.180389184659372,27.272686943346507,1.494405937088274,4.507693268497331,4.793441517578532,6.089713402137315,3.2507584157197997,2.9881821349734676,-0.6331812241200828,4.005546536796537,4.7536831357048746,4.291336260788901,4.8378798425462595,4.075149547422274,5.909970826275175,6.2692707509881425,8.381563065869663,8.511895793946708,8.488963820654119,8.572024927638962,8.334316922208227,9.987376543209878,10.757643745143744,10.807765752765752,10.37261914991121,11.007000963803813,10.85062582345191,10.398277565762573,14.470469366991146,13.771478462157809,15.071837956021989,12.743833684074316,12.180836139169472,14.903276652393501,15.722797126096816,25.575886408948005,24.418360036702428,24.70656163080076,21.00985088798365,27.04342657670747
91,3.2440262187088273,2.9140248100488377,4.076860217077608,7.226865717451191,5.3051789594821,6.6355748835403725,6.790838459114924,7.239408611809797,6.214781425175329,5.732478695652174,6.502242013496769,6.1176502669717765,5.896813911425467,7.302710131135731,7.981300343701667,7.258339210427254,8.657915513833991,8.16205328771825,8.600790487830247,9.082955948683821,9.075105751811593,8.33859534914361,9.601144164759726,9.457014720786459,9.32845747714378,11.536883850583125,9.409440770280444,11.114237098171694,10.7074521029829,11.453794723731884,9.804078314197879,11.983041596085075,9.383896386222473,13.303966360975357,16.078623731341125,17.516718395238097,23.10864598364598,26.216595672316494,25.258634310265123,24.67742608695652,22.54777892777778,19.673492603746226,21.207062080431644,19.923961734547746,20.608084507647362,22.327403041805216,21.646252035102577,20.580971564440993,20.492369345630213,20.783465140535792,20.791617671277997,20.364221920289857,20.05604855072464,21.019404856,23.186219054,27.20004929508035,27.268996330698286,1.4863877388010542,4.555178012967201,5.017391835567179,6.117466101229688,3.0231291904552773,3.032353764628381,-0.5732520703933748,4.007533408620366,4.74462215320911,4.323660714285714,4.849146757789936,4.095533147682357,5.918865072125941,6.278782953761215,8.402320852560733,8.576638850280155,8.482529358581377,8.599681470792582,8.348457118063097,10.080781242375444,10.777305574859923,10.847336163568048,10.315561768099576,11.0691309548575,10.784041165873463,10.263285629912316,14.621012357660456,13.707185235507247,15.076198463268366,12.738901785714287,12.245867491338505,14.94575030193237,15.73806750961254,25.6537232225638,24.476062370600413,24.71645866881374,20.934633673133284,27.024017085973608
92,3.281289192546584,3.0413251774922254,4.168908248411354,7.156001850806199,5.417254628523651,6.590880952380952,6.94046200005133,7.460180390339844,6.311700757575757,5.729347786561265,6.589812236024844,6.118038875598086,6.111347960608493,7.475504900275427,8.184347432262129,7.3639842555994734,8.846169324170559,8.304383116883116,8.69725438596491,9.32213733939592,9.270019323671498,8.568516666666667,9.79572177726926,9.751939799331105,9.42996723830598,11.728583321134046,9.64423466026727,11.332109257871064,10.868584628200571,11.53884872159091,10.08228566919192,12.079881137237503,9.57330368906456,13.077493639543865,16.207104777938113,17.620980863809525,23.10090084518656,26.825444664031618,25.48162738957558,25.03246772068511,22.645564861851852,19.708627473716756,21.392834960070985,19.71429584120983,20.691873503465658,22.489738173046998,21.850893196481405,20.71280070846273,20.622579365079364,21.003279432523996,20.951197240259738,20.602561802232852,20.18406391774892,21.269530491599998,23.578863637999998,27.26022135731763,27.288761236589497,1.4827864377470354,4.997720303723736,5.433414378337147,6.311077539107431,3.3737523148148147,3.065497282098818,-0.512999463989067,4.0465273856578206,4.723151515151515,4.377775032938077,4.892531276227914,4.118860791711582,5.91963102686787,6.275725296442688,8.416398537744115,8.643624129493695,8.483432601880878,8.612960261692146,8.299103153187392,10.074618406285072,10.787283368805108,10.857366452656308,10.252214032029723,10.827194130207623,10.770675112930547,10.214562605061106,14.67913989859778,13.680896739130434,15.10412116263297,12.724401138716356,12.253898691887823,14.979324494949495,15.782491647844909,25.63480042214514,24.45259538598048,24.71040085116172,21.0141047901374,27.155660010279576
93,3.3478576620404765,3.153206071198062,4.317783984476531,7.36412325114499,5.528210076960077,6.898996376811594,7.2369546684458275,7.5942851025785805,6.49425884827208,5.962770553359684,6.716957428634167,6.333122703002566,6.430413016029863,7.715418051001238,8.455189243569915,7.581731739130435,9.264631944060552,8.583176054018445,8.966728676929478,9.531864480866195,9.497536815162494,8.82450090909091,10.107127192982455,10.216438437468328,9.806490248382302,12.06346699918439,10.000996835591945,11.77180368338558,11.09897255770263,11.757964488636363,10.37820808433716,12.497202380952382,9.692398550724638,13.472747798178832,16.396624178290843,17.81942382857143,23.324842774638462,26.15644169948681,25.452135074542003,25.057462510030017,22.64999999925926,19.77826448267054,21.677755270092227,19.973320158102766,20.897466696740562,22.618750664540137,22.057716102423093,20.80831534090909,20.763828502415457,21.127964703856748,21.224597537878786,20.831548758259284,20.37242317193676,21.4459953872,23.710328282,27.27417307502711,27.32144203712954,1.5392777173913044,5.3035423947715135,5.731887932528951,6.500136876006441,3.8236983409610987,3.0653846705036636,-0.4666941229060794,4.117938311688311,4.770196216826651,4.390929520358868,4.995026918359002,4.182558539944903,5.96322762382545,6.277123847167326,8.434064785788923,8.630200415526502,8.501375627121504,8.64421387790953,8.368599184330163,10.096638486312399,10.788946108239587,10.809650246425608,9.967052783478058,10.821870882740448,10.713796768707482,10.072703421016763,14.628925012939959,13.597100694444444,15.062133490073146,12.68309659679089,12.202287848021543,14.95983436853002,15.805396550912857,25.709268539431584,24.549134199134198,24.757938442394966,21.12167913608131,27.182940610114525
94,3.3923334999058916,3.2787767139052817,4.41172835273767,7.563816150636804,5.664232573317718,7.005375576416337,7.4485277403755665,7.619729686822313,6.557141664416239,6.020496772068511,6.815819275362319,6.439929492704093,6.462388050964187,7.908640642298468,8.382726506558972,7.742391777269261,9.260603503983939,8.789306818181817,9.265125728104849,9.931105166572559,9.688565752635046,8.890812222222221,10.238383173843701,10.442384032634031,9.900400509972288,12.348712353869962,10.180077979215401,11.844202069419834,11.245150612404235,12.022021852355072,10.44297372502196,12.92897493453049,9.698662714097498,14.622062489061916,16.60193519656435,18.033160017142855,23.50336453487851,26.163004266265137,25.504717245878588,25.236028656126482,22.827894745357145,20.19052500941088,21.900922895838175,20.1701581027668,21.156814542263028,22.827175407456206,22.49517244773833,21.037211243872548,20.94931598594642,21.35164693126921,21.3416553442029,21.067162280701755,20.660633201942986,21.6302727276,23.709534070666667,27.233912455298327,27.345382021058654,1.5424268245341615,5.074384259259259,5.88341533180778,6.6473579597737205,3.438522911579969,3.100050724637681,-0.3903538581301739,4.185621605361512,4.78369904285825,4.2599523236217385,5.014446640316206,4.198771858905258,5.9838342626100065,6.342630058347449,8.452846141864132,8.645559060504713,8.543881301327945,8.660362161992596,8.412824351039884,10.193176938466795,10.775275720656156,10.773614160933002,10.011407553798858,10.84718144174666,10.674091614906832,10.045264867566218,14.641369147609637,13.565897493961351,15.068528985507246,12.641375711697723,12.17894640504423,15.002647005772005,15.734620054335442,25.729114444690918,24.615667054865423,24.819471282877082,21.235845449840014,27.286630735930736
95,3.4097656766421984,3.2135569903018415,4.363197463768116,7.69854016876843,5.727533889620846,6.841679467814794,7.339901512484465,7.679899680030116,6.689824181253528,6.019397523056654,6.793825329067069,6.565255501714553,6.6166529829184295,7.965401987318029,8.488639879417999,7.927133423050379,9.603184954785005,9.119011775362319,9.42543106884058,10.06473500225189,9.937118124176548,9.355273412384717,10.577258771929825,10.53104880355152,10.137376383236953,12.56258665938195,10.325938925570227,12.072630042121796,11.475520444263198,12.367070425724638,10.635226295368279,13.252282558280228,9.828813852813854,14.34813372534512,16.841612989801394,18.182178116190478,23.63770827171448,26.42761230315578,25.645572656314698,25.53237507801123,23.19226187142857,20.200557594579333,21.86451863354037,20.131478605935126,21.317121787749556,22.687232713891753,22.16684723566377,20.85278046928916,20.92380952380952,21.31714015151515,20.982350866977225,20.988680830039524,20.577440078037906,21.593289855600002,23.410385092666665,27.242315782044038,27.39059466529847,1.557569071146245,5.173918807641633,6.020071605644546,6.694638394817742,3.92150606884058,3.109862524772755,-0.33118439117068604,4.243491200828157,4.791375291375291,4.314934983806798,5.025050964777352,4.252605401844533,5.992319884539564,6.384405985319029,8.479243775241565,8.629421936758893,8.573566057880152,8.713983502160467,8.476343531468531,10.31422192943932,10.828534599458512,10.818274097078445,10.084654607102623,11.01036029188203,10.717543558925547,10.037263754486393,14.724979811230748,13.593220932147561,15.087080079278543,12.64252867965368,12.110092213589981,15.026887077294687,15.726203416149067,25.708644480519478,24.530124517692453,24.860359431675857,21.3190451542936,27.296739020455576
96,3.444365164690382,3.290863150960405,4.3941401421215085,7.831757203803788,5.798352835637257,6.9385422901373985,7.392727007840644,7.801709094727999,6.723288988280979,6.176261739130434,6.806307489601901,6.621244296512031,6.538606972938495,7.973287384878989,8.423948795612075,7.971108260869565,9.545166676291428,9.300960144927537,9.582166757246377,10.212640772465111,10.016238197189283,9.441171666666667,10.764871746794697,10.456468506131548,10.22493215892054,12.891048963583385,10.370257756132755,12.339241935850257,11.687252012882448,12.56703409090909,10.801850507207165,13.548752722432848,10.174909749670618,14.232481080888128,17.020410701398497,18.357619455238098,23.703335450781104,26.508722092262463,25.73612568156907,25.62218124568668,23.18596002714286,20.141249226963513,21.808176877470352,20.08345741372679,21.113781409928926,22.535246669594493,21.96285162015711,20.848550621728954,20.871851119894597,21.12044466403162,20.67988331202046,21.072755928853756,20.6158131270903,21.5404284588,23.023696969333333,27.245983201581026,27.451387308153326,1.5732386363636364,5.075536582167832,6.185336034833461,6.900196057800225,4.123764589000816,3.134184735554301,-0.26499034600665033,4.288492259552042,4.816557717644674,4.3562248540801365,5.0447186633955745,4.319243643379019,6.032782760717543,6.401104743083003,8.510563375547848,8.639549128407824,8.598247872816838,8.730377620232693,8.468534358810414,10.28619973022147,10.825038330169404,10.843528469651657,10.008387125062027,10.943576680910882,10.753505199510633,10.074434600881377,14.755939206533096,13.60199404761905,15.064679597701149,12.682607184029738,12.07713646393652,15.065725186649098,15.839874011857706,25.807211817972686,24.534460286090717,24.98531798314407,21.331428479000294,27.248544824740478
97,3.5088263269834665,3.4071557742911467,4.505248133509004,8.002458647742245,5.96971202361782,7.143990308298273,7.568646204142424,7.980490074106903,6.840084607893681,6.354883421052632,6.854909262187089,6.8404803064974695,6.737685245310246,8.120282983508245,8.542412950392393,7.977319767353166,9.67556131722362,9.387349750364052,9.805354333524027,10.402782308723884,10.091693689613527,9.461399305555556,11.088742572965595,10.81873299888517,10.520468245044144,13.208139102376421,10.620272829616036,12.49247363818091,11.785927048260382,12.702184103260869,11.004342980464584,13.59301032171762,9.957474120082816,14.580170560652688,17.189013151932677,18.441053716666666,23.922306488801052,26.51512249827467,25.78543174320188,25.356733964357534,23.1412851725,20.416196146871,21.720840143837854,20.252567737870194,21.290669155202504,22.580493761577856,22.066173469849222,20.89402238783099,20.8586397152301,21.181916739724805,20.64455551242236,21.079026614832536,20.654645968352778,21.48644154692308,22.756540404666666,27.256642179807226,27.472462349244957,1.6203682065217393,5.454308346273292,6.289315975149544,7.12016538704854,4.179809751586685,3.153093858221466,-0.20333341807845587,4.303512190449302,4.90382880372869,4.355763374293714,5.122216565162395,4.397643745547843,6.110990965556183,6.418123809523809,8.533125470543949,8.675293275565014,8.622681516384665,8.737835567545712,8.504096654251546,10.483816337983004,10.933790575366661,10.910409652076318,10.183576298827113,10.922986671000164,10.808528726708074,10.132372450138568,14.801782853703019,13.64623263888889,15.05064823838081,12.702537267080745,12.051832236377752,15.090508540372669,15.82000475585491,25.69314116611981,24.518727884434405,25.014440296686672,21.383967727407168,27.148660455486542
98,3.5694662806245687,3.4912646283809967,4.605620625061619,8.27836174373131,6.144964707461084,7.4193080112721415,7.779008137777901,7.833299429403549,6.987559847052758,6.387261468855218,7.040222230378317,7.034397233201581,6.876612945406996,8.216025917962073,8.720112292244618,7.974404288537549,9.770628293807642,9.45547578184592,9.990395239581167,10.606055577122152,10.096107121290546,9.297948822463768,11.245674103737604,11.063700668896322,10.568730624947266,13.369396043771044,10.579953703703703,12.294660982008995,11.784260601180891,12.685504076086957,11.145440890269152,13.395347620533547,9.892623188405798,14.590528370439085,17.45150329742721,18.48678560238095,23.952089371980676,26.39967454043541,25.77643872650995,25.316450856389988,23.14264086107143,20.470910694244026,21.815597826086957,20.279465973534972,21.276231919348767,22.56418862538428,22.281737333812433,20.934148954814574,20.96487591083864,21.20281331521739,20.521025815217392,20.95519736842105,20.633955,21.54421126,22.80158249133333,27.264791666666667,27.430044451115243,1.719349594341585,5.564288858695653,6.508908413848631,7.1702915934709415,4.394488122219424,3.1793792960662524,-0.13869627272296708,4.313905223780796,4.913718708827404,4.383600650973214,5.119078053158022,4.466707839262187,6.115380832935181,6.475400903444381,8.547359432392284,8.694601413079674,8.651870858828959,8.745354419572573,8.493264570812483,10.527218614718615,10.94575422978556,10.936015916450698,10.320835215509128,10.906581649458202,10.927500476735316,10.1130281450184,14.849434561128527,13.694931712309431,15.061220702148926,12.73606204710145,11.961237749447605,15.061461904761904,15.83118530020704,25.658133556159985,24.479868491680083,24.979463806456558,21.47833019077196,27.087359651218346
99,3.658434992471297,3.655633234519104,4.689512359621055,8.425209538822116,6.281540782218319,7.621571743667823,7.927039960420967,8.203740563075865,7.16785097668557,6.567494676455632,7.137818326745718,7.220551132029678,7.094160698600916,8.281324036033931,9.028361022798878,7.997567839262188,9.92499008863337,9.472875234033701,10.202734649122807,10.717824657679277,10.151121935582534,9.575081317523056,11.284784515636918,11.266486742424242,10.762121410885467,13.570743125701458,10.671014900558378,12.328114891417927,11.916337560386474,12.817722445240449,11.326420173160173,13.59662031808771,10.084382740447957,14.774784642117718,17.60035345089693,18.638980644285716,23.98048583662714,26.46110170023214,25.823159431800086,25.428833333333333,23.301018727857144,20.579833306840523,21.780704463109352,20.39528126253079,21.348649718529163,22.702963182888812,22.002854871971127,21.057053061182476,21.27167207792208,21.35330211038961,20.761783008658007,21.049013586956523,20.734199238261738,21.863815622307694,23.297744133571427,27.210022025938173,27.384704958487564,1.748839741398952,5.703992440711462,6.7709550120772946,7.354275763588264,4.471572940503433,3.2029567099567102,-0.09861246204960761,4.325833450969321,4.95383446263881,4.487696817175827,5.118497082627518,4.4724838945639345,6.117535363187537,6.487432065217391,8.562944096133752,8.721594528659747,8.70366804231574,8.780000662247039,8.442887972534711,10.567858504958046,11.012579449535972,11.025734392419176,10.254694829735136,10.998309150735393,11.011960034013606,10.172577347689792,14.924129681101007,13.788469202898549,15.163959127579067,12.751796066252586,11.92290069779925,14.946435535479013,15.780888689467883,25.728133387010196,24.49133850583126,25.00760015615088,21.446646903820813,27.12279921165791
100,3.7195657014572006,3.834743547515287,4.793541522889349,8.668624970198882,6.480340256429025,7.662335559703314,8.220910725430176,8.512461407212825,7.43022897902072,6.744097229084321,7.3080016774148815,7.497250906416238,7.32281590752243,8.478054674773002,9.145889986824768,8.145630441370225,10.239167115822253,9.73407427536232,10.269070938215103,10.848883878996263,10.364171014492753,9.767582786561265,11.38421052631579,11.277415064102566,10.808648389578279,13.689775554021931,10.924505656983918,12.72775687156422,12.01463920432761,13.00802408596838,11.497542329192548,13.823430735930737,10.544907867494823,14.504770828871278,17.65744749078082,18.787321725714285,23.59708721532091,26.473067632850242,25.81532795407491,25.334319385420073,23.24046963642857,20.53265235901201,21.724632685089848,20.28985677532742,21.305223171152516,23.21683454417436,21.797554140549863,21.511505918560605,21.55151515151515,21.481700603617078,21.639772727272724,21.393565217391306,20.88607605347551,21.944813731153847,23.77400770857143,27.21968755881799,27.42591459685421,1.8044983964357535,6.244322488471672,7.093189393939394,7.669498691626409,5.124548211932995,3.233762469414643,-0.04629367690058478,4.322432594579333,4.987125635234332,4.5557668406056715,5.122264417130489,4.474237825744743,6.1425121646088465,6.497085725265073,8.589535913861251,8.765899589540894,8.707618011596844,8.784326355340848,8.502091346153845,10.61753721424774,11.04141637348159,11.10340813239364,10.192756617558988,10.979711772372772,11.063647539055149,10.100828481862965,15.003398516650766,13.804193409247757,15.178760467980297,12.77212383739381,11.939651185770751,14.801571993224167,15.70749458874459,25.735841123449816,24.57567260771971,24.986146053356197,21.45801612479816,27.163638625866888
101,3.7945055759457933,4.030551608214652,4.896884550921818,8.76543631187653,6.628327160493827,7.8525777643585615,8.566252870318088,8.916755039450319,7.5007244651483775,6.985931029040405,7.439431332580463,7.555469294530792,7.499474319503823,8.567354534583357,9.276560335497836,8.314511161616162,10.647227025691699,9.979347308488613,10.345574838776784,11.082157462490926,10.576270984299518,10.026231067193676,11.847478070175438,11.476647435897435,11.025751611229989,13.859622555785599,11.093440619967794,12.91771747648903,12.023318232492146,13.2764296875,11.566945476190476,13.964716430050279,10.539719696969696,14.199450193734302,17.738783870450536,18.901761264761905,23.48455582137161,26.20066301883072,25.68865475531715,25.118691699604742,23.12575976035714,20.240847735339194,21.94402958152958,20.515898111550285,21.58075250172533,23.474940619967796,22.153864734299514,21.7577310210587,21.804384057971014,21.732726794340927,21.725844332298134,21.591647644927537,21.124028846153845,22.099888939615386,23.904305948571427,27.262836438923397,27.501107893984706,1.8264593885281386,6.467628522544284,7.354810640732266,8.022611458790806,5.3057710403726706,3.225517692452475,0.04145559318295843,4.354274068322981,4.932854131375871,4.500574566612797,5.2104858643061975,4.542893610013175,6.204436739842919,6.5600144927536235,8.616166689382581,8.768730182860619,8.757102922820886,8.812925005751092,8.52964130977718,10.661905252627983,11.030882113410886,11.045391318289868,10.245780397139093,11.205977084509694,11.030603002070393,10.048802303393758,15.039885744627686,13.752289186507937,15.256870428422152,12.761722890786748,11.86237903726708,14.822214285714285,15.66759891247469,25.689938653106083,24.557001388976026,24.97608695652174,21.556943464144553,27.138276397515526
102,3.864556152832675,4.195569085757873,5.050447128785638,8.929621212121212,6.7681440936277895,8.175600308641975,8.786801617307288,9.00665561014285,7.7059674894093835,7.120838623188406,7.698113306041785,7.695873806304298,7.602766186299081,8.729403015213173,9.421251729249011,8.411076414141414,11.084636832370528,10.4346994400527,10.492802830940988,11.34773401326934,10.729699810606062,10.232195234113712,12.080336575133487,11.921317307692307,11.3095967754759,14.097595117845117,11.3422602142892,13.15218911972585,12.29726384032634,13.61680606678195,11.78384095238095,14.282819976076555,10.543505072463768,14.929714634024979,17.822850921220486,19.13595787095238,23.607069264069263,25.96221532091097,25.61664683982684,25.166634030728996,23.246370341785713,20.495404271548434,22.133615136876006,20.583709866522366,21.639583813960364,23.366476880607316,22.4758281573499,21.74686185515873,21.889591567852438,21.876361307171088,21.677418154761902,21.85929089026915,21.278821253927234,22.248186083846154,24.107388715714286,27.318078970718723,27.508266944810423,1.868053623188406,6.642666739862392,7.4437109510436175,8.113702495974234,5.390082891414141,3.2117929755218086,0.11568164662933682,4.411638652496572,4.970866930171278,4.5168960974058425,5.322641986636552,4.587785855448899,6.250160437388699,6.6189881422924906,8.649057127280516,8.77542626138164,8.795552530040515,8.836767607057462,8.599247615609029,10.775414358433046,11.037275951737051,11.08417011732229,10.25605643533015,11.19942417184265,10.993078886693016,10.012831571227373,15.0029486863711,13.717909118357488,15.196787225705329,12.73593162408244,11.699466133943696,14.91251138716356,15.70118400621118,25.689145636971723,24.487406065485775,24.967785040940072,21.62903796418289,27.136572304507087
103,3.952584541840692,4.25265977443609,5.192814009661835,9.160852272727272,6.952790803131382,8.304819578636607,8.78652433735137,8.957770897816738,8.009200310559006,7.214948333333333,7.629452463768116,7.78832363393662,7.883888580146016,8.949732571214394,9.560036329201102,8.785019285714286,11.392210317460318,10.88614760963674,10.645519736842104,11.515933035714285,10.947074975296443,10.288366987179488,12.308845693779904,12.249898899108139,11.692192301576485,14.427464371980678,11.64072402771678,13.59790773809524,12.712043269230769,13.916069633152174,11.895061014492754,14.883490461401951,10.838111989459815,16.195364817591205,18.01167471819646,19.426725923333333,23.810928030303028,26.24577922077922,25.657432079804252,25.587580874741203,23.46689345214286,20.701995397961557,22.32012199418035,20.774492694805193,21.858053287981857,23.472935645272603,22.761303488571915,22.102892161620083,22.097473649538866,22.041797619047617,22.17723464262187,22.05482349000206,21.39996065800142,22.304608615,24.467352483571428,27.323102139406483,27.57468394870025,1.9557202252791068,6.9459240136876,7.811581235697941,8.304821500460086,5.474237000128018,3.262396725014116,0.22151130293317792,4.50103437323546,5.0834499341238475,4.569145297481129,5.377766630367562,4.620380434782609,6.33100233100233,6.669375305853566,8.658758389943783,8.801619485586876,8.815344202898551,8.847016664226809,8.611494694616978,10.745755643133599,11.00977987954075,11.11215920418819,10.209887403786144,11.205465367965369,11.014049358821955,9.983748199429696,15.11067052485662,13.7340119263285,15.298681556948798,12.670069982489043,11.79654329004329,14.919500000000001,15.925395256916996,25.70791396103896,24.399884594739667,24.968201337041915,21.67312313960865,27.132912359379752
104,4.0221611737580405,4.383765998494259,5.3720779220779225,9.49530220685112,7.046751766349592,8.571976125994242,9.203821805006587,9.219138285706101,8.255599472990777,7.574087206851121,8.009445495012233,8.165082774871962,8.16617891319207,9.246134784880287,10.088711544795784,8.958654736495388,11.897401224982746,11.324002636490764,10.908857456140352,11.797801630434781,11.236033535079052,10.607604603729603,12.693406702898551,12.646158653846154,12.135472852859285,14.80537419484702,11.882331790123455,13.875603778467909,12.743251672240802,14.07641287878788,12.131373462262374,15.157110507246376,11.067421212121213,16.264224584136503,18.18755846944253,19.76715367952381,24.038937620350662,26.504621301748628,25.84795572815438,25.740347204968945,23.72653884642857,20.962416870569044,22.505040702051573,21.04317848516218,21.89002882865926,23.264344819833948,22.733697724936157,22.23964441287879,22.160126262626264,22.14805888297348,21.96495952168746,22.166054253717295,21.55611267898768,22.384132714615383,24.269480085714285,27.324779807838816,27.62366990034925,2.050599431818182,7.202705744034549,8.149543062200957,8.626325620333773,5.962578506673382,3.3177261434217957,0.37291508522983,4.592152167190988,5.1302391304347825,4.6859556661699715,5.490859397118531,4.665898610612049,6.402690787473396,6.728945887445888,8.68351814352564,8.77932276057276,8.812425324675326,8.887268300674098,8.640992579883884,10.712285902503295,11.040062864671562,11.123271604938271,10.204240974336669,11.228680325885295,11.004491341991342,9.890358229975922,15.219383579043813,13.716733630952382,15.387075067174205,12.686633669772258,11.855662836280757,14.8605,15.929355755623872,25.68863672559325,24.384051811044564,24.95894404709622,21.771983551874857,27.14317038320185
105,4.100353020168237,4.502784741002705,5.555840234644582,9.930797101449276,7.301348776223776,9.030948403113259,9.477154150197629,9.47158611465724,8.499125708884689,7.825772424242424,8.370138313570488,8.597097630439736,8.45833014147688,9.478201149425288,10.463485252724878,9.133889242424242,12.455688553682343,11.721605605285593,11.293778508771931,12.155904697204969,11.497703426932368,10.893331540741867,13.10423822463768,13.035048564659977,12.44494896301849,15.129599306557639,12.114258545600936,13.995559172582077,12.920744178828418,14.307485620471015,12.46791387379227,15.354092359934752,11.21698115942029,16.43693403966466,18.35343470941297,20.028655003333334,24.233492494824016,26.859136395005958,26.044823787878787,25.896516806722687,23.822928077142855,21.314571441144665,22.54711572244181,21.191364734299516,21.796483962293745,22.636510955831607,22.36806489823976,21.873003333163798,21.954565217391302,22.019058402346445,21.37453125,21.7776828847481,21.313046822742475,22.362906447307694,23.703724859285717,27.365983593700985,27.607711454608193,2.1157896245059287,7.135731280193236,8.165309973302822,8.732145174571805,6.331052083333334,3.3453993035949554,0.5376080368906456,4.658470732166385,5.236801242236024,4.733521483692291,5.484625824247943,4.7810478799856275,6.481293706293707,6.821104743083003,8.72909705861355,8.825588813360552,8.868331176673568,8.910969794153937,8.620777742728286,10.816271932576282,11.123066579492209,11.145466134777728,10.13988507808328,11.030583592132505,10.968173583662715,9.857695665154436,15.294063932319553,13.737673611111111,15.41419396551724,12.642394345238097,11.910101645335342,14.847565217391304,16.014276477682273,25.618967988533203,24.457414741056045,24.940912315006518,21.86595501251298,27.23589355914871
106,4.159928092740593,4.521757382586902,5.659014837819186,10.085200592885375,7.463408559737364,9.036126262626263,9.679495433677854,9.52844348125524,8.63294315795001,7.762603333333333,8.621731337038248,8.904650076277651,8.481145976572448,9.672071430193993,10.562135966882261,9.323698299888518,12.671771492006412,12.016547293588054,11.65812356979405,12.391633793290042,11.59248180857488,10.90796314102564,13.12094060559006,13.216909280936456,12.45701903523267,15.37344416225566,12.283293490460157,14.171866071428571,13.034603438228439,14.227199337121212,12.593004727006084,15.100557342502217,11.158345454545454,15.945411547473016,18.441182476943347,20.017577984761903,24.180783008658008,26.929347041847038,26.078846258234517,25.764085251491903,23.46795491111111,21.015184328342222,22.310873924668684,21.09379391743522,21.948746745404353,22.50737955381977,22.087096601830286,21.790836850845412,21.804053579270967,21.85119366804693,21.27951690821256,21.87154655472202,21.596314347826087,22.425659141923077,23.918686868,27.394470324361627,27.55337052373284,2.2300244812252967,7.211800579322638,8.332761536994662,8.850880032206119,6.784429800724638,3.3881159420289855,0.643444563785301,4.7203665537361195,5.423535649133475,4.72223094969213,5.53435327095265,4.85008608815427,6.5451560215147175,6.875123188405797,8.742612784516833,8.867290716529848,8.866470292992032,8.921471007521731,8.639789848738218,10.893845198011865,11.187917391304348,11.232093188614929,10.196215202261852,11.206494094673443,10.951354107848672,9.821152946254147,15.386662168915542,13.772665307971016,15.432239153150698,12.617613742236026,11.780825784463984,14.756025974025974,15.885246094485225,25.638315217391305,24.498299888517277,24.976552219921786,21.815167026296685,27.294616524779567
107,4.19275293637522,4.676914569031274,5.7272772086436685,10.111568722943723,7.639962298570994,9.142912808641976,9.764074174093077,9.599322778827977,8.802391698172652,7.803555952380952,8.583422962544702,8.94230469454268,8.697294733044734,9.861060748035074,10.517111719966463,9.456684815184817,12.836345928226361,12.085133048158934,12.065326350461133,12.689046942640692,11.708015290717737,11.182367882117884,13.36570742753623,13.464312748525982,12.76455960283791,15.563241301907969,12.43176966873706,14.27171713201037,13.267670478019424,14.213177793560607,12.685659463990591,15.350444580005915,10.936312878787879,15.654990280833609,18.491519752389316,19.934708326190474,24.159512445887444,26.98056395812607,26.10454744142966,25.696490683229815,23.638262085357145,20.985727889260495,22.406024823332135,21.089107103645144,21.989922554347825,22.570155875779445,22.42596880907372,22.02339493782938,21.7770202020202,21.892068495514145,21.421388888888888,22.05380555032729,21.88388696969697,22.436188244615384,23.908333332666665,27.37128785638102,27.584398355536038,2.345909632034632,7.473696969696969,8.390151116427432,8.978174143087186,6.926544128787879,3.468831419787941,0.7299185429606626,4.762883493318276,5.477917915417915,4.81895180656425,5.639350218018697,4.9376581027667985,6.6066696528109565,6.92309929963248,8.79209274421231,8.914997959706197,8.91561056214317,8.958392290747364,8.694676150841913,11.116194989926873,11.326964005864463,11.267058751768896,10.32452479338843,11.325695816864295,11.072203142490613,9.878252649990793,15.497997166189633,13.874310770750988,15.513315387760667,12.616643364658117,11.876513645774514,14.759954451345754,15.883780734833978,25.657260945576162,24.573791045910607,25.10027887571366,21.993058513759312,27.355728782087475
108,4.263125837025293,4.841229320831724,5.798858559442084,10.080213589607999,7.770462135690396,9.118375416250416,9.849347826086957,9.631850528968926,8.82229404495945,7.935926769788183,8.672157174854132,8.972984146383746,8.720514602547212,10.030934907546227,10.69724794885615,9.366375696767001,12.90714001595368,12.03022357964925,12.21358695652174,12.788204365079366,11.979796304347825,11.303506182223574,13.495638257575758,13.362911858974359,12.781159051697093,15.607747920021472,12.660663421656174,14.404031864194355,13.185429716117216,14.303705373317806,12.901991048881674,15.320297921540158,11.388544492753622,15.465270915678525,18.53739090351409,20.021328571904764,24.160370435723696,26.835499067874842,26.092983314511574,25.374305261465583,23.543377513571425,20.839678491798058,22.59293627979399,21.20792297979798,22.014815307971013,22.840267569006127,22.79357315389924,22.133973958333332,21.79155505952381,21.944117252066118,21.404203869047617,22.019345238095237,22.00144764069264,22.49708525153846,23.999384057333334,27.325345065562455,27.61523701821528,2.415495643939394,7.926981092436974,8.524704315135665,9.094407535499927,6.711866666666667,3.4848860840779,0.8448177644064873,4.7924049165120595,5.56824716949717,4.868306836841319,5.70698738526511,5.077462121212121,6.7123563936063935,6.9697266139657446,8.827947369659325,8.957465034965036,8.948829365079366,9.011686371726418,8.720953645991688,11.220301444395647,11.350736024844721,11.372087908066169,10.487982628372945,11.294323593073594,11.098027210884354,9.844563026928093,15.597400657625732,13.94221433080808,15.65959195402299,12.638511710662526,11.855090556182947,14.75872261042098,15.937675865800866,25.692781603408033,24.613616817964644,25.13090436804205,22.0982274435173,27.332678147939017
109,4.327557198236546,4.907728754940711,5.99497380638685,10.279960772187662,7.880282203303943,8.75686310157234,9.97549790710235,9.73204494478951,8.9890761394665,8.139759090909092,8.772168056653491,9.169484104282445,8.88069493480077,10.1606230009995,11.05112622769194,9.585639437745701,13.122711604683195,12.109683503836317,12.326476539855074,12.89342222888826,12.092901449275361,11.261917154403566,13.731403079710145,13.552356915729199,12.979513760049475,15.74642907944176,13.170815476190478,14.713076933124347,13.242852557768318,14.405756453804347,12.881801932367148,15.422864318652362,11.943419407114625,15.80403520845097,18.654141745264933,20.184395676190476,24.193778101930274,26.641298858146683,25.990273905069,25.491785902503292,23.807596344285713,21.08750739426205,22.761155527608096,21.33617149758454,22.146911956521738,22.89749540600513,23.010015702448705,21.91950093667655,21.789703351449276,21.9567358815427,21.16793120709382,22.02182498603306,21.969183484848486,22.591263174999998,24.060681818,27.36839826839827,27.675252909530084,2.5048323122529643,8.183846966037184,8.88567772692601,9.225207628824476,6.785679273715415,3.5180876152832674,1.001584070859827,4.847559641445511,5.565593645484951,4.894259389444034,5.718083592132506,5.1120927656006705,6.763290332855551,7.004667701863354,8.850860507246377,9.026926877470355,8.982810166886253,9.015848268746819,8.819193720229046,11.374899443015385,11.36327029926595,11.406189918508758,10.287654958677685,11.366219297007342,11.066389381839693,9.886145482453578,15.733555954977058,14.040629528985507,15.778780234882559,12.698827251552796,11.983981021394063,14.781387634105027,15.891097308488613,25.674415032431337,24.594473244147157,25.10449543746645,22.250563607085343,27.355353704266747
110,4.387418860178611,5.007360836627141,6.075138026224983,10.446488957902002,8.152166296279997,9.182681335403727,10.21255175983437,9.958165577176446,9.248210194027774,8.363941594202899,8.978491185770752,9.31008466819222,9.0829518588137,10.359824712643677,11.125566664313947,9.744193703226598,13.449086117028559,12.269154220779221,12.482961742424243,13.203675074278722,12.172970289855073,11.439946336272422,14.029454545454545,13.853014841137126,13.305815768252238,15.913065996402953,13.175459694425275,14.92678161487438,13.615053651059087,14.654606770833333,13.171629661835748,15.821886175418785,11.82341361283644,16.49422877846791,18.784448348216465,20.31534881142857,24.417252493882927,26.591992753623188,25.943646424974716,25.61522463768116,23.870936265714285,21.333950530146183,22.791486255839022,21.39488224637681,22.232704891304348,23.16193229158332,23.06287060450577,21.955549290458936,21.869460227272725,22.159365365612647,21.190665584415584,22.291733013363448,22.09078867494824,22.839039221538464,24.046666666666667,27.372773094745142,27.70346112087054,2.6126526515151514,8.310689814814815,8.987279704944179,9.297816580661689,7.015205253623188,3.5561969696969697,1.1714476417564792,4.917145445134575,5.631941699604743,5.081349382127118,5.987210111317254,5.136800065876153,6.76145313020313,7.022314417466592,8.87606460568417,9.018966631194893,9.004820487483531,9.065153955009027,8.905468587571848,11.44748337411381,11.366934782608697,11.39238032498902,10.192151006108515,11.43767963707222,11.023624835309619,10.006013957307061,15.900842047320495,14.088987016908213,15.91966091954023,12.761452380952381,11.917051242236026,14.728542036910458,15.993271221532092,25.647052042160738,24.584165834165837,25.122483896940416,22.325590445517978,27.481717829272178
111,4.460416835828281,5.294559127999025,6.33078231292517,10.71295351473923,8.363231913919414,9.78465,10.665524097305761,10.210110034656584,9.398434009279946,8.461965777338603,9.12794827686806,9.576177033492822,9.268432444335476,10.597482258870565,11.38695026350461,10.135355769230769,13.907590182956044,12.629838138095394,12.651665670289855,13.480749214359658,12.490450000000001,11.73596955128205,14.529369047619047,14.20936914715719,13.769074025487257,16.143845377515667,13.520158548040795,15.363491759801915,13.977945512820513,15.07437749094203,13.467855362318842,16.35779909790003,11.859878787878788,16.690872035573122,18.958396595353115,20.401529675714283,24.496089138134593,26.61181603076013,26.135713905357928,25.76557062617017,24.028698672500003,21.586254234895538,22.964634986225892,21.703993055555554,22.323848907217695,23.610165353222627,23.35745392892132,22.306307933272947,22.04776947463768,22.59197159090909,21.863541666666666,22.53278911564626,22.393489071146245,23.079760909615384,24.67212560333333,27.368820861678003,27.77864657444005,2.7322748106060604,8.353881944444446,9.232706807780321,9.45820660800552,7.270502083333334,3.5973687182382834,1.2713391706924315,4.972887845849803,5.711426978818283,5.164180409795102,6.1059083850931675,5.285227272727273,6.8352222053309015,7.067060606060607,8.91439948509048,9.085332964137312,9.031894049187526,9.106092324208266,8.848658444816055,11.517636684303351,11.35268530020704,11.374423583662713,10.007396030245747,11.294748141351402,10.945134575569357,10.038288242242515,15.948417450365728,14.128819444444444,15.961403735632185,12.77951684952978,11.800793071576456,14.703659673659672,16.165479887607216,25.694707556935818,24.64581939799331,25.18547369833602,22.32512626262626,27.549463036963036
112,4.525572129720013,5.371409337944664,6.438982213438736,10.807267979655629,8.581161942272068,10.333847575757575,10.837658245975826,10.590150986301035,9.63108695652174,8.78168,9.370855686994165,9.753371853546911,9.500149122807018,10.731847085385878,11.367963312431277,10.351911092530658,14.219336163013535,13.017597972203234,12.879030167748917,13.679146739130434,12.534331014492752,11.782780239687849,14.675632246376813,14.511239073426573,13.82017130579447,16.317842568194017,13.715385399892646,15.491559987631417,14.024385561520859,15.244438446969697,13.449787608695651,16.271625443655722,12.222170619235838,16.58238812817617,19.175105349561868,20.540840888571427,24.66950113786082,26.78596837944664,26.105179351293256,25.917856521739132,24.40578673148148,21.894432120674356,23.293212510480295,21.987503234989646,22.652612914862914,24.047484553775742,23.517710660480034,22.530067595108694,22.251641757246375,22.872790397267423,22.43299983530962,22.75231313131313,22.781488636363633,23.42778124076923,25.080791612,27.460981958000588,27.818237074854828,2.8450801795125167,8.444384028252449,9.384247807017545,9.665656776094275,7.182181578204404,3.5967380764163375,1.4403805318322982,4.98783047309833,5.831541375291375,5.18135356023287,6.084575166919274,5.433976374416098,6.92783166109253,7.205472524154589,8.949108319217014,9.098956840261188,9.060703620051445,9.134581378542732,8.837280616123007,11.666691065241789,11.387457839262188,11.338077636266041,9.855006587615282,11.305874741200828,10.913135822510823,9.849900861257684,16.114506059470266,14.16303345959596,16.040672507090612,12.804184513006653,11.794843881532547,14.730343904284123,16.226529790660226,25.811260029557133,24.73830128205128,25.267945152003122,22.207962596984338,27.514978919631094
113,4.57820346591814,5.367063405797102,6.510054347826087,10.703364389233954,8.67225620122631,10.536626086956522,11.000397609636739,10.641090356292027,9.619737750172533,8.657998695652173,9.3621334057971,9.847407790721865,9.448411796536798,10.864480278042796,11.240132023937853,10.409725798959496,14.141085062582345,13.307393016297429,13.074393443422519,13.830751024273345,12.685317971014491,11.827882037346711,14.627810688405797,14.646294871794872,13.777625711320821,16.37040554353054,13.800700678280387,15.102232878082063,14.170771530100334,15.31009274127141,13.78333625823452,16.157802626979645,12.345340876152834,16.66520503952569,19.350973636416942,20.705207948571427,24.780185394315826,26.986725170964302,26.19830215881642,26.052331262939955,24.635642396296294,22.010673113118767,23.425909914361,21.878426246157222,22.711669466403162,24.132345823798627,23.740889190821253,22.742025637292958,22.390160778985507,22.988092803030302,22.50853713768116,22.878373015873017,22.957187033690946,23.62670445576923,25.186338384666666,27.532653397327312,27.895164318303813,2.9301654973649542,8.75531964573269,9.437369244504543,9.626968230005367,7.501632608695653,3.6390543948804814,1.5957010457839262,5.035826628082063,5.818639150704367,5.157258032239291,6.172042198597671,5.526496436699006,6.995082906224211,7.250529067852437,8.988397562582346,9.290878415063197,9.148212560386472,9.149953349190573,8.8542374185216,11.718968149402931,11.33539789196311,11.27553737861709,9.714996133356248,11.354861071899114,10.94692499529456,9.821168393076189,16.238659687201853,14.205148486024845,16.18335815047022,12.864821633825944,11.841131964050442,14.686407351706265,16.31764386445546,25.88112408821791,24.775521760847845,25.27624554726004,22.28503896465853,27.56847067787285
114,4.5830720487483525,5.501023633069829,6.592140151515151,10.682976780962715,8.79277167126352,10.272955185213338,10.9415528727731,10.878085756514325,9.612469926104142,8.707801231884059,9.439111785243743,9.84863144026073,9.597633080285254,10.987992691154425,11.53357702269733,10.476336247086246,14.048995403641156,13.369967803030303,13.25884649122807,13.955013208000592,13.057951594202898,12.120226658305462,14.862047348484847,14.378644522144523,13.715944843271716,16.371130831259453,13.878936359835818,15.305061723602483,14.394725735930736,15.479841517857144,14.007206212121211,15.974265363259928,12.348299761904762,16.508535079051384,19.314094963008007,20.89780276952381,24.78768939393939,27.289325710521364,26.32065144174666,26.261396103896104,24.470547658846154,22.005066413917344,23.506180948238363,21.799722673160172,22.789969696969695,24.26804117259552,23.79117730095991,22.81952785326087,22.651969079380763,23.167400924832744,22.770359848484848,22.88328231292517,22.90069662619989,23.670553993846152,25.35861111066667,27.592529890744178,27.95009495576887,3.0679315770280446,8.746596690590112,9.648352654115527,9.738160024154588,7.797793939393939,3.6955670995670995,1.7885233242753624,5.069150466510715,5.899403766523331,5.291777551928068,6.264160631577581,5.596435308762384,7.009248098392836,7.242587615283267,9.000145949752397,9.355054646916775,9.129617165443252,9.20830327080327,8.897012325536782,11.77319877519153,11.334006493506493,11.329665810148265,9.897248545405446,11.361410018552876,10.952150974025974,9.915481028282851,16.28225480684982,14.270552428398895,16.20946503452819,12.873376964926628,11.937522905407222,14.779446803196803,16.347223442150977,25.92286366076221,24.83808275058275,25.338694484527817,22.306576374511156,27.54473636870376
115,4.623923801054018,5.541692675983437,6.73125,10.83246171258185,8.974850420714551,10.327471084169455,11.062878071833648,10.977336039141555,9.82141304347826,9.025448708133972,9.627715931677018,9.895326156299841,9.820379186602871,11.202930073924076,11.624643668831169,10.375220178372352,13.912493028107159,13.418374670619235,13.489565503432495,14.125794485729074,13.13047275362319,12.46011475119084,14.996334239130434,14.388970862470861,13.997542738755365,16.344263028839116,14.297728582117472,15.671572646103897,14.692201818181818,15.725386662137682,14.058699886128366,16.210006957328385,12.318263333333334,17.00823914051787,19.481673376274827,21.085918345238095,25.00172924901186,27.602777777777778,26.44134946481055,26.38961541501976,24.629846421538463,22.019155844155843,23.61380008525149,21.935367063492063,22.704231806703397,24.35285850495805,24.18981777493606,23.000393939393938,22.87103713768116,23.2792175997283,23.34064503205128,23.123207227555053,23.035918654244306,23.71608921653846,25.401557501333336,27.634204896298716,28.025217935135746,3.206656431159421,8.91919108418279,9.780128421349819,9.756441287878788,7.661488446969697,3.7161178242047805,1.9514979619565216,5.1331681387970205,6.035877166311949,5.38950195356867,6.372462956833272,5.603278835788718,7.123747086247087,7.311769339356296,9.017797351324338,9.332942510388163,9.136633179622311,9.26132439532198,8.942334697005892,11.998084014750681,11.415244871070959,11.366657517200995,10.044307441141088,11.36653877731464,11.033339803312629,9.9371995008989,16.33540979510245,14.453799890729238,16.298653735632183,12.939403474399166,12.00579872067404,14.712902541299279,16.431282807369765,25.826828641102093,24.834959334144116,25.376102379906726,22.37255169012415,27.49709968235426
116,4.645416101865336,5.610096096837944,6.766637845849803,11.00262445887446,9.107708449159535,10.414508532228641,11.161619071146244,11.11140003896793,10.112004496763475,9.230609372511546,9.561082990777338,9.964581244365855,9.998233465608465,11.303349575212394,11.886790269293726,10.66686610661291,13.975779934437545,13.437364633173843,13.657924199084666,14.229288825757576,13.152645142104273,12.499296404682276,15.028372117918314,14.535192928448364,14.162696279295417,16.48302479156646,14.589659090909091,16.134997541407866,14.798127402597402,15.982807113742236,14.042011969696969,16.752950310559005,12.528908484848484,17.437190197225135,19.630935127674256,21.320121462857145,25.007453292321713,27.840207980425372,26.662004674600762,26.630112336176406,24.9992246372,22.20629781062623,23.776076693208072,22.227294685990334,22.82313879656246,24.526795055821374,24.108923968281246,23.122970880681816,22.990841156126482,23.386148056653493,23.28661835748792,23.321143892339546,23.238807399774135,24.045318216400002,25.672514620666668,27.69945775411614,28.091488037727167,3.374637121212121,8.878824107142858,9.96588157894737,9.801837962962964,7.809263500736263,3.794831357048748,2.1263501043039086,5.185098041192761,6.101384575569359,5.403747420745172,6.433717232292945,5.665312676453981,7.135647866626128,7.386453886693017,9.044605375883487,9.313209013209013,9.219819169960475,9.282265372845083,9.031778554778555,12.020209339774556,11.532048089591568,11.523997745975246,10.238892555973194,11.438600367648345,11.13246805873379,9.82196442363234,16.383166166916542,14.465377209595959,16.308623487598307,12.982256786379537,12.036449968972404,14.659751477387346,16.33430831782281,25.89340079539355,24.83398928969581,25.4137827550871,22.15914088260103,27.508510239760238
117,4.702708882301273,5.645773550724638,6.790860507246377,11.132671957671956,9.25936921607378,10.733654542920847,11.337530380772346,11.326728418399497,10.523611826214086,9.24558841973244,9.675282371541503,10.127721309201858,10.165247789563784,11.453738638797484,12.089159180740209,11.012273491001752,14.168720238095238,13.604275687547746,13.822928079710143,14.47665295031056,13.462232575757575,12.558518058933819,15.282418889986825,14.863358119235837,14.481191835088948,16.65182778169439,14.735792862196847,16.195065648993683,15.012116759146648,16.26891856060606,14.319583333333332,17.22393833521551,12.72975585921325,17.56442805383023,19.75564574314574,21.51391958095238,25.13093441472888,27.97518978605935,26.85671503707645,26.703279481311974,25.149403313076924,22.444594794439517,23.860217391304346,22.420508756038647,23.171919137022396,24.59701067887109,24.238072120066448,23.40531358901515,23.123641304347824,23.613040584415582,23.365531400966184,23.409821742267393,23.34148893939394,24.15209889,25.643488142000002,27.7349025974026,28.09308103376763,3.544811289525691,9.125858024322168,10.205908400365209,10.016795929010604,8.377488191699605,3.885920948616601,2.309690862428634,5.251645139281009,6.233793832978615,5.388748714330463,6.609579301258462,5.681637022397892,7.204217762913415,7.454184453227931,9.074114079323975,9.266257202941986,9.271530365769497,9.312410404946636,9.059101817566491,12.033330283511443,11.572854545454545,11.476466598350656,10.328640373489145,11.497478344161252,11.151595732166385,9.72859958008009,16.520420789605197,14.59172157691579,16.40947749339616,12.960655377668308,11.766282999072855,14.694178113553114,16.226823671497584,25.93169240716342,24.889288030809773,25.47127336163568,22.07449120257091,27.57555144131231
118,4.750872683041596,5.750460627235084,6.871965579710145,11.219966453400582,9.381397991109488,10.770488444669365,11.44473850031506,11.35480102133879,10.30412990968284,9.311700808249721,9.834615046113306,10.112381463527239,10.339661374167585,11.66508894984326,12.291963438735177,11.127543676289386,14.305265617400831,13.778292537172973,14.015311894546148,14.731974804052056,13.827325032938077,12.782116987179487,15.492907738095237,15.053030974460322,14.649670253920023,16.907822049863714,14.880769269994632,16.478469827586206,15.215621794871796,16.5577195506349,14.372377187715665,17.520424842367778,12.860780033879164,17.808495082815735,19.905285547785546,21.654442015238097,25.139976159106595,27.872390027157106,26.96681054626231,26.84551105716366,25.47225283846154,22.600191192089483,23.89213311892896,22.536820652173912,23.270570158102768,24.556307548763215,24.462442338760273,23.47225883152174,23.24481019433465,23.831326640915076,23.692240818777343,23.56250730994152,23.48368088932806,24.254088393461537,25.813070048666667,27.750940303657693,28.134640412928455,3.7084416254940713,8.96942436377505,10.427174441786283,10.29943874432733,8.92859617423004,3.901038302277433,2.5290188505478124,5.3123757763975155,6.334997086247086,5.612763112491373,6.6384593417576925,5.76891640967728,7.232226107226107,7.496874703557312,9.10868485357458,9.271921756732969,9.270553446362944,9.362523250406882,9.11829143863383,12.122920021470746,11.602965462074158,11.531870638754697,10.36050387073544,11.4891049118298,11.234121376811595,9.688158420789605,16.59706284357821,14.610642361111111,16.477849575212392,12.921599780466908,11.869614654755182,14.911348144609015,16.338894714671113,26.01500805152979,24.92852365026278,25.540401687684295,21.988119402774245,27.593046355818096
119,4.820642771060994,5.85238364624506,7.027084156785243,11.346348578957274,9.536305690686126,10.841066617259552,11.708144297416508,11.528729264596368,10.286337507876496,9.535447748809162,9.848221486918879,10.239874826641703,10.501611611955239,11.812456914399943,12.406273044889893,11.035974751697578,14.426913466967815,13.900930971202712,13.981602130325816,14.782319878076049,13.821656014492753,12.873354166666665,15.510465579710146,14.973909546974765,14.650049603206417,17.06487918871252,14.964360604840678,16.496771551724137,15.204024695413283,16.655613795518207,14.633443813131313,17.088436970638057,13.213713214756257,17.51954765601893,20.029169803626328,21.84715770095238,25.210921218109956,27.732013457556935,27.055961352657004,26.882725214097494,25.534917527692308,22.73086827122153,24.077188648498716,22.74722222222222,23.641458505866115,24.678485316552248,24.38661783238815,23.62137686011905,23.46484375,23.928206439393936,23.801502192982458,23.686355244996548,23.668577142857142,24.172844456153847,25.860386474,27.711951032059726,28.11770971185283,3.833169187605873,9.234668233082706,10.664936403508772,10.464777494144341,8.469092781360516,3.966588650479955,2.7633200620333773,5.367746228926353,6.523260073260074,5.60559634143967,6.638237699332152,5.7603218708827395,7.333175399479747,7.6093768115942035,9.152960045951051,9.211450958461828,9.29431269213878,9.360484939108128,9.107276838198034,12.224679158737128,11.69497722567288,11.63434212727691,10.106553551993061,11.539297029292841,11.190510304912479,9.725345363032769,16.668786106946527,14.504050314872325,16.611276384535007,12.93785528826496,11.762985239160153,15.036668159738811,16.283416854884244,26.050113453374323,24.99208707958708,25.556828368223297,22.006848273394166,27.647500235271973
120,4.8891624976472805,6.042964673913043,7.176032608695652,11.43519237405107,9.697723547587678,10.930442028985508,11.662181564497256,11.628476356189493,10.578821407004831,9.62417467948718,9.849334031620554,10.380733082706767,10.609508893280632,11.896548029556651,12.414190025252525,11.316213310240483,14.360520593019817,13.957396739130434,14.251739583333332,14.845985598741034,13.77585,12.939485953358236,15.485553030303029,14.95208275058275,14.644460026945561,17.198978947976496,15.08714021105706,16.739077625959748,15.252836538461539,16.79256575021313,14.936908315491875,16.92913043478261,13.567857424242424,17.44733068466621,20.139305843110193,22.007193155238095,25.21100131752306,27.637301587301586,27.054062273550723,26.67644581335585,25.60120033923077,22.795946852060982,24.163479907773386,22.808154918752745,23.755912698412697,24.74101268115942,24.47995718050066,23.770000043231224,23.51741394927536,24.035285628019324,23.623589544513457,23.7757441092379,23.87312727272727,24.301307155384617,25.789880951999997,27.65336562161096,28.101130745864438,3.9472228896103894,9.664493897787949,10.729943173150268,10.480581027667984,8.502662280701754,4.005305194805195,3.0048263888888886,5.435021997929607,6.650215997770346,5.803106401344782,6.727356451644308,5.634035522146935,7.351364096429886,7.650864671560323,9.202422003284072,9.294843290767203,9.331793478260868,9.357253086419753,9.074458960423634,12.370879690626067,11.774297101449275,11.679607984607983,9.979313865088912,11.513055063377402,11.23284632034632,9.691705851619645,16.835680843290476,14.503569458168643,16.692598503507988,12.86992775041051,11.781739851375333,15.215983183483182,16.375911157941438,26.065224100912506,24.96039956420391,25.497653216631097,22.04674584004294,27.628507138361257
121,4.961630853962971,6.0559684617918315,7.175600296442688,11.663505395570613,9.878956399746254,11.081839375298614,11.734490154379332,11.70877449590422,10.655898268398268,9.843265633387011,10.020778462262376,10.497316824670373,10.934549152593124,12.06021452666524,12.584023837947814,11.50091018462214,14.268574226067239,13.981332839262189,14.34611349637681,15.067276947354845,13.893599562198068,12.930907336323097,15.617682971014492,15.042904886128362,14.930998713305685,17.36570067130937,15.277446201141855,16.82066248125937,15.520082218506133,17.014215763775866,15.035034777119016,17.17451441102757,13.62958050065876,18.193752772848267,20.220035499926805,22.211568354285713,25.238369116061804,27.50237546270155,27.118133766821945,26.474297360248446,25.53464388923077,22.872040396198003,24.099172967863893,22.853676026570046,23.733525103519668,24.56729223008113,24.503887379227052,23.750614405408903,23.612290019762845,23.975992667356795,23.738937070628648,23.855840391492567,23.89114639563335,24.210463411923076,25.85470152,27.590372670807454,28.06729387996598,4.1594024621212125,9.778324603723329,10.901403604118991,10.557498245916726,8.628259057971015,4.035642480707698,3.2490889465305224,5.471368509854535,6.73042826738479,5.802069825476871,6.8489957131823695,5.807270100069013,7.459655199872591,7.701920289855073,9.233876925173776,9.422505574136009,9.340763709054563,9.434899111891864,9.126932413600892,12.488056897477188,11.823566252587991,11.735862681333696,9.81718897044984,11.270718050065875,11.091267292490118,9.691614987960564,16.995251231527092,14.543861646354854,16.799094702648677,12.874428223388307,11.885851472802559,15.314402870680045,16.508432539682538,26.057866608923373,24.9624727627445,25.528848265261306,22.128055555555555,27.543730284208547
122,5.012120952380952,6.20571350931677,7.212997953133822,11.805281855825333,10.117323426640455,11.637617055284531,12.131123188405796,12.067411784081223,10.95803020073814,10.094522318596594,10.346510737812912,10.838759179321823,11.232869424054206,12.237639061151242,12.834402597458883,11.653906702417,14.628878801322902,14.234968073593075,14.505339530892448,15.355753488996243,14.211680932971014,13.150197544701676,16.043156867588934,15.539370869565218,15.214547553954116,17.58005685913657,15.30347808713026,16.7354315029985,15.790168617614269,17.219435199178488,15.119474184782609,17.335913995424864,13.38655266798419,18.447642154687962,20.313238753999624,22.399775805238097,25.280171277997365,27.493819369853203,27.08153251556716,26.482664121808142,25.528319144999998,23.017530624568668,24.261635835808807,22.876041451000688,23.843579278812975,24.80558560432702,24.702403906742283,24.140817708333334,23.836760951910406,24.13398630829143,24.42182765151515,24.06616783076867,24.02653316864295,24.463147359615384,26.182819730666665,27.594551661244207,28.062578782999072,4.328111783596838,9.827055758673694,11.21207504315709,10.760696155394525,9.180808091787439,4.051624901185771,3.4966949385155908,5.537276491624318,6.909425357251445,5.785066233117208,6.910067693426014,5.862910353535354,7.507204570791528,7.729071805006588,9.272881854527283,9.578618754433972,9.41287572934312,9.50605990895846,9.250499467923381,12.626770900865104,11.853175889328064,11.592810631397587,9.852746749155067,11.327807524809025,11.050534067381893,9.653423856253692,17.10468015992004,14.65990920462388,16.899435907046474,12.866182614050118,11.96537758799172,15.449187290969899,16.814011491728884,26.12397708973796,25.005556400121616,25.541961279461276,22.231946361475345,27.625291094298532
123,5.0829071805006585,6.37246829710145,7.3549384057971015,12.03705376748855,10.308737721417069,11.832577043427587,12.560680857487924,12.377141720676928,11.018201294609613,10.195423778851316,10.386068572369659,11.048049944525346,11.287019139375117,12.50747761833369,12.942719696969696,11.690340656391381,15.088154503105589,14.62166582897461,14.650228364389232,15.617519994632312,14.495267536231884,13.517573717948718,16.492313311688314,16.095173478260868,15.666247850100923,17.822116441328397,15.623059294871796,17.14721630094044,16.158172660672662,17.526165281329924,15.450647569444444,17.83395732689211,13.192020570447857,19.233826770825114,20.526454451345757,22.646482699047617,25.38008593843574,27.71059124259925,27.17095118013661,26.87421672077922,25.768981327307692,23.185476829071547,24.543644383341924,23.337349033816423,24.05673611111111,25.09913996948894,25.218215886486345,24.193496739130435,24.015303442028983,24.116355762594893,24.007747604723708,24.070706678587115,24.114888873517785,24.30007346,25.921387478,27.625114499027546,28.098708001338437,4.440785166102014,9.723392271439467,11.570270957284515,10.952084888742498,9.211363443935927,4.131590062111801,3.7208401405357923,5.573656832298137,7.0057845596432555,5.8648407614374625,6.936557341629937,5.893509003074221,7.559207278229018,7.82293741765481,9.298455950596132,9.700722610722611,9.481766657255786,9.553102522812667,9.247442858771663,12.701620936765865,11.92245497835498,11.622820006080875,9.79952155909623,11.305685225569034,10.995489130434782,9.666302855065975,17.153902048975514,14.756437952898551,17.037968390804597,12.902757768842852,12.171247217908903,15.698883779264214,16.84930792891319,26.128537976382177,25.066360089186176,25.61003757380569,22.35694712828771,27.63930624783302
124,5.2057453017996504,6.589310876623377,7.434569452286842,12.27594671201814,10.524596570431717,11.785198974938105,12.752008378095335,12.521130626068953,11.332010081915564,10.282995284103981,10.459576963109354,11.176548434341493,11.36432280099128,12.698959622461496,13.227328882415344,11.87539866255144,15.442006815044858,14.984402503293808,14.851076902173912,15.892755432168476,14.653973985507246,13.930120192307694,16.71990670289855,16.454227575757574,15.952078157349897,18.234571829405162,15.929959919240716,17.492903985507244,16.342028288740245,17.669695728291316,15.5559292184265,18.19831588835212,13.521403219461696,19.07999020260278,20.75386684303351,22.86446889,25.52802882723337,28.008725845410627,27.338739558172303,27.231238726551226,26.02530332,23.38949687088274,24.742799450077335,23.56923309178744,24.263150017253277,24.93153289473684,25.145973124098123,24.100068048007245,24.04486827710333,24.054698659173813,23.943411796536797,24.21330999066293,24.24233768868812,24.598688939200002,25.935861094666667,27.662209159025927,28.117290646283397,4.58335946969697,9.827538932806323,11.790539160401002,11.237278290147856,9.357322463768117,4.202883587427066,3.949884459893971,5.614709960070985,7.0276209297948435,5.873528495492514,6.957772087981983,5.987247694334651,7.658037795537795,7.903725672877847,9.333814115669439,9.682629055726881,9.468793995859214,9.576584577385493,9.237527218252762,12.762321524422974,11.948323978919632,11.675139552476509,9.89730867273873,11.553256942957093,11.021932641633729,9.75223939978063,17.223524487756123,14.79437342171717,17.077790979510244,12.932001311844077,12.262640010351967,15.837909128914562,16.998225069013113,26.232145345596432,25.107392697881828,25.71525416344257,22.38468867418143,27.6876359872012
125,5.271018717695347,6.665532608695652,7.531287878787879,12.530824811259592,10.671193255013907,11.714355078798011,12.78821375119287,12.494351824452382,11.388631351320386,10.44332715859232,10.54195399209486,11.434357230774564,11.542164567399004,12.874826720568286,13.47305079201102,12.095698848387254,15.498091894992516,15.23247892458419,15.10567491765481,16.109889030353706,14.756994492753625,14.073755086399107,16.94351358695652,16.816759347826086,16.16244234442423,18.51039151434985,16.07678429089027,17.74098236677116,16.433948578595317,17.920981922808647,15.69522161149539,18.27631508319914,13.786271836560712,19.15475745139953,20.923628364389234,22.97380118047619,25.5758788477662,28.228246870882742,27.451578577898548,27.427840222880985,26.245355731999997,23.380235809738913,24.774779458097036,23.586548913043476,24.311254744651485,25.058714972956103,25.03253527119016,24.257792164855072,24.076112689393938,24.24218310657596,23.887491277910684,24.276812709828402,24.400177022397894,24.875405797600003,25.935462751333333,27.713606562519605,28.122193279412482,4.566984075448362,10.078388768115943,11.973245518688024,11.51185046505427,9.768156208827405,4.246635704874835,4.215140625,5.666353166760776,7.117085812737987,6.089903911680524,7.099661208356861,5.861924242424243,7.699829789775442,7.937888669301713,9.361678170654931,9.656983958070914,9.476669411506368,9.589115673644658,9.314742981656025,12.784467867076565,11.992527887571367,11.805752761731023,10.007837352733384,11.432773386034254,11.087227084509694,9.923480305301894,17.25363460964323,14.851111111111111,17.157119775339602,13.021504935032485,12.292120976849237,15.868821386946387,17.19481562387801,26.237325174825173,25.194803385020773,25.704740033182063,22.42589847752891,27.744222328548645
126,5.321374442586399,6.76126488095238,7.672304841897232,12.743253968253969,10.820948227094966,11.727411719620958,12.694138071895425,12.424080392020896,11.608711405166982,10.643625512370077,10.663398919631092,11.541761731403609,11.635125435253151,12.993907483758122,13.658116418989442,12.200789607876375,15.632552807354825,15.412764553429025,15.382608442982455,16.315229055183945,14.876106449275362,14.100743938127092,17.13453472222222,16.96393148440931,16.39161620670996,18.659706649831648,16.214824404761906,17.902580459770117,16.44595108695652,18.02484581105169,15.933759435386472,18.116566022544283,13.768241915113872,18.97857495765104,21.071030787516293,23.07202245952381,25.531473829201104,28.27550806982872,27.463691824102828,27.629334866522367,26.22599033814815,23.467244723976545,24.913306369119226,23.588531961697722,24.55629053364637,25.347439359267735,25.315572161835746,24.471252038043477,24.288586956521737,24.434579537612144,24.359375,24.502349773242628,24.617878333333334,25.1358524372,26.406053139333334,27.749453384779468,28.14269824800803,4.676661281179138,10.413490476190477,11.924260651629073,11.652742003367003,9.878352083333333,4.340662996423866,4.440164463932806,5.6938876341050255,7.257154801720019,6.234925151060833,7.1958419879809625,5.85935441370224,7.764686491045187,7.98779117259552,9.384688013136289,9.609801864801865,9.527690442344332,9.644235813696149,9.344796258994629,12.830548845947396,11.977554112554111,11.909872735959691,10.099643286769941,11.285501194208091,11.084879658385093,9.90977279217534,17.281562397372742,14.848060084541062,17.070532512153015,13.107862460815046,12.190359693877552,15.89546892419175,17.332975327812285,26.15962340799297,25.07287427414239,25.667484628897675,22.425633752988826,27.69780641821946
127,5.389648716415163,6.899691543582276,7.825822628458498,12.942175514543935,10.973483608973025,11.789501988953075,12.846316301954888,12.48118562103246,11.819678507666456,10.952160797525213,10.796200700664706,11.619166833420838,11.736503922625463,13.170221933291728,13.792762066131463,12.166363056470608,15.701552360338074,15.459574494949496,15.642990007627764,16.40418292124542,14.887694841996295,14.164004820694181,17.058202898550725,17.016902704042717,16.472244284813467,18.74011801494477,16.431159559905197,18.01015325670498,16.48329819494007,18.07727450980392,16.173455290172896,18.038380426252278,14.333906900584795,18.432656709709054,21.18995113864298,23.109255412380953,25.457242042854173,28.26017598773786,27.503473521687123,27.71017150673401,26.327345317307692,23.636076351290665,25.13455008245825,23.622769275997964,24.778644205209996,25.634497711670477,25.612356826340662,24.755385254917183,24.560416666666665,24.762761904761906,24.685416666666665,24.809050576752437,24.993931095129128,25.276921143076923,26.674445542666668,27.765256593865615,28.128449464543,4.864055132066001,10.595577568201193,12.336032894736842,11.751625841750842,9.922752053140098,4.363563234172387,4.674363319984745,5.736820576993019,7.376019480138473,6.304162541934774,7.076308859564213,5.979481693363844,7.839031482438232,8.061033943554538,9.424606625258798,9.59399576872403,9.57432014241797,9.705217513297224,9.282148504273504,12.920645098326258,11.895607246376812,11.882853664260987,9.85895721323415,11.253014542796954,11.123413833496786,9.818209457301425,17.29189451655751,14.913400036549708,17.099383665523696,13.172547716273444,12.104030894394372,15.952281948600598,17.4627451781628,26.142065217391306,25.05228797638218,25.63865052123061,22.45956058166203,27.690507685551164
128,5.466826415432394,7.212616847826086,7.948288043478262,13.195673620325325,11.160387307338395,12.216300610621262,13.176580618499333,12.850270163145916,11.97289158624349,11.260641975308642,10.854314098437793,12.014748166185665,12.015950428194996,13.306550026123302,14.139993225236555,12.362053500580835,15.73488310904072,15.485490599646349,15.956205241054713,16.510105417529328,15.009351304347826,14.256310897435897,17.116138157894735,17.249561376811595,16.557594390304846,18.841726952060284,16.65946176242236,18.093629310344827,16.712775919732444,18.068538150042624,16.300145833333335,18.323792270531403,14.626012272727273,18.83811313999284,21.424840738971174,23.088775434285715,25.461651844532277,28.216466999184394,27.5065520287977,27.61206288427756,26.47260610857143,23.80940084682539,25.33617173626625,23.821031746031746,25.133955578512396,26.161498006379585,25.979901032382646,25.156088839285715,24.79716129658385,25.074688134674158,25.06015625,25.016402075322883,25.207515467720686,25.538393581153848,27.004586286000002,27.783503401360544,28.13370992534036,5.106280947227376,10.83821797052154,12.422246662852784,11.791133627946127,9.772549840799297,4.3575333333333335,4.941829936594203,5.784504987765858,7.5204891304347825,6.559273658625234,7.229209956709957,6.046434519104085,7.9308428889950635,8.120187370600414,9.458090045886149,9.626544017576625,9.57200522303783,9.757028885042526,9.373293174217087,13.04065639138103,11.829809090909091,11.788509913999045,9.806424295616168,11.17177924195797,11.085593708827403,9.80722388805597,17.3580793978011,14.921199426328505,17.16915291461412,13.17445883308346,12.043050065876153,16.064354096989966,17.391666666666666,26.19489063338701,25.007226247987116,25.609769189479334,22.422743985751232,27.685714097496707
129,5.545858258589236,7.261140151515152,8.146177536231885,13.163025409178996,11.309172839506173,12.45815705128205,13.294694391934469,13.12913897515528,12.008353719559656,11.240735842726783,10.94699600677418,12.10013432361711,12.072731412444604,13.40711907276881,13.99915907593724,12.638378737204825,16.001933488612835,15.495607142857143,16.155724750058127,16.708904400283025,15.284448768115942,14.46832532051282,17.381984601449275,17.516386666666666,16.7503037514856,18.906569627433758,16.9332058747412,18.19017435032484,16.806452062430324,18.143737745098036,16.69466040157005,18.621574074074072,14.977828467908903,18.80770910636982,21.572377622377623,23.126815834285715,25.444334173492962,28.141476880607314,27.554632505175984,27.606816236696815,26.686339237777776,24.14528045023834,25.573046628859487,24.089272774327124,25.29017803030303,26.59152726926011,26.341191123188405,25.28077120535714,24.930151721014493,25.25032050316833,25.122950367647057,25.191531385281387,25.348475724637684,25.742161737692307,27.052171717333334,27.824249482401655,28.20135096566075,5.354699984539271,11.004267425810903,12.638096491228069,11.885013888888889,10.099088617149757,4.485556465273857,5.190858297650418,5.809606742894786,7.729096989966555,6.688877882487327,7.442614224543573,6.030265273856578,8.045039018952062,8.234395915678524,9.47867043750852,9.628038537549408,9.633559443540262,9.76034906228143,9.441962469595621,13.110909822866345,11.740386128364388,11.790997408388714,9.576302383816563,11.524403139339421,11.085805789707186,9.993290854572713,17.421070646494936,14.93497131642512,17.237009307846076,13.188678821303634,12.188897515527952,16.17704789775442,17.581338815170337,26.138467403503636,25.01790184453228,25.591540648026154,22.42424287368986,27.78371477397507
130,5.60144349219621,7.333685688405796,8.224990942028985,13.099062571888659,11.446150919732442,12.42876524924351,13.368366114561766,13.250794077351971,12.189258275094996,11.241831790123456,11.033643616875274,12.206589247740563,12.298379304407712,13.534263743128436,14.238885285662953,12.86116732361841,16.188586463570935,15.729783220402785,16.260860721343875,16.850559849704776,15.513700289855072,14.621649139809467,17.573729166666666,17.68563275362319,16.845791142307636,18.977001821179357,17.146270521597966,18.432547464903912,17.010606504003242,18.334984776519303,16.984849335748795,18.98810618729097,15.512963260869565,19.46527093596059,21.688143163867803,23.280388647142857,25.60360886750301,28.21100523872263,27.631376424929826,27.81389751552795,26.97880948888889,24.45901013309135,25.92573681044853,24.362160326086954,25.521639069264072,26.650029262880523,26.59599596508564,25.192529356060604,24.971727807971014,25.33081944444444,25.052125603864734,25.255853051365474,25.595077898550727,25.769668647307693,26.872103427333332,27.88737877891604,28.234235845921834,5.601029256630189,10.780943918219462,12.730730998692383,12.159394624296798,10.104890307971015,4.531496894409938,5.395241637061609,5.8465015897663415,7.736205008759356,6.629714653951219,7.463835084429029,6.170736871823828,8.138371756905544,8.455333333333334,9.519633202879081,9.726464744256507,9.697890708325492,9.818486016130944,9.565794267326876,13.25049642386599,11.716939958592134,11.684508969291578,9.54003960752543,11.607082173199116,11.066406943212067,9.931746496881429,17.484347576211892,15.009775060386474,17.284434470264866,13.182321651674163,12.371079192546585,16.218901895206244,17.701457814863613,26.177538915727318,25.027622114868493,25.674634149786705,22.559091519055286,27.884106744704567
131,5.6205339855072465,7.486049160079051,8.398754117259552,13.118114149480608,11.719019638875617,12.582832845596432,13.785156220591002,13.525808349836469,12.207841410322507,11.291461419753087,11.161013090924776,12.683553229665073,12.63563545783926,13.717888553288292,14.482992921521825,12.954452101449276,16.476408126293997,16.04725560731539,16.415811553030302,17.0299916129898,15.63412956521739,14.754376602564102,17.946312499999998,17.950517101449275,17.10340108140162,19.071242228182445,17.378241883116882,18.563105555176957,17.218871443907673,18.408353367433932,16.817440797774488,19.015906557210904,15.47357747800207,19.744065467266367,21.889773162961568,23.48432897,25.893132411067196,28.397524154589373,27.778297400142392,27.981093955862978,27.147097788148148,24.607390866255184,26.124858223062382,24.595144497909146,25.687487812911726,26.608901584494834,26.659647817460314,25.28384703351449,25.14182518115942,25.484783298826777,25.2890625,25.34912217785665,25.706185,25.821435691923078,27.24047138066667,27.88379399585921,28.268957545653766,5.851580627705628,10.919158189033189,13.006657704042716,12.3337340694732,10.741275,4.544038213121737,5.6337649939852215,5.91019080557124,7.745585030911117,6.503589114533642,7.5308648074952425,6.29037704948031,8.331002331002331,8.551569169960475,9.558867384489574,9.746369843924192,9.722092287507888,9.87760634568415,9.546718488938598,13.300034838350056,11.72702305665349,11.683370705381575,9.65255546281066,11.464759097723864,11.050891092603049,9.745406573498965,17.553514180409795,15.036826690821256,17.346576836581708,13.160920477261369,12.230339497459061,16.319144750177358,17.83942166787664,26.23906333870102,25.131457997852927,25.795840042941492,22.680748914263404,27.917742728286207
132,5.686419288537549,7.645311594202899,8.576675724637681,13.392928620723652,11.81873180127709,12.675421962095875,13.897096605440595,13.527633210615042,12.61216489087472,11.609822751322751,11.345661156400967,12.919859848484847,12.839381288178226,13.898840806869293,14.71189962121212,12.988814520624304,16.82640457368718,16.374827898550727,16.556713002305663,17.172890499194846,15.761526884057972,14.836345596432553,18.161125,18.0034,17.38137725779967,19.246600180549454,17.499581327639753,18.960829911343026,17.389403515834676,18.507674479166667,17.176661515151515,19.144517439082655,14.856667142857143,20.000349825087454,22.077992485238862,23.66837587952381,26.02204846193504,28.466679998745214,27.966816961344815,27.98449435439525,27.304159699615386,24.72101089291552,26.265209514807815,24.80723962552885,25.655149499654932,26.86419145690313,26.869863375603867,25.537847064393937,25.32109375,25.646284863945578,25.35755208333333,25.521913432039486,25.797058096179185,25.852491681538464,27.283679339333332,27.842869220151826,28.292028326745715,6.120265357658215,10.979205240067042,13.245959928229665,12.390347505855658,10.91577969720497,4.5818794466403165,5.8756397198422246,6.000837820305988,7.851986509866945,6.556600514677727,7.758542968775353,6.307046493663342,8.433978762783111,8.624922077922077,9.593437696736048,9.803735666507405,9.720298539497625,9.93394432593708,9.631036162207359,13.329368729096991,11.776258893280634,11.676622652709609,9.637275154605579,11.462311539035678,11.00093537414966,9.577518883415435,17.66093689518877,15.02393685496267,17.34786812843578,13.133422016264596,12.199240323599795,16.325854046316003,17.800884118469522,26.326643853998924,25.198178036402673,25.828936100131752,22.746969696969696,27.924035318228682
133,5.721956748188405,7.827944746376812,8.665543478260869,13.501715394106698,11.922954643048845,12.682926655771764,13.951333207854947,13.593037818435503,12.796002377269861,11.62262372517445,11.643476686507936,12.96500797448166,12.838316629023153,13.988900737131434,14.551632281667606,12.830254578754579,16.94178589242021,16.545162349425937,16.61195029761905,17.340698264564207,15.909030724637681,15.102995540691193,18.219380952380952,17.740742753623188,17.41228464339259,19.2232394396398,17.54616653726708,19.063078273363317,17.41945987654321,18.751962276214833,17.355343886693017,19.214939317928447,15.036357504234894,20.100078369905955,22.28072188321044,23.73973492,26.090431488801052,28.66227178618483,28.04245449055775,28.13494562830574,27.396191671153847,24.844840499605642,26.318887838689353,24.77147727272727,25.802426226551226,26.518231993851558,26.96842297195558,25.66471875,25.345833333333335,25.654906110384655,25.2296875,25.531011904761904,25.89541744306418,26.002878281923078,26.82,27.821274300233924,28.298129385643875,6.3097081529581525,10.966760524499655,13.083872685185185,12.29709791496748,11.064457427536231,4.672138810464897,6.13818207207949,6.061020727460945,7.850982441471572,6.79718606605788,8.00138794239244,6.416394241326306,8.397889020928236,8.687548748353096,9.604688564808503,9.789414118490205,9.744469477382522,10.016666056702288,9.628304005776833,13.449409014898144,11.757326086956521,11.714333492594362,9.665327662255828,11.40334207896052,10.995368788819876,9.585850824587705,17.744979510244878,15.049563707729469,17.281274050474764,13.105828892371996,12.279040964211772,16.35885799888517,17.71440049339894,26.321027911969942,25.20853558009355,25.839528741521494,22.894960125757226,27.93952505827506
134,5.7457153196727,7.8646875,8.759827898550725,13.5146590124851,11.979226775170616,12.540972268673356,13.799726184338661,13.805245007801481,12.854796786389413,11.745964439076758,11.760978575929427,12.872677969627626,12.87397563330938,14.017431056088496,14.557134297520662,13.096324110671937,16.874493898613462,16.55674547101449,16.626811184210528,17.336319572246506,15.854151060606062,15.066149038461539,18.08318115942029,17.58646963768116,17.15695895802099,18.76921139277389,17.611149391821947,18.751922578782377,17.447044760195027,18.72298231031543,17.19980561731445,18.68834255116864,15.652032606308834,19.03462311906248,22.41422544846458,23.75835086904762,26.15081127914304,28.7609236777715,28.09767506587615,28.07930997798673,27.3132028984,24.87306549647254,26.35273958870367,24.837358871271665,26.050232610192836,26.55607894158981,26.863077788757135,25.94798787878788,25.424116847826085,25.84590356986009,25.26387104743083,25.579135929075186,25.952720767263425,26.18545449038462,26.986062802,27.83523982056591,28.33041831967013,6.5463947471610515,11.007468614718615,13.440897545246516,12.41704599436393,11.314233333333332,4.71058115942029,6.401109237758015,6.126267249150544,7.903552516324255,6.696893698872489,7.9281393394211985,6.728678467908903,8.507101020762573,8.745627383676583,9.626627027395392,9.826474542737085,9.810194473046135,10.041439411366948,9.54608022321881,13.590585855920468,11.928580745341614,11.859512069738042,9.819008688803983,11.601836848955202,11.03184734316027,9.636182178049731,17.78908482142857,15.138416364734299,17.405441123188407,13.134576461769116,12.281159420289855,16.282091437833714,17.674785566400473,26.442578214860823,25.220147540752038,25.892441213786057,23.000507246376813,27.959296138643968
135,5.828009532279315,7.795545289855073,8.731684782608696,13.581565656565655,12.17870044039428,12.827420593898855,13.73565033451397,13.892224365584006,12.867901333071465,12.026163226467574,12.017471749381187,13.02224497260939,13.159686639118457,14.183663412611875,14.799042684752665,13.460070819578972,16.912081018046216,16.68942935744092,16.756937541172597,17.603893518518518,16.00015,15.008407412334044,18.40853079710145,17.913837384716732,17.451298100949522,18.889423076923077,17.728478184406175,18.93904847576212,17.676449615199616,18.945344696969695,17.468825952380953,19.229543049437215,15.628691878019325,19.455297351324337,22.516755721465866,23.823398303809523,26.231952798304405,28.97883022774327,28.169040978345325,28.02974710387281,27.28735367923077,25.039063687252092,26.27196754883428,24.851629821029633,26.077322141873278,26.903252955758962,26.962090724794532,25.967679633289418,25.52537364130435,26.026050144300143,25.421496212121212,25.583562711125637,26.06381095238095,26.295265980384617,27.09849206333333,27.855939497010922,28.380794413249124,6.75694653164296,11.095385093167701,13.919749237223494,12.72916262260284,11.550435416666666,4.825330303030303,6.653014204545454,6.1970869128283725,7.9102159977703455,6.92720730543819,8.009205397301349,6.656709728867623,8.567124139950227,8.801799830604178,9.657822225251012,9.824270928347016,9.81212701549658,10.064401323173252,9.644414294039294,13.755347557702631,12.077675494071146,11.941718136935528,9.93534296516338,12.093247217109552,11.189904983732623,9.929736041070374,17.82421303552769,15.14548233695652,17.42330856000571,13.15721564217891,12.362590579710144,16.31050615145724,17.841504446640318,26.46845813204509,25.228348094471283,25.983362873036786,23.117055823939882,28.01147933588151
136,5.8656800554134705,7.833151515151515,8.8275,13.841441878741652,12.498188697172393,13.29618091057493,14.364312240047534,14.169942785947512,12.987750513506658,12.30014243888157,12.116846355807604,13.350392543859648,13.413229915259313,14.458484570214894,15.204722990777338,13.808708227931488,17.303822352854187,16.936101625729343,16.96163125,17.8675931091855,16.398259492753624,15.519987762237763,19.017645833333333,18.19446963768116,18.07325744047619,19.19346166881364,18.00508190993789,19.359717418076674,18.11293045186161,19.26811295822677,17.77153015151515,20.223613433667783,15.251984903381642,20.29515477650785,22.651025698670626,23.935412651904763,26.280888039181992,29.09280784777679,28.15210076008088,28.007699275362317,27.22998321769231,24.994538497217068,26.26629647132955,24.813930658188696,25.96048936672968,26.836955150103517,26.970382396535687,26.04780212862319,25.553611111111113,26.119478544316273,25.605833333333333,25.700113378684808,26.260794130434782,26.289407502,27.107016908666665,27.86014649601606,28.39039997978404,6.904590909090909,11.031108732623483,14.054113040341301,12.964313689430536,11.843185416666667,4.849549689440994,6.881447938233264,6.1944679996504535,7.959734739897783,7.038406689512387,8.134119632767348,6.661183436853003,8.58699799931684,8.886504987765857,9.69758172861621,9.805566896871245,9.872022084195997,10.125883925521608,9.744264887286626,13.847041062801932,12.236209862601168,12.133778467908904,10.172335152769936,11.946871158576554,11.376244084590358,10.112306346826585,17.877861466993778,15.18192674022837,17.3960852073963,13.243298663168416,12.334776138716355,16.33427738927739,17.762110036702428,26.39762767425811,25.260210803689066,26.01009125067096,23.192923245568174,28.150303156987942
137,5.911847172179461,7.913177453886694,8.967862318840579,14.204895266823184,12.64732700190309,13.492400577683187,14.480235742518351,14.542857213438735,13.18186096074163,12.35732393988191,12.248391532728538,13.579363133624575,13.644968251116472,14.633609820089955,15.593513055455743,13.69007824059998,17.681102806010415,17.241696922642575,17.210196557971013,18.107473612438287,16.569379268774703,15.883052738927738,19.437317934782605,18.41847731884058,18.239586319739566,19.347712653288742,18.183775879917185,19.646900248269578,18.313723161567363,19.51550599666744,17.801753913043477,20.59161759960101,15.389481549775708,20.391062504462056,22.763245376470014,24.09752376095238,26.34399810964083,29.01552795031056,28.117506273522434,27.94340939034615,27.28410556884615,25.201848739495798,26.39787177063642,25.07824010425617,26.03044799364152,26.968375098814228,26.79717770808272,25.996099412702335,25.53472222222222,26.140257961155477,25.22881313131313,25.662723717506328,26.336873333333333,26.2805840588,27.08644736933333,27.89462599598469,28.41255735843598,7.062831813028241,11.441555518584247,14.167764401258967,13.145357689210948,12.330741666666666,4.916407867494824,7.109245595512579,6.24838620230701,8.07845596432553,7.3130319708566764,8.381122831441422,6.719969837025719,8.642129455354093,8.984809523809524,9.729268482641796,9.88367375378245,9.85033244342741,10.063768025452807,9.788579932748412,14.084239130434783,12.39385332897461,12.399227982162765,10.172177963813125,11.771659056835219,11.334075532386867,9.900753194831156,17.922339455272365,15.210572916666665,17.35561344327836,13.322386181909046,12.48437794089968,16.392839669388582,17.918522962544703,26.446210413311864,25.296395502645503,26.13047085764477,23.2040794417606,28.26502926421405
138,6.005870072463768,8.174389880952381,9.089619565217392,14.538079553296944,12.761076783723523,13.765424057971016,14.607987251327755,14.625721606333672,13.386553323881538,12.413718324549846,12.289278512917456,13.631045263851329,13.736408843873518,14.743996245896192,15.678633399209486,13.751847378165312,17.80566458058849,17.3861433982684,17.396001147020073,18.201884147555344,16.59034204121965,15.96666138390595,19.50152445652174,18.659603095238094,18.28871442099567,19.493704083054624,18.414213709297947,19.78615415263148,18.285834248279897,19.61602450980392,17.741437885375493,20.25910310837847,15.798041135997657,20.288694438665832,22.892099741375105,24.241798344285716,26.439053101907547,28.984022680218335,28.152354014644775,28.006073332135585,27.437614062592594,25.33537219716782,26.523021567279603,25.40249255313055,26.212222432262127,26.939947916666664,26.730678200269534,25.802336458333333,25.494570707070707,26.191807496549345,25.16708278436539,25.653616388584418,26.25690287784679,26.291938405769233,27.309347826,27.94436949351546,28.425495594314434,7.190472402597402,11.591735778985507,14.260372520976354,13.26296618357488,12.465836231884058,5.068621034762339,7.338709911616161,6.287308723884811,8.179336731155953,7.290446708463949,8.48653048475762,6.868622880983751,8.700076158409493,9.051144927536232,9.74923288355822,9.968150961357482,9.949991530208923,10.117439491533695,9.855037692380083,14.045445570264413,12.356657824361628,12.382106009932098,10.189084607893681,11.990579710144928,11.380115400903446,9.91594361909954,18.02276141393589,15.32347675120773,17.49134928558448,13.39146932783608,12.514156314699793,16.531070234113713,17.915452075098813,26.521598272232332,25.34630412417248,26.088234397111208,23.334743164332536,28.353376921991053
139,6.076389420289855,8.241520515716168,9.266413043478261,14.629919088847661,12.82526388888889,13.796909559643256,14.455854487352598,14.717744147506448,13.628521237216889,12.669492063492063,12.510377949083054,13.819045141262245,13.818517276448848,14.841818554052056,15.557896168702838,13.91532751216175,17.695947565719305,17.40100487012987,17.580883074534164,18.32981513137892,16.598584848484847,15.859588850461133,19.449020833333332,18.892552490118575,18.27170790984378,19.723112975792326,18.523868668220874,19.709218738236398,18.226594141902112,19.649076726342713,17.820949913419913,20.065470404528376,15.85822434163059,20.09158991932605,22.97416522017971,24.247462272380954,26.522108609726757,29.08432786157941,28.279016493470298,28.14917289518262,27.57190207777778,25.469762994442625,26.52067917904402,25.536626834098477,26.21164819781668,27.128820781573502,26.895222342245027,26.08417979964115,25.712644927536232,26.347733083945037,25.64586956521739,25.79974206349206,26.290387380952378,26.233273610384614,27.479287439333334,28.0166923225153,28.483070883226585,7.353862609009347,11.60259144668737,14.34283609839817,13.351383406432749,12.543188735177866,5.091056678828418,7.592777777777777,6.377087908066169,8.28575164690382,7.357524249818504,8.39351914951615,7.06396094485225,8.795471363043827,9.176722943722943,9.813506639537373,9.988299942810812,10.016683574074879,10.210952956061654,9.859068908446627,14.146809764309763,12.50084575569358,12.3437716269238,10.099855972634801,11.763434813978293,11.375058229813664,9.96650846654595,18.10363793103448,15.356352588383837,17.569702586206894,13.465247023809525,12.570559241483155,16.613038302277435,17.953427201544233,26.51463844797178,25.37304475918606,26.110592554251976,23.374641218952814,28.376603812853812
140,6.14501867494824,8.22327536231884,9.370697463768115,14.834297052154195,13.044062399355878,14.019160288081483,14.678202907313649,14.876702628499414,13.794766390273242,12.823724168008589,12.674208662714097,13.825888461271758,13.97672981580343,15.041099950024988,15.670629364295126,14.250160594839942,17.75869403663969,17.509913091151795,17.804456249999998,18.680141988446334,17.01912,16.189283514492754,19.669979166666664,19.031443157349894,18.626534484989644,19.868680754028578,18.70303125,20.04084851324338,18.62970611916264,19.92523848781937,18.037898747412008,20.42682135363295,15.53567066727053,20.415347061317824,23.045001695058904,24.277667926363634,26.609332523179404,29.02080745341615,28.348300212563945,28.285478051263624,27.535708534444442,25.65580808080808,26.780212450592884,25.54599086326402,26.370267586068625,27.501504438405796,27.192422810333962,26.386388813405794,25.955555555555556,26.632965687721367,26.274993412384717,25.98186147186147,26.477353115942027,26.515328874230768,27.787277777333333,28.02980190099755,28.55972371576357,7.560984166196122,11.64765911561265,14.5866740430622,13.509347643097643,12.731360778985508,5.135336855173812,7.811437369620115,6.379880549057567,8.518014340731732,7.62655295728759,8.480211030848213,7.062506493506493,8.938209092303296,9.416778467908903,9.82283679588777,9.955667629471977,10.00321287408244,10.29707054441354,9.899769810805138,14.105923974039918,12.562671936758893,12.263009222661397,9.922977032502203,11.512961782095964,11.354336650668172,10.054753873063468,18.1720196151924,15.375434027777779,17.624025862068965,13.543417248964802,12.576219885187276,16.64729090655721,18.06889661158826,26.517410213243547,25.447041062801933,26.205682428146197,23.444885448689796,28.385189176765262
141,6.232422156032373,8.50846130952381,9.525951086956521,15.084315537809326,13.266518089800698,14.365062715364347,15.050317079108666,15.136426309748854,14.15805143352237,13.087608471998568,12.624184288537549,13.998547673531654,14.114306218238283,15.189990572895372,15.718518531589185,14.412247073578595,17.83659890833804,17.655651350461135,17.937683333333332,18.76692916503786,17.127298333333332,16.407403219063546,19.761291666666665,18.949157272727273,18.85970012315271,19.996735785953174,18.878635934265013,20.356537356321837,18.742503939085747,20.231900856389988,18.089715579710145,20.58066961889426,15.852716623955756,20.4862784773027,23.226172647803082,24.411320926363636,26.647368124943736,29.00276791876171,28.413176202119136,28.423848906292193,27.721271868518517,25.82989322293476,26.878377329192542,25.65086866504636,26.484245825456835,27.9200009057971,27.613983123300603,26.669373301630433,26.270615942028986,26.872014526975,26.535110089186176,26.178398997280073,26.610321231884058,26.4611541504,27.944625604000002,28.013903789447266,28.609966575694834,7.794614130434783,11.691846726190477,14.831025546821598,13.718354505196896,12.952773641304347,5.161559364548495,8.128101904761904,6.415536857035304,8.692376373626374,7.604000353719244,8.635036945812807,7.154219085262563,9.013076852026128,9.558900621118013,9.862994314531045,10.089013424160186,9.981934719869503,10.32760568068539,9.92586804137891,14.14147147806568,12.367326537878597,12.164823220258002,9.719237074900692,11.433518873680043,11.335524807749186,10.07312415220961,18.223707164275005,15.428958872498276,17.7190036142643,13.562146774826871,12.497536786453711,16.660537804586717,18.087219480183375,26.52831388831103,25.536150453813498,26.25583064949007,23.379330189402655,28.431221495895407
142,6.3073686100131745,8.668325276506483,9.70274456521739,15.25424861973775,13.452721618357488,14.516560967112598,15.272651177721974,15.332417012654865,14.52097623548474,13.239836199294531,12.817904452129996,14.191975977558313,14.179870081746316,15.339445270059775,16.05685505677897,14.43455546265329,18.04025563196293,17.835183288631658,18.089464962121212,18.847792826738477,17.088415,16.328290789559972,19.9369375,19.10856688405797,18.956326968248113,20.113692265162374,19.064566111424806,20.37979647676162,18.83870034889962,20.287153772378513,18.274837536231882,20.765151767228627,16.9507261149931,20.76008919241678,23.42874012729085,24.60903251454545,26.79167926906112,29.08948412698413,28.547863702420766,28.619674645936737,27.808231704074075,25.947088509316767,26.915192687747037,25.501496534341523,26.612722826086955,28.05803279220779,27.52176112324978,26.743975317028983,26.426888888888886,26.999379888309978,26.57299019607843,26.227418416642017,26.764572528604116,26.623298418,28.283051415333333,28.026343485525405,28.655724343935155,7.952400056465274,11.85463197463768,15.25480251765778,13.891122776679843,13.182983333333334,5.134233158146202,8.372422490118577,6.465823720792665,8.72808793513885,7.613071142999929,8.851004124561097,7.204250329380764,8.971840753575622,9.561335999050529,9.836592499204944,10.05583638443936,10.062132538196611,10.373203044942175,9.945912492398906,14.211796467086321,12.125017651430694,12.164576365663322,9.752567737870194,11.563169876100911,11.351602706299913,9.918260512600842,18.200679222888553,15.506411533816426,17.664320402298852,13.540465704647676,12.345524538866929,16.629583333333333,18.118640010351967,26.580481749865807,25.59309581320451,26.380130584659568,23.420966305567756,28.450075293064423
143,6.398902225672877,8.761402173913044,9.818786231884058,15.281102955016,13.581231701940034,14.44836852006689,15.480885416666666,15.320890398550723,14.589826737534677,13.097734567901234,12.78008961901625,14.217976215241663,14.221844285243742,15.528334873004674,16.085602003196396,14.604639201378331,18.206877909530085,17.93763134057971,18.282377083333333,19.08880030657748,17.173846551998725,16.493628933566434,20.1618731884058,19.35639992753623,19.165039707419016,20.360202740194588,19.257357142857142,20.690221171070306,19.09099168008588,20.56834803921569,18.52841816017316,21.225774632975718,16.916338184837503,21.08770796419972,23.61269409937888,24.841336866363637,26.908905001160747,29.18580761026413,28.666020723841374,28.620226843100188,28.00895732740741,26.03828286749482,27.024604743083003,25.65352365813141,26.79888072733819,28.39770471014493,27.52242438563327,26.909261367753622,26.70989583333333,27.104828310276677,26.851183574879226,26.306224528713084,26.755406304347826,26.910362319199997,28.665992064,28.03101276742581,28.653971266320905,8.133213109354413,11.81231891821946,15.820267093128075,14.237291666666668,13.4887375,5.282652492435101,8.61269920289855,6.516699016563146,8.83473446843012,7.8319090454772615,8.922475693971196,7.015550724637681,9.105350283774197,9.692292490118577,9.834317662597273,10.024659859464206,10.051729249011858,10.420995583857904,10.00052830774298,14.140018020090483,12.009639092791266,12.060578823350564,9.754866167394772,11.772719890054972,11.362072981366461,9.873274077247093,18.24985194902549,15.515433753293808,17.682337295637893,13.556840704647676,12.20421195652174,16.532047798216276,18.233883281573497,26.585585525138665,25.638882179280728,26.406040564373896,23.31785618434169,28.453622193024366
144,6.431120454545454,8.924452898550724,10.003456027667983,15.436152882205514,13.695828642707268,14.443794505928855,15.50356194657248,15.338287467061923,14.532596993428752,13.276952898550725,12.824460501756697,14.47723853893106,14.450215538452307,15.753184157921039,16.22949753787879,14.78867837416207,18.518292812777286,18.13103520845097,18.47480476190476,19.358503471166514,17.38109949832776,16.683233904682275,20.37350946969697,19.291214710144928,19.341762999182226,20.60962394670547,19.496898587322498,20.98897329500834,19.31509399551066,20.738476245834303,18.670599864130434,21.19638752052545,17.087359038757135,20.82813593203398,23.779489745502946,25.010720215000003,27.038586956521737,29.241184807256236,28.735452619843922,28.551630721200667,28.119623687037034,26.18374852955016,27.182356954639566,25.73962921136834,26.864312357302435,28.68165498188406,27.59008349086326,27.1018515625,26.88366168478261,27.291184723790703,26.980957556935817,26.494177758059745,26.97338220685112,26.979074477599998,28.729808894666668,28.122883597883597,28.69597047685272,8.306922046552481,12.364248739183521,16.008121186117467,14.444757233306145,13.890777989130436,5.351404682274248,8.829797042160738,6.5666860766045545,9.020798494983278,8.00109433919404,8.945271682340648,6.973489529158866,9.066700004800692,9.702619843924193,9.842695129707874,9.939289751057485,10.107824316225345,10.46210657297614,10.075884843417452,14.079575952764358,12.04898462045201,12.079055183946489,9.630986362408857,11.838863144185483,11.324508281573499,9.813780609695153,18.335066779110445,15.564479166666667,17.807722263868065,13.618186594202898,12.239383940335028,16.644798634336677,18.285998376623375,26.587433165331714,25.657260231716755,26.42645624303233,23.334145805884937,28.479842747831874
145,6.522256591660311,8.843860420567228,10.097663866930171,15.417814148057115,13.845977894890938,14.559795869565216,15.648292259476671,15.408216111210924,14.635792296786388,13.407691534914361,13.088468242204655,14.713087971123983,14.759901435835747,15.960885020963545,16.51057692687747,14.851519446133578,18.939269303033605,18.407505317146622,18.632324868247693,19.63572383456551,17.531011072261073,16.866887820512822,20.57459659090909,19.476709855072464,19.49213074712644,20.865092365967367,19.653456454643045,21.06295364817591,19.514578514614747,20.866991013071896,19.0270744263285,21.12766445724506,17.35865847332016,21.48194547206916,23.95112367575489,25.166073631363634,27.241399581829636,29.27037455298325,28.81752732412515,28.69200678810792,28.329611511153846,26.508216873706004,27.27206493097325,25.898667439995418,27.13260533024002,28.57877775032938,27.71414690382082,27.19225118371212,26.98091517857143,27.464656807701523,26.872316425120776,26.63168846676733,27.10564961791831,26.9036925472,28.506509661333332,28.20208372545329,28.818147913491266,8.591839285714286,12.624179528985508,16.12848138131891,14.458447866344606,13.988306731502668,5.430861077328468,9.024989710144927,6.623689787179694,8.930217517989258,7.89008602158251,8.978456794330107,7.033659898072942,9.088266421983814,9.828042157118244,9.897575968509251,9.911568511198947,10.143342116820378,10.50245327672864,10.139160566788284,14.209156175279364,11.995923406303842,12.093707560555385,9.563456735547696,11.683147346781155,11.320949456857843,9.674594602049623,18.34366802962155,15.715312294137023,17.86724882445141,13.599618041831357,12.203613189346884,16.861210664335665,18.223932201339032,26.595645622528725,25.703172424730397,26.473852868146345,23.437740325964963,28.552704722813417
146,6.592291097308489,8.969872541407868,10.150683465085638,15.557200814241515,14.043076969662115,14.825487364953888,15.712462240808707,15.579959070518855,14.916360355853977,13.715676666666665,13.190873015873017,15.239051825462866,14.96831626281721,16.16656577555378,16.97916131187653,14.888589445880207,19.27252142543447,18.711686901913875,18.796970923913044,20.103708019323673,17.87255086399108,16.9247498606466,20.8441884057971,19.859043050065875,19.75122651580054,21.17541630561467,19.852098838627825,21.24890000832917,19.65809965598009,21.196238903985506,19.262848656400966,21.507994298305395,16.771273845794905,22.25000113579574,24.221358164111788,25.383887445454548,27.27305164117546,29.236583223539746,28.8866110963312,28.70382582918027,28.215477846296295,26.630045995670997,27.3905374634817,26.107739970594416,27.176934906974427,28.660782065217393,27.824826430658188,27.36606350665266,27.05116459627329,27.625962652712897,26.943081974637682,26.896035902503293,27.328927173913044,26.9526305972,28.61673913,28.270268157768154,28.898076427665192,8.796434523809523,12.516801893939395,16.536034147869675,14.620852272727271,14.190776315789474,5.559711918516267,9.223310032938077,6.676874630866385,8.848026664299043,7.959551474262868,9.119125096542637,7.051767611414351,9.16934931011018,9.934723489071315,9.95112386988324,9.809830020703934,10.14384796725014,10.508962398310224,10.215333776730516,14.400996071829404,11.931051587301587,12.071288132157697,9.507370874898049,11.93442025996571,11.275221743835873,9.754866316841579,18.322086496524467,15.688150252525253,17.837490299493112,13.628512292960663,12.31014963297572,16.97214264901765,18.36262074493829,26.58805977302354,25.70578559926386,26.51591497270845,23.63586041575172,28.558979010120314
147,6.651446059351276,9.094768308080809,10.260706521739131,15.808386193855302,14.205114093836919,14.996278985507246,16.086279794254658,15.863096044103642,15.25223464799221,14.008756718824655,13.327722782953762,15.169446761667013,15.142658141978794,16.473648054219645,17.423139204545457,14.800599072157043,19.448238759881423,19.0742408008658,19.056172563882534,20.297617284961415,18.26810688405797,17.40115282362565,21.364758152173913,20.34265891304348,20.121349691225813,21.550364866112147,20.13363336435438,21.70689615825204,19.96599369296833,21.478072916666665,19.231680437033038,21.975535446562432,16.71759510869565,22.260395370496568,24.265266344680164,25.60114657363636,27.29340379217506,29.425457211870253,29.032301864801866,28.790136048576503,28.40978199888889,26.721772656691137,27.51050796242195,26.216865043717807,27.269634630807126,28.851547735507246,28.09937489259323,27.518536979166665,27.269642857142856,27.787120538387832,27.283027626811595,27.061884333929118,27.506465403726708,27.252981581666663,28.925193236,28.322060276679842,28.943854286481095,8.952472222222221,12.589353903162054,16.800921451355663,15.095833122895622,14.53662824180015,5.641891622869884,9.41862747976661,6.734216414520013,9.057417654808958,8.145726568533915,9.26118020535187,7.079044913419914,9.234877622377622,10.061383905949125,10.021479033210667,9.887893356643357,10.204006368028107,10.552050938192243,10.189359790571746,14.609609901638887,11.955648196578402,12.109685300207039,9.512362071805006,12.002479360968866,11.420194653948537,9.79194290841592,18.30599668915542,15.691172144582472,17.730233237547893,13.63647539559302,12.38528079710145,16.974471153846153,18.48263523096986,26.510325415995705,25.710381288732737,26.553588286713286,23.80864197530864,28.584694240542067
148,6.754628921568627,9.293649456521738,10.34205615942029,16.205189539583948,14.470833266237252,15.582127026958547,16.3839925282574,16.32849320641644,15.476591052299936,14.47698056020067,13.627056571146246,15.389115655987794,15.523545125164691,16.65341162454487,18.171442857142857,15.10905112721417,20.22334894507349,19.49678980801807,19.286817934782608,20.605138322981364,18.387109810479377,17.645333333333333,21.779641304347827,20.80655913043478,20.500939967516242,21.91063559719266,20.326333829365076,21.975043625914314,20.175387815351584,21.75271671195652,19.696510461419486,22.05716516741629,17.274853109903383,21.98167109627005,24.402433328403824,25.793450875454543,27.320321361058603,29.716571773636993,29.13111927235169,28.878992954115827,28.719753086296297,26.85930735930736,27.6282315117145,26.485964083175805,27.486169423440455,28.853077536231883,28.15479678638941,27.61877989130435,27.386180124223603,27.83783003952569,27.358186141304348,27.127310090702945,27.590167753623188,27.29793176375,28.916642512,28.367184265010355,28.95507897208803,9.126941558441558,12.473478845520422,17.204367181540807,15.685759417414308,14.917258009153317,5.693813342454646,9.623691666666666,6.790229885057471,8.909489966555183,8.093090954522738,9.369912284117682,7.121783934402083,9.295109691033604,10.273954849498327,10.035249988642041,9.85610698178633,10.263228323608757,10.664712732919254,10.157248515976777,14.504115992702951,12.018519180650904,12.090246376811594,9.659393527667984,11.861492738479246,11.414570393374742,9.876436781609197,18.429059566807503,15.734076086956522,17.707786481759122,13.666632711038961,12.43476966873706,16.86990105908584,18.591783596837946,26.56184798396009,25.7902576489533,26.669223801560754,23.900456253354804,28.63261059592581
149,6.805866464332769,9.46232839262187,10.581240942028986,16.398430735930738,14.69525487682572,16.040668896321073,16.761358695652174,16.58653325006751,15.523896574440053,14.481862945930882,13.870220133856682,15.503419390868475,15.564161364522898,16.818554535232384,18.223902678571427,15.277473631239936,20.67815293462576,19.796092838321098,19.465409722222223,20.81889884057971,18.514422380156073,17.62605828953655,21.98405871212121,21.19084493412385,20.757277068040654,22.275626165501162,20.49555965320911,22.078101502820015,20.371556080124922,22.261666787439612,19.69598043478261,22.17689621098542,17.574753746706193,22.564376740201325,24.576888645774513,26.027093089090908,27.357847015933025,29.94263148814064,29.20536754954618,28.98334886128364,28.8463617362963,26.941081133540372,27.73171865154379,26.467780679465463,27.461792139256456,28.98729880952381,28.29072169166687,27.81810394021739,27.48720238095238,27.93542011019284,27.2375,27.263531040215824,27.785504999999997,27.3819855084,28.954469695333334,28.393270437292173,28.96199506378301,9.38480175983437,12.8466125,17.41004643401983,15.925753156565655,14.990372520976354,5.720728818283167,9.78031432457568,6.829291604197901,8.802020624303232,8.132958066421335,9.358418518013721,7.32532518678549,9.296545429208471,10.344455128205128,10.0515992003998,9.924105152094283,10.239278656126483,10.739533292794162,10.25059894091416,14.522742474916388,12.026967592592593,12.079963768115942,9.660531949934123,11.927949093635,11.43349046140195,9.910619690154924,18.57230172413793,15.804204408212561,17.947557908545726,13.68214072204969,12.477219202898551,16.78300366300366,18.64143786467156,26.694221197482065,25.86474100912507,26.695241081382385,24.004740904559746,28.70122924901186
150,6.865521521739129,9.551000603864734,10.698404979840907,16.602387674437363,14.887987363571302,16.27035328620655,17.172027924771168,16.77158987546795,15.824234687886152,14.735272226867336,14.085663016029864,15.770835894083033,15.860998205795465,17.063668103448276,18.693993219461696,15.410632536729029,21.051936868686866,20.20747932330827,19.71845751811594,21.105801884057968,18.70307692307692,17.909052029492248,22.301916666666664,21.52242536231884,21.03891144446909,22.615473662207357,20.777129011387164,22.301955811866794,20.59360373054214,22.58491944444444,19.980279143037176,22.357860355536516,18.055731389006525,22.78344399228957,24.754501257024547,26.219766823636363,27.403005241450423,30.166354875283446,29.31120585483357,29.159921419160547,28.82861952814815,27.018968298781964,27.83152961562697,26.474505356017644,27.423766354470985,28.763583333333337,28.264988972904852,27.93403125,27.55535714285714,27.971470188902003,27.443229166666665,27.334439177261174,27.937321666666666,27.53131645,29.147584541333334,28.333840736558127,28.93488014809935,9.599933339607253,13.06738134057971,17.77311718154081,16.12339987739716,15.414578565980168,5.875523968784838,9.997891480331262,6.890860900718472,8.8436245819398,8.29805186692368,9.366919218961947,7.2860159022319495,9.484582175071306,10.509525890775892,10.092894948629581,10.078332537028189,10.241767708137273,10.741234937831049,10.305335917705483,14.529659923409923,12.033912818435503,12.222021739130435,9.748765010351967,11.714841592361715,11.431554962894248,9.849649698960043,18.673148738130934,15.814676406926408,18.096628657262276,13.652331215885564,12.76243235930736,16.822726512617816,18.584629681912293,26.75222317569285,25.875462962962963,26.767112597547378,24.022321524422974,28.702076510446076
151,6.927355111048372,9.460467885375493,10.846463077984817,17.026785714285715,15.095322885514916,16.406430760362824,17.33046948099415,17.01280383129716,16.071631458727158,14.978701923076922,14.149155667701862,16.019613621504355,16.143660444234403,17.326082447412656,19.033056754658386,15.595088072756552,21.343401804199942,20.647006550467076,20.03562859848485,21.405679738015603,18.94320791527313,18.094100118178922,22.77257427536232,21.902379347826084,21.355248962842715,22.957409071906355,20.86376331531204,22.53963570564342,20.790760686575904,22.630390625,20.167618506493508,22.735044977511244,17.895130764163373,23.489221938775508,24.87842261904762,26.33319858318182,27.47613206736553,30.340571083505864,29.42003293355196,29.350922266139655,28.962593935555557,27.12698628364389,27.985601764335225,26.515016233766232,27.47692412069657,28.807225877192984,28.243334744965182,28.060461503623188,27.661011904761903,28.110738763624386,27.765658967391303,27.49707893982085,27.99824121212121,27.689642857600003,29.26906038666667,28.334813194052323,28.93567027155614,9.865277777777779,12.964714130434782,18.034320175438598,16.454478919631093,15.941979118993135,5.9552649248158405,10.194153458498024,6.963306175859438,8.94075252326531,8.426323202035345,9.592866066966515,7.205819291311283,9.667100066113223,10.723904175534612,10.096944628335184,10.098104793756967,10.283074847857456,10.752751596229858,10.367023909966845,14.533949655417047,11.990664921271538,12.314594202898553,9.598621510814327,11.803392881481336,11.374781382804839,9.811352040816328,18.78048830049261,15.901688988095238,18.19050513136289,13.645977937370601,12.698658865720201,16.84929487179487,18.735731258906725,26.77679012345679,25.902133655394525,26.82744438532482,24.038515939240575,28.711427536231884
152,7.032210869565217,9.792014492753623,11.019344621906734,17.236851555839728,15.316042174311196,16.613252886606148,17.622025729469982,17.323595060697652,16.32108249556052,15.157163569220634,14.340670699620427,16.24054165799875,16.32809688090737,17.63403522913868,19.014173825656744,15.941162372517445,21.770439370412195,21.083639559620394,20.342895380434783,21.663276196227283,19.114526895206243,18.246687449326036,23.27010597826087,22.232253550724636,21.8305433211328,23.410485805860805,21.092168249479155,22.67145200127209,21.153121440422165,22.824421994884908,20.317546360342558,23.156326382263416,17.52887434123847,23.659895371191954,24.971817778494795,26.47243250727273,27.52155797101449,30.423059006211176,29.454573081543348,29.369949846690968,29.025599072962965,27.196807527358768,28.17488972904852,26.6798418972332,27.60856158295076,28.98965236460717,28.311436672967865,28.3918235205314,27.850698757763976,28.40274341238472,27.995241477272728,27.733091202780262,28.15625281949934,27.824523056399997,29.331600528666666,28.33835584160854,28.978941425120773,10.037219626388104,12.685403079710145,18.549171208654045,16.89444434380032,16.49065093440122,6.005779184583532,10.355808695652174,7.020684300706789,9.07068933481977,8.644521489255373,9.831349098178183,7.53093796074095,9.715154320987654,10.752782008452355,10.06813581845441,10.213814898869247,10.250086039373796,10.758078515687211,10.453294115304983,14.72696171582041,11.78317200610221,12.285194616977225,9.457309177918445,11.917639475716687,11.394514381839693,9.901009154513652,18.900306206474685,15.98476222826087,18.277416916541725,13.653111273428136,12.766929162969536,16.794514851090938,18.618031748272433,26.79171631776704,25.878284048211587,26.90918897044984,24.13199751134534,28.77269370122631
153,7.113279343120647,10.13288043478261,11.157910628019325,17.231564393939394,15.510792107583775,16.787731358315597,17.788417826722604,17.706794944789507,16.76587895943127,15.30909364548495,14.562873396229373,16.471339481774265,16.541522894439655,17.844982357035768,19.39246396417592,15.820561167227835,22.067517857142857,21.47288456937799,20.563052083333332,21.92901731078905,19.33253205128205,18.47114262820513,23.5613125,22.272626666666664,22.156465085948565,23.75019012237762,21.364594975239655,23.04989780461501,21.424127384960716,23.059835784313723,20.568820667145765,23.496507996002,17.007374011857706,23.776722425240116,25.124023453254818,26.614214332727272,27.638453772125796,30.43627501725328,29.43455747000584,29.327290935277702,29.006931024444444,27.246588640396872,28.29908489431174,26.69344202898551,27.849600189035915,29.389440151515153,28.583313284069426,28.560250566123187,28.047321428571426,28.620992506587616,28.071614583333332,27.95797002859114,28.363043333333334,27.9597285916,29.203382300666664,28.402853064809587,28.98566694463615,10.18857867494824,13.094808366271408,18.754651220442412,17.053940821256038,16.79683114035088,6.003694832055816,10.516243888888889,7.071332348531617,9.125413043478261,8.60144075689428,10.023697810185816,7.640903013049752,9.828415190552871,10.796667553461031,10.105620939530235,10.27760780885781,10.369465932618107,10.77937171524128,10.418885941956594,14.816020821283978,11.926333333333332,12.291144927536232,9.839177693761815,11.861093560362676,11.437280020703934,9.871976511744128,19.015670081355427,15.965761624396135,18.339396551724136,13.701838768115943,12.93497141445511,16.847373885172797,18.581624670619238,26.86476497201135,25.894738752256867,26.94825371729719,24.25565198220995,28.778599993002164
154,7.177198610954263,10.041854166666667,11.31340579710145,17.239350079744817,15.68413617658062,16.724479166666665,17.782105115596963,17.678476794340924,16.618438878386893,15.26985576923077,14.703460673309179,16.557798913043477,16.46432970581097,17.996799912543725,19.52721617125111,15.849059447128287,22.007192060355106,21.760790113871636,20.822803977272727,22.10007011540526,19.32647608695652,18.522024038461538,23.6780634057971,22.43270627289377,22.13248746867168,23.915068036130535,21.39824712643678,22.759788660593948,21.546542148538524,22.90358796296296,20.48162178853755,23.27475012493753,17.586825945793336,23.759226778656124,25.303162643515908,26.74509439454545,27.745305608065536,30.359523809523807,29.42002536231884,29.2721917840227,29.080360367037038,27.400768868812346,28.426283152889958,26.954891304347825,28.068583768075026,29.271455887681157,28.737386353407146,28.690722712862318,28.229082125603863,28.822036067193675,28.13688858695652,28.142122466905075,28.618056666666668,28.1355513824,29.12138596466667,28.418117174405996,29.038639399332762,10.386551846100758,13.534693387681159,18.62262061403509,17.121330927023863,16.79975085812357,6.12441291232212,10.689609393939396,7.164301427092576,9.27472463768116,8.7470952023988,9.961355036767332,7.704485999356923,9.853207192699946,10.884787042667476,10.169425920156806,10.290979189892234,10.366771911663216,10.863408964224181,10.47971850613155,14.969087235228539,11.952162471395882,12.364724637681158,9.565820373768743,11.866021989005498,11.463373447204969,9.848099164703363,19.119304820803883,15.995895984299516,18.412882183908046,13.796577704451346,12.97495294560512,16.917886008918618,18.575622294372295,26.911228020950244,25.922432903918413,26.935093461791833,24.40192870736349,28.752082345191038
155,7.264502957839262,9.987865881809787,11.320039682539683,17.244615683229814,15.689819755526276,16.335629801358063,17.612678064613526,17.492938123470733,16.61102197542533,15.17735576923077,14.657696414950419,16.47308293460925,16.431975214097495,18.05541729135432,19.180854739721976,15.75607419955246,21.611268139469228,21.684240683229813,20.89803005599473,22.01890586419753,19.27218333333333,18.802350125418062,23.407133152173913,22.05152909318942,21.793493953510257,23.760928061974255,21.419955022488757,22.69153304597701,21.49609367100961,22.859011053861597,20.660319722157638,22.770455843506817,18.451465548340547,23.096414707187222,25.386582187222718,26.885294136818178,27.70127957266426,30.31190476190476,29.402897883295193,29.202511886349317,29.18233970148148,27.59510222567288,28.600877871341005,27.075233144297414,28.269711204674344,29.4279303030303,28.890154808959156,28.75153464673913,28.23942028985507,28.900936833752542,28.0450634057971,28.205168916051267,28.73637158761528,28.2119334652,29.32515873,28.53894833295637,29.09507287592976,10.508363457108798,13.888944875776398,18.63172587719298,17.180694847020934,16.606758771929822,6.220264170421493,10.855342826086956,7.246190541093089,9.41285441370224,8.812101984721926,10.185347667075554,7.760791062801933,9.801713620230702,10.943248327759196,10.232071464267866,10.308909116246072,10.398916494133886,10.892148277809147,10.490974827327516,15.141855427181515,12.05740663322185,12.35459420289855,9.52304714458247,12.305259648029711,11.544377587991718,9.839704579528417,19.237402486256872,16.030722843732352,18.522488005997,13.84451611694153,13.139416290231507,17.007827797202797,18.635075513590007,26.97495773818238,25.91893024447372,27.004927536231886,24.498662348118867,28.887804159608507
156,7.362890415019763,9.77217105263158,11.304443241943241,17.26145833333333,15.763185063192308,16.292322964173508,17.479841752767953,17.63773095977521,16.660363321303777,15.41993516899767,14.718202898550723,16.705206062339645,16.61477521509562,18.092868633864885,19.460715854194113,16.41107287854389,21.37217987326683,21.480650738754,20.934588018774704,22.172000982042647,19.3139196969697,18.698311334498833,23.45483695652174,21.95836007742258,21.884158937277775,23.740896821475626,21.600296064089168,22.94301667753785,21.58261379669713,23.037360269360267,20.750632756132756,22.952938871473357,18.570446997145368,23.37323985424209,25.520298173617274,26.985960812727274,27.70019476427794,30.389381055452482,29.4225158319217,29.366246272796616,29.359870007777776,27.61664725672878,28.713566907257835,27.128804347826087,28.520282279314884,29.4625667243083,29.014871541501975,28.648869554924243,28.199217171717173,28.956576992753625,27.849408143939392,28.27496693121693,28.67488835309618,28.1573550348,29.415453918666667,28.60292765378169,29.07764713560728,10.670368177112742,14.113504666227492,18.885807017543858,17.316336352657004,16.60931045003814,6.31174673152934,11.024598616600791,7.306015921465105,9.330922266139657,8.662132570078597,10.303579460269866,7.89873544512632,9.926206945228685,10.985839160839161,10.253985507246377,10.225724637681159,10.448404699165568,11.007569423330294,10.586525802096455,15.115439994787822,12.066008538562887,12.3323565148937,9.436669685990339,12.228309274507131,11.630414196310936,10.00918063695425,19.38075937031484,16.134415006038648,18.632202063740856,13.892597280905003,13.348855401844531,17.07900780379041,18.52572768750305,26.92747668997669,25.956492504409173,27.006426024955434,24.558991228070177,28.996004376058725
157,7.422831295047663,9.787563275778378,11.381608005521048,17.29257885763001,15.931571784139384,16.60558173076923,17.87834881784088,17.92516489428446,16.668778771716628,15.56395888079312,14.943876341050254,17.030499653283403,16.657363752489857,18.198497154831674,19.42481261371479,16.622859994004923,21.427816118146865,21.418386508951407,21.061332880434783,22.315423333577318,19.729828363062058,18.97849358974359,23.523333333333333,22.066120401337795,22.06299261083744,23.796992911979324,21.778677721088435,23.193013080310493,21.708394620811287,23.16604573817889,20.974894368455722,23.24818727000136,18.618879007465964,23.679004833158558,25.65623647186147,27.07042645409091,27.77615753811406,30.458540372670807,29.542229236999148,29.450378071833647,29.429333065555554,27.662570875682288,28.61907114624506,27.157493412384714,28.333133893280632,29.171848684210527,28.907831385690553,28.77957959692029,28.421908967391303,28.893415019762845,28.151998491704372,28.302038765440297,28.65831833333333,28.129483695,29.521789604374998,28.566875,29.07092282992102,10.882728088336783,14.516312198067633,19.047225877192982,17.344443181818182,16.810201754385965,6.486251686909582,11.189760588235295,7.375502248875562,9.304105948399426,8.916010744627686,10.44045818000091,7.815,9.966150461380725,11.064416109253065,10.317270991127812,10.271801839464882,10.428126083489357,11.038292396009787,10.671050262237761,15.025646599777035,12.074688228438228,12.358173076923077,9.525923349629013,12.190798918722457,11.66832298136646,10.181829085457272,19.37569927536232,16.156834239130436,18.738558970514738,13.941173004406888,13.1574016563147,17.17424998009237,18.58641574474908,26.88539765488135,25.926992143658808,27.062290157004828,24.67814814814815,28.89780368906456
158,7.5075334161490686,10.091294813119754,11.511111111111111,17.407569993412384,16.016801453109423,16.74000877292997,17.8796599349473,18.015838721061545,16.962009666609383,15.722309294871794,14.810068937165047,16.899914872408292,16.70915157964565,18.2767996001999,19.14437755102041,16.823432635534086,21.572831958672797,21.326372824353374,21.048824965493445,22.359285004420446,19.72216308635623,19.059681749622925,23.513662280701755,22.211220039018954,22.127849177516854,23.816979166666666,21.911757936507936,23.09960957021489,21.737563056374647,23.508446356682768,21.135737154150195,23.379454022988504,19.36520991522779,23.549511054421767,25.718334899749372,27.13541699590909,27.664322334879987,30.600577984817114,29.560868818786094,29.475453256573296,29.420731884400002,27.585641027616617,28.61307498424701,27.274698544996276,28.281506785039156,29.42027684973303,28.837149444758143,29.20162545289855,28.438864734299514,28.93192992424242,28.348958333333332,28.472862222318742,28.779352121212124,28.212347857500003,29.642838384666668,28.585842391304347,29.017719715268626,11.068598202522114,14.651906093544136,19.188897692601067,17.372474292615596,16.86370909610984,6.5887402452619845,11.37411165160926,7.459213485362581,9.261171165790731,8.946468015992004,10.305064513197946,7.623663949275362,10.028857872200263,11.246955128205128,10.361017188774035,10.290632284382285,10.489531965618921,11.089563063747846,10.650320626836931,15.121091770548292,12.207564102564103,12.46619029806959,9.761833333333334,12.10151781252231,11.718558673469389,10.186176648517845,19.343873563218388,16.167624684343433,18.711025862068965,13.979496376811595,13.11264880952381,17.186923076923076,18.56902589972956,26.871431542826468,25.921343263553407,27.09285312362758,24.77023434831406,28.99743704121965
159,7.60464088967478,10.249720459746204,11.58950138026225,17.656518009377663,16.22153018278018,17.017990479629066,18.067418080259113,18.19872902494331,17.03491698172653,15.927945512820513,15.007170861937452,17.12317172006102,16.961091993480828,18.51796469038208,19.190796789993993,16.753746488347936,21.550061147186145,21.35904106858054,21.166765873015873,22.53054377104377,19.856654014844803,19.176619368855782,23.7468058733791,22.331891652731322,22.22427967563837,23.89584586247086,22.077176317144456,23.175851386806595,21.894640987166348,23.669604486897967,21.215494812252963,23.497207646176914,19.51796945965188,23.593820542380325,25.739416038154392,27.16392082772727,27.530017942045355,30.74772962544702,29.609681684464785,29.495872715816002,29.4544420288,27.616523434194253,28.773154095300836,27.32671392564587,28.360004219551712,29.700651512117748,29.004455948903022,29.315555803571428,28.584444444444443,29.037898468379446,28.58218005952381,28.703914768806072,28.924520507246374,28.34828957304348,29.807536669999998,28.589846014492753,29.017046218743683,11.264934084635172,14.72587821969697,19.34995297656196,17.507454124579127,17.131026913875598,6.547139708117969,11.519451501976285,7.504891304347826,9.292006095791374,9.323589199447895,10.346677878593171,7.643797884382124,10.042127917372483,11.378950035471775,10.408969321730112,10.36899287306896,10.489628976096366,11.218612094427312,10.729169447400427,15.133818681318681,12.311908526256353,12.507672400063704,9.94842215320911,11.930022299456333,11.756047329999193,9.953166274005854,19.393330959520238,16.227211174242424,18.7750917755408,13.964925287356323,13.040424430641822,17.304811854811852,18.45943871077929,26.839787854389304,25.91181013028839,27.10008234519104,24.90465067340067,29.05791400628357
160,7.693701288244767,10.379851046698873,11.724137336093857,18.02165036231884,16.500548351234183,17.34672468835512,18.436928232471033,18.68424778844344,17.377890831758034,16.171824199351374,15.22578567115252,17.215661936392916,17.366482613715625,18.762109695152425,19.8146682037769,17.050091494656712,21.885775751587015,21.464618611746758,21.398471371882085,22.823061054239194,20.072266483516483,19.45553366379997,24.08494183829138,22.683246180449984,22.68203720238095,24.093301282051282,22.302036820063993,23.682597299564502,22.18778870384496,23.91513425925926,21.446205103969756,23.897237257994377,19.275962066315326,24.690982286634462,25.837674689440995,27.24984010090909,27.60619092627599,30.903700828157348,29.670752194616977,29.568590959913962,29.5235665344,27.75570211750968,28.93833031400966,27.53908902691511,28.43471849401386,30.009704687856004,29.34332645929999,29.42022710803689,28.697850241545893,29.111948651891588,28.848741589026915,28.851434523809523,29.104419441602726,28.484321475416667,30.096624945333335,28.60863483436853,29.04006614802267,11.40253787094548,14.835687409420292,19.602838629429304,17.907386369002214,17.33041905034325,6.60823160535117,11.631425690206797,7.540270458205241,9.419319955406912,9.381398221343874,10.356021989005496,7.944590542665128,10.138742236024845,11.504314254585994,10.427465812548272,10.482079152731327,10.516566754501536,11.227207918892702,10.779302719925003,15.323084886128365,12.56609330410246,12.502246123441775,9.821819969885187,11.976502657762028,11.712548146729048,9.981862640108519,19.452690779610194,16.257575483091788,18.75616035732134,13.96418103448276,12.876520445134576,17.53403149386845,18.470574175358916,26.84369593507179,25.910545107737136,27.14370093599034,24.9647178304787,29.075360527154007
161,7.762794697696272,10.5125,11.836027309474515,18.205852272727274,16.715206655931294,17.388254877369008,18.712587333937197,18.886615842490844,17.793910024154588,16.295285256410256,15.49868407809984,17.242038520213576,17.394557624448645,18.928302338962098,20.234305006587615,17.36266692477791,22.35854558002384,21.685232510624388,21.616990918501784,23.057742464962573,20.234240424430638,19.56664206259427,24.260065789473682,22.797586204013378,22.852652913182446,24.337778076090576,22.67579305539538,23.941937988581465,22.528669484702093,24.025328282828283,21.585536783238815,24.335841170323928,19.061307273381942,24.658897515527947,25.973004658385094,27.468905827272728,27.752733144297416,30.828440303657697,29.672341825396824,29.593805698082633,29.5360797108,27.847177740414345,29.03294219367589,27.595289855072462,28.50544399810964,30.263012555899554,29.391991341991343,29.445793323863636,28.814830917874396,29.088166654903066,29.03010190217391,28.77454081632653,29.1024584989648,28.58041131375,30.10661111,28.674315217391303,29.097919612794612,11.577329365079365,14.722724025974024,19.80650196761667,18.020027777777777,17.65935087719298,6.794530379041248,11.757198774790238,7.593272113943028,9.593476430976432,9.456615838693843,10.443515417615869,7.99619002610496,10.204897271647027,11.542875874125874,10.421960269865068,10.524117892976589,10.584218604983223,11.265383348535522,10.796745431199238,15.219700589265805,12.540338345864662,12.381134336677814,9.650012121212121,11.930359576705154,11.748976449275363,9.921888487574394,19.501618264731267,16.197624762767425,18.803431034482756,14.048055418719212,12.889894480519482,17.630153858822336,18.57524122638857,26.885272324329343,25.868298376565285,27.15053463203463,25.101164421997755,29.13062928014015
162,7.876064393939394,10.82618400621118,12.008116883116884,18.531746794871793,16.854618059247443,17.62700427536232,18.941734601449273,18.816420454545455,17.780704552614996,16.588743484848486,15.723808048648861,17.45832462121212,17.55081396544291,19.24997774327122,20.376084965265303,17.730655214350865,22.70250980223238,21.996315217391306,21.78546607142857,23.300069591567848,20.496433333333336,19.596135579710143,24.502280701754383,23.310488333333332,23.243793154761903,24.627656082142494,22.934795193312432,24.357589233792194,22.96397232188102,24.213929533429532,21.937593491735537,24.83320393374741,18.866542790857533,25.074228395061727,26.110601180891035,27.681927686818184,27.940300452540527,30.81257763975155,29.660664483751916,29.70960144927536,29.6632714096,27.993537196037835,29.152506038647342,27.752930056710774,28.51892893610013,30.1770265365932,29.330014430014426,29.435345076345754,28.981161616161614,29.212819875776397,28.907088068181817,28.875739058469236,29.27374826388889,28.564590880833332,30.008288631333336,28.68523891249864,29.134739757525082,11.784699800803063,14.78114971139971,20.011761363636364,18.201165534747055,17.78510526315789,6.851552795031056,11.90803577768532,7.675331084457771,9.707381788903527,9.555690931049627,10.535990142104271,8.093348464149365,10.313632006747948,11.475055752028293,10.370684523809524,10.50146894409938,10.544215175148485,11.300958592132506,10.75838407773386,15.23635403726708,12.81331818181818,12.381663234172388,9.713403726708075,12.083193934688499,11.778878153515835,9.86912543728136,19.571640804597703,16.287065217391305,18.87763793103448,14.05055248917749,12.888384034443817,17.75620909090909,18.51573498964803,26.811547418630752,25.812816205533597,27.12271428571428,25.11624776346395,29.199943083003955
163,7.888777669635221,10.43062119584676,12.159778726708074,18.701665843214755,16.950019539085233,18.062330533168204,19.184681637806637,18.957190943526168,18.004988843883716,16.516229871175522,15.865073283298827,17.641254817193676,17.657271317004778,19.497892210144926,20.722034150796503,17.79300346789973,22.904056159420286,22.317499588274046,21.782744824016564,23.33172786674478,20.556503944773173,19.69378385375494,24.721052631578946,23.583160992992514,23.35495036572623,24.993626567852438,22.945706459270365,24.2871738957902,23.087332106433557,24.327022342995168,22.224564009661837,24.656149603769542,19.148813405797103,24.917081333521548,26.275373741914073,27.83651886772727,28.082839364479252,30.802395068699415,29.846794620741576,29.88471014492754,29.74272177076923,28.01947622501518,29.225535498619738,27.860626825915105,28.508281479390174,30.192608680597374,29.35159090909091,29.564426517210144,29.17562801932367,29.35708415678524,29.0285358436853,29.02483410309497,29.202646944993415,28.6243519668,29.667672610714284,28.64953193259829,29.120312015949693,11.949021103896104,15.168478778467907,19.90235463659148,18.358266203703703,18.03976754385965,6.973613433667781,12.025377753623188,7.745583458270865,9.808036890645587,9.337320487483531,10.434527557649746,8.245089873894221,10.344001774622892,11.56017628205128,10.347585906721964,10.470232846863281,10.532032360443154,11.342666699242786,10.828737419283614,15.440932534578021,12.874376456876455,12.462019230769231,9.48099420289855,12.098866930171278,11.762710484391386,9.88464267866067,19.678848638180906,16.39467423086702,18.90277821316614,14.073460582208895,13.06415396198005,17.715241147386287,18.83696776251124,26.774852449616944,25.824421692773143,27.10385046113307,25.076941256207558,29.192692475335495
164,7.945153413992409,10.64850790513834,12.268219461697722,18.660012351778654,17.068551685813127,18.030234367588932,19.165583473516218,19.07095084320425,18.058641304347827,16.568077160493825,16.065400621118012,17.754936723602484,17.689190619820707,19.5591646713408,20.72958094532279,17.97866031083785,22.968792006028664,22.51370907444005,21.959553260869562,23.604386182799864,20.794666666666668,19.981223592530657,24.882851830663615,23.87306891025641,23.586274425287353,25.235270151515152,23.041674893072944,24.26563979468599,23.162538371895923,24.34368287037037,22.450053476378695,24.932183908045975,18.79267196420729,25.06142690771961,26.391996635610763,27.94871005590909,28.11196922211871,30.872323781291172,29.92252685300207,29.923188405797102,30.020685722592592,28.090758447944392,29.45100953243616,27.67515978035827,28.695887208569626,30.21964619883041,29.522741495987542,29.500443256578947,29.271944444444443,29.418626347466763,29.21640625,29.101163479884708,29.317935763888887,28.6183188404,30.034552826666665,28.74361083662714,29.115807721800476,12.050847394755003,15.049910714285712,20.26568431337181,18.59958482523444,18.356672010869566,7.063527414614371,12.150524986824768,7.795195981554678,9.822555750744156,9.529975845410629,10.592678579541397,8.194911783238815,10.34993286346159,11.669998606465999,10.387728457199971,10.400854761180849,10.566605901594658,11.356224029593594,10.89690064102564,15.329236343366777,12.956519748367574,12.62135989010989,9.478454978354979,11.846258364324331,11.784779530701401,9.96424287856072,19.794768990504746,16.506042663476872,19.02308908045977,14.047952773613194,13.296700310559006,17.786875000000002,19.033603344231363,26.827852944157293,25.84699409554482,27.101060606060607,25.173794593088072,29.226196448479055
165,8.024407723717507,10.942184782608695,12.475215665976537,18.68160082972583,17.167090579710145,18.10270347167325,19.135710893876652,19.163869329945417,18.104064986501847,16.69338239015413,16.203746376811594,17.71454868247694,17.676528251350376,19.6465489338664,20.51684733201581,18.17992494977789,22.958588475095393,22.574926124600037,22.142160227272726,23.71687707997853,20.978140886287626,20.257386286482397,24.966247139588102,23.922324972129317,23.66483633183408,25.270714667578797,23.24598119122257,24.62547463768116,23.157137076074758,24.43814100241546,22.463278095238092,24.97083704027107,19.19187978386348,25.08347508469791,26.470306324110673,28.01064435772727,28.134868534112393,30.940011528326746,29.951415839054157,30.09554190296156,30.280992987407405,28.235060376888274,29.493991466437834,27.655051602986383,28.84182093663912,30.440262855027594,29.646737633249487,29.501210937499998,29.36,29.490296936758895,28.95130208333333,29.07686335403727,29.36465606472332,28.5720507248,30.055378786000002,28.78074934123847,29.118532450976293,12.254489310809964,15.33918722943723,20.942973063973064,18.87502873093682,18.549716666666665,7.183570234113712,12.291538291925464,7.880876701800615,9.789925218367248,9.499019543258674,10.78317850644056,8.03773800048325,10.448281018929311,11.736171962095874,10.427886056971513,10.325167486022748,10.510306453915899,11.390260464173508,10.951515138846661,15.259848901098902,12.780412398453745,12.780009754738016,9.51114765173804,11.648766866566715,11.80561064840956,10.001405547226385,19.917224102234595,16.646138285024154,19.191432270066265,14.118869252873562,13.448821287408245,17.725910674470455,19.09943956472942,26.923451910408428,25.877571304835797,27.096619235836624,25.248587463261376,29.243081357048748
166,8.10267397431374,11.008025362318842,12.59788647342995,18.753643225735615,17.273514266745767,18.096132885375493,19.047648022342994,19.01535735887959,18.235026985695466,16.75182860490288,16.22948153899241,17.78440119047619,17.814580627705627,19.72131428035982,20.51560622529644,18.357134997316155,22.7681011198946,22.474395468661776,22.2544625,23.659299760893962,20.944541527313262,20.478800347222222,24.75446172248804,23.648814659977702,23.574649612693655,25.210626094919572,23.437517148081803,24.775211956521737,22.813113488229426,24.526731188698577,22.246576086956523,24.648393092414832,20.21237167874396,24.550052684117126,26.649285905988805,28.08214288090909,28.13659420289855,31.02435950300653,30.05258543478261,30.271368935097666,30.44968464814815,28.392507704837787,29.62442956349206,27.775617136486698,29.13063149238615,30.7226432748538,29.77200637800934,29.682769176136365,29.522053140096617,29.557051705294047,29.148981092436976,29.18855982182069,29.483381351363008,28.6031805004,29.887686052666666,28.820027173913047,29.12639095524641,12.427078243616288,15.665574032247946,20.690375,18.893530797101448,18.518629166666667,7.2234379417302765,12.387397832164815,7.9739070048309175,9.711359366612989,9.697856280193237,10.727637748965572,8.034889449851086,10.504159608507434,11.843070968886186,10.43086070601063,10.36285808394504,10.590749997523453,11.350822185061315,10.921848022448566,15.250231601731603,12.594913650572218,12.711364269788183,9.452416666666666,11.3209579463515,11.76281444099379,9.916491754122939,19.99415747483401,16.732307086783987,19.28421161821686,14.142113068465768,13.706520562770564,17.764547798216277,18.98324488849851,26.95935307446177,25.861062226823098,27.086268912247174,25.350874125874125,29.21115813534292
167,8.224005132850243,10.834317358366272,12.687051414768806,18.782897727272726,17.43985926830371,18.140912173913044,19.06739658094099,19.119824704555437,18.427527353575275,17.061713419732442,16.415397178304787,17.948423106060606,18.010818297315332,19.82751211894053,20.544537878787878,18.778290944589298,22.783101476723758,22.492013492847732,22.36284248188406,23.82750257657411,21.057692307692307,20.43817147435897,24.828907322654462,23.634503205128205,23.6455878727303,25.324369565217392,23.75443952020202,24.906106277015002,22.87363572652169,24.593817129629628,22.61664584562922,24.588874576510445,20.52935262955643,24.22613056586271,26.768453894397826,28.134278356363634,28.16641441419324,31.115739633173845,30.170080630215196,30.324707300275485,30.64022227148148,28.417174624590384,29.67206929543886,27.7956731779038,29.293100241545897,30.42025292397661,29.850497600225864,29.77039015151515,29.662752525252525,29.595853425559948,29.240426342226613,29.19200963718821,29.398797348484848,28.6686192364,30.03783367866667,28.852205204216073,29.164362481788206,12.500271660706444,15.66988455988456,20.84086258417508,18.93781020348412,18.770054166666664,7.326688749846644,12.599631258234519,8.0424577294686,9.756146001073537,9.957091787439614,10.680185475444096,8.187186730251476,10.685327263316394,11.9858860342556,10.467193513632795,10.378240184453228,10.638174234266206,11.3683465085639,10.947139714452213,15.294384057971016,12.350082236842105,12.408516664494925,9.455188405797102,11.359686796212284,11.660561526982335,9.609050324675325,19.980482253191585,16.725086805555556,19.21636039610065,14.181774723839379,13.654781314699793,17.859033882783883,19.079654124514917,27.03221502229654,25.871801128956925,27.059572782290175,25.487518369311847,29.200820158102765
168,8.272615877329192,10.916603260869566,12.697859361135759,18.92298289572746,17.673378065774806,18.48016727272727,19.402034843779408,19.362301172611282,18.516034122278686,17.303471130620586,16.604438324071047,18.15897978896104,18.220493771709187,19.994892991004498,20.862442687747034,19.01489652822591,22.892661047818336,22.54683205110107,22.506041964285714,23.912510716638433,21.338740245261985,20.590786666666663,24.994354500381387,23.714576124961994,23.75910076211894,25.360965301003343,23.813639285714284,24.68314005348516,23.092417337627484,24.71246869052847,22.860814333333334,24.779550159984943,19.735025527009224,24.721159381077857,26.85673644659152,28.186569663181817,28.16869593859197,31.133881517033693,30.27599115942029,30.352285453347704,30.657763016666667,28.416965190289748,29.759569943289222,27.868345485642273,29.497182612991924,30.589339816933638,29.8285128458498,29.85063020833333,29.75177536231884,29.63910622529644,29.29765625,29.117413856847087,29.389157986111112,28.762189760800002,30.186961070666666,28.821618083003955,29.16959183391309,12.608799242424244,15.9278731570362,21.135395833333334,19.194226147342995,19.005816666666668,7.471999256781865,12.734526475625824,8.121300897170462,9.810976918947935,10.15898095865487,10.981101494707191,8.48234877126654,10.793830328574117,12.138572927341043,10.513468265867067,10.46985403726708,10.735131673881675,11.41837517688967,10.93111913763201,15.463518633540373,12.517283641622171,12.39925065876153,9.492836654589372,11.589726727545319,11.6070716873706,9.546924407114625,20.04288312661851,16.729455766908213,19.19706230813165,14.235326149425287,13.657840690624075,17.94404990842491,19.35892804860196,27.078313746941465,25.878975076855507,27.096712335465195,25.58001491262361,29.27369951063429
169,8.33123355546929,11.18664953886693,12.801938529034802,19.18669219367589,17.841974994028767,18.843523333333334,19.777970554061373,19.790399505546116,18.717268978605937,17.605453978187672,16.928992753623188,18.580274497694333,18.362364696207862,20.179698686371097,21.03424282099653,19.152241347357194,23.064057190902158,22.75224778844344,22.63385403726708,24.071805224744878,21.684366666666666,20.84130709486166,25.16323099415205,23.767691287878787,23.93586284130662,25.542089498363957,23.943472183794466,24.992086195538594,23.463110813823853,24.928368542884993,22.996332236024845,25.017019490602564,20.149233013363446,25.16129521143108,26.905615942028984,28.29642151681818,28.249354278030527,31.087879572118702,30.276292503293806,30.247760210803687,30.663470944074074,28.421162985676872,29.768198430429052,27.91979506788108,29.38247528895676,30.702944698703277,29.786533651321978,29.798473958333332,29.755458937198068,29.636324357707508,29.128328804347827,29.095095468138943,29.365871074879227,28.74533730125,30.133514492666666,28.82184265010352,29.169525868879735,12.771395382395383,15.829911059351279,21.10313192614551,19.520681616893572,19.19708428030303,7.6111267434275245,12.877323530961792,8.199068401405357,9.86511038612488,10.401120321589035,10.92461358606411,8.421628859483302,10.929025403240832,12.257773257620704,10.516713315420212,10.547146206308609,10.67798583662714,11.486711316059143,10.950299284652544,15.42904761904762,12.68933110367893,12.298806881524273,9.330026218708827,11.802652597498042,11.677305696305982,9.682529189950479,20.142166666666668,16.738240214646463,19.2333434281236,14.253134745127436,13.7175305991962,18.00751881270903,19.476960675306085,27.042266050030026,25.857701323099874,27.081154687703602,25.64425871325471,29.280494729907772
170,8.412642855182257,11.465333027479767,12.939294340924775,19.57533164886855,18.084608666025332,19.171953840579707,20.086535501612232,20.104748919794762,18.990052696440895,17.616489939119134,17.1655744400527,18.987468139469225,18.555549279853874,20.371358536427273,21.224368165349144,19.146009827375927,23.206731414808583,22.78783333333333,22.78846617965368,24.285078134662957,21.727855052556137,21.038964025974025,25.276162280701755,23.975436872909697,24.113092834264684,25.82031099033816,24.128724603174604,25.193865726227795,23.763210210803685,24.931826248227726,23.25821482487923,25.248984213250516,20.397981856609572,25.549679637994853,26.95040257648953,28.411535555,28.227219023887265,30.87651515151515,30.274090721778222,30.128553015982128,30.483415043846154,28.41563427424025,29.74676046857994,27.753517316017316,29.262179909710923,30.712659649122806,29.699445934500282,29.818082201086956,29.753055555555555,29.745229166666665,29.2359375,29.21769836729505,29.466494791666666,28.731713466666665,30.137173913333335,28.821588556371164,29.125691451620906,12.903404278812976,15.369763888888889,21.140644570707067,19.801962752525256,19.389179166666665,7.700517507854465,12.97126255599473,8.261962011418534,9.992820719269995,10.429548975512244,10.942060447049203,8.60563429539651,11.050793287566744,12.379174718196456,10.487711598746081,10.521783470153036,10.659561736288717,11.514497633338213,11.111344361001319,15.645269260106788,12.587560606060606,12.392407139961488,9.272023809523809,11.386372722729545,11.65723544904752,9.900546885648085,20.225213035527688,16.7779264794686,19.256424225387306,14.250780172413794,13.688641657255788,17.931041666666665,19.339446781571112,27.03634489863139,25.887634253159618,27.067063588585327,25.789881169555084,29.343951964980395
171,8.49807663372859,11.330245082815734,13.057185990338164,19.764371376811592,18.2511510393793,19.430381405357927,20.330781735248447,20.259580158304942,19.133092829358354,17.79770461255063,17.360393863382992,19.227714216309053,18.69944601684547,20.627302223888055,21.3652040513834,19.51029519910731,23.364757411067192,22.844557971014492,22.92557679063361,24.457537431771126,21.811334408345278,21.12393695652174,25.343604465709728,24.14187158584169,24.22487987256372,25.87544920568562,24.313983264049792,25.395833476119083,23.9666841447989,24.997269212032638,23.122387152777776,25.471242118388858,20.93456302151954,25.321623006910272,26.978268189137754,28.44928754909091,28.1894204330641,31.034469696969698,30.342917504779734,30.233233803058944,30.517297937307692,28.29874185639463,29.697840407859307,27.901176787639237,29.317297887471554,30.598923107890496,29.608720355731226,29.876759737318842,29.843599033816425,29.79523329568982,29.383854166666666,29.203561387664422,29.57981734006734,28.709438905416665,30.098260869333334,28.788785369220154,29.022846758236536,12.833873473084887,16.03232077446363,21.37098515956668,20.13044074052546,19.502117844202896,7.791181296773402,13.069002720685113,8.291000768555117,9.846148074952422,10.276908212560386,11.170738575517436,8.484458031400967,11.104551336344814,12.471113916947251,10.505336476498593,10.582510152890588,10.684991765480897,11.5456569664903,11.18492683763097,15.885506869941652,12.468996658312449,12.407396679407547,9.09688961038961,11.552230248512107,11.641922100387898,9.866722320657853,20.280298770257726,16.738936100131752,19.33886263118441,14.294552973513245,13.68597096743836,17.943645738319653,19.575752550201443,26.938002440106477,25.92045248319403,27.054252549986245,25.91457034813013,29.34290651377608
172,8.582680147123408,11.520072463768116,13.135034013605443,20.00546338672769,18.419140853845562,19.664094971453668,20.54238122196342,20.615974007561437,19.195515563241106,17.909539241622575,17.46189001216175,19.35915484307359,18.726007111630135,20.767627317023305,21.540931818181818,19.583062126365697,23.565306466343273,22.949032608695653,23.023838850461132,24.53242715419501,21.94956299827623,21.112705217391305,25.40267543859649,24.04158389074693,24.311101128007422,26.032333787136775,24.421451690821254,25.369096467391305,23.937619047619044,25.096622785829307,23.264572285353534,25.364596273291927,21.19704861111111,25.288515786749482,26.995200713135496,28.47044104,28.065304032766225,31.057915019762845,30.381709224569118,30.152793292089132,30.458173077307695,28.36060804412978,29.668661568425275,27.97391978081207,29.261821586338737,30.45832326892109,29.574544748729533,29.747429574275362,29.800833333333333,29.76682515228513,29.2665275621118,29.24428688141923,29.57584366657132,28.7165642144,30.073586956666666,28.80145005960223,28.968364606206997,13.020115036231886,16.26037180814355,21.686789035541754,19.920821127946127,19.493022916666668,7.793793035608892,13.11561195652174,8.313054347826087,9.735091250670962,10.291403162055335,11.053862146307798,8.517926455187325,11.222750799924713,12.495061728395061,10.574663804461405,10.600221517612821,10.734392731664473,11.596856069319838,11.222825523208675,15.965057971014494,12.263613718708827,12.272002508361204,8.796237812911725,11.7959877204255,11.606546597471942,9.684575893871246,20.340292450365727,16.78787470642149,19.42444996251874,14.345769052973514,13.732815734989648,17.97536301560758,19.62774426184037,26.85394345238095,25.96013272824867,27.07743102006689,25.91046670720584,29.318650197628457
173,8.641612591581255,11.74814393939394,13.400595551791204,20.082889492753623,18.594427089857202,19.59263762187088,20.708113972016545,20.834658854511414,19.481324039067424,18.238440045461786,17.558234392419173,19.553338636363637,18.833906799146174,20.920712032985133,21.806329020013802,19.489084138486312,23.77848268398268,23.155087028223676,23.10787314669849,24.66692048395445,22.092547101449277,21.162678819444444,25.528529748283756,24.16774202751863,24.432981946526738,26.180377786561266,24.599267965367964,25.635142857142856,24.06167261633294,25.170306058776166,23.49455475759144,25.44670383963862,21.644065656565658,25.44552536231884,27.075403186453908,28.50976087,27.90251475052987,31.028351449275362,30.413914523456086,30.17318390494194,30.470405138846154,28.42789895512274,29.682254253308127,28.111722426124597,29.315508608815424,30.46913100989188,29.836656336088154,29.814700520833334,29.823055555555552,29.773510622529646,29.200781250000002,29.316873213053338,29.58398784722222,28.6646969132,30.11930987,28.802967563837132,28.965208528521934,13.039900189393938,16.202839285714287,21.938918780193237,19.989372771836006,19.668697916666666,7.995333441068736,13.197809637681159,8.337395696091347,9.850085778419112,10.322564142871268,11.501479358805446,8.369656035853291,11.22098768855368,12.579593641731323,10.663259441707718,10.52255452880453,10.793006187240168,11.660911345214414,11.279850822185061,15.95416930171278,12.105848861283643,12.106961607233346,8.808935347261434,11.737371249440216,11.614184463311018,9.66560245594906,20.435980438352253,16.893620825456836,19.437028825684557,14.34339918847974,13.914513087843833,17.94190850815851,19.663527606987753,26.850101486246672,25.931733701751817,27.10314156857635,26.001541574367657,29.41687759704064
174,8.72373185466864,11.580263131628328,13.518961352657005,20.204776785714287,18.73810811008637,19.80980028985507,20.768022919411507,20.980589711971746,19.664220578028246,18.175201923076923,17.662174510272337,19.641680952380952,18.997495159813834,20.99005639805329,21.743338850461132,19.602356313523433,23.988086604683193,23.302193754313322,23.161809782608696,24.87750177887247,22.1466,21.170070652173912,25.721798245614035,24.42014423076923,24.59469365317341,26.309571666666667,24.661485139437854,25.650167343073594,24.23567634544136,25.229398779461278,23.619482497725702,25.52967261904762,21.007109232856514,25.53581512815021,27.21593915343915,28.56819611909091,27.951291745431632,30.940719696969698,30.44762573710614,30.09890137790953,30.46882347769231,28.515896470746107,29.834458137955302,28.14454545454545,29.317324926963398,30.54680799220273,29.90263868213473,29.902114583333333,29.879145805884935,29.895084321475625,29.359114583333334,29.4688111983924,29.71711830357143,28.677463423600003,30.131407257333333,28.80293675441191,28.980676069703243,13.18011736111111,16.424890410314323,22.025331018518514,20.308323177426438,19.884105434782608,8.027402850772416,13.281982140974968,8.430233781918565,9.939686112331039,10.598151856089498,11.322608695652175,8.636278296068097,11.299596273291925,12.58145551442653,10.684132365635364,10.433399082801257,10.808806590752244,11.711873078612209,11.39625661476205,15.933453416149069,12.052136363636365,12.0938160269682,8.685356829161178,11.86015206682373,11.536513734281593,9.728841829085457,20.4861110069965,16.931521739130435,19.51818295560012,14.396926759834368,14.021583850931677,17.913672577422577,19.672567926183486,26.809198924134872,25.91014492753623,27.072349456099456,26.009792562509954,29.436028373800113
175,8.804755191040844,11.526592791266705,13.505691229060792,20.361699134199135,18.89024684038452,19.84823306856187,21.072112188460693,21.257402308659717,19.81984022894102,18.261845819304153,17.846570639505423,19.970158035714284,19.126938009043,21.21299089254074,22.064418768636017,19.257659161490682,24.26829848634567,23.51058712121212,23.290800964187326,25.070096705016,22.42066578483245,21.281460131203335,25.911293859649124,24.714116987179487,24.85867634364636,26.441291515151516,24.7644202020202,25.811711571845656,24.535592618251314,25.36879347826087,23.75972380736715,25.902903676292652,20.64375,25.881702898550724,27.370222758990874,28.711467229999997,27.97387366099559,31.236024947012655,30.491688612112526,30.235960733107472,30.497799076800003,28.62038621160389,29.925860788549823,28.190832347431723,29.49568445322793,30.634319645732692,29.913458198586657,29.972054234601448,29.97762077294686,29.95465093124925,29.359337797619048,29.50340181166427,29.82340909090909,28.8023249576,30.177916667857144,28.763492063492063,28.973033332810505,13.25672894433465,16.812627542057665,21.909457528180354,20.5229525913213,20.30163070652174,8.162941723874905,13.402665575945793,8.531133618796662,10.056160500798182,10.672627360562142,11.505440978104021,8.618781565656565,11.282607320284054,12.579435050993023,10.682295459413151,10.496701124961994,10.829363275613275,11.767631804588326,11.389141150516151,15.926767249150545,11.92944861660079,11.98331840261188,8.508053265575006,12.090214146173667,11.610317777256524,9.829889113884615,20.486145177411295,16.933689350976685,19.512833668393075,14.436591744306417,14.017368197278913,17.753920391203,19.782609857489085,26.92558504017549,25.93646062069975,27.062848023448712,26.000551242236025,29.4623241613459
176,8.889285690661996,11.96966199972623,13.58543509630466,20.706715367965366,19.123602316066847,20.02668264051592,21.21757823479359,21.588684233997228,20.01864558629776,18.62852491181658,18.05048516061943,20.160364285714287,19.2370336078886,21.481552372710702,22.692706894813263,19.43573374186631,24.493362977602104,23.875744047619047,23.53916234621768,25.269825714826993,22.59676999463231,21.810632863965747,26.205325393523335,24.915181077447702,25.294301820728293,26.588852006688963,25.07323549788163,26.170956393861893,24.77456518199405,25.601971691553214,23.891884009129015,26.41593401116427,20.869648278627484,26.274026231727525,27.537621176532312,28.827170242272725,28.16623847167325,31.35943640087071,30.55500568605308,30.279086086015436,30.580827365599998,28.796233384369256,29.92752242695497,28.368115427989377,29.519235805257544,30.725296442687743,30.05403191999042,30.026661458333333,30.045555555555556,29.895891897874854,29.317447916666666,29.493524217328567,29.848675347222223,28.9091515444,30.138214285,28.813548752834468,29.001652483559663,13.412599431818183,16.524701173222912,21.909350686498854,20.653072463768115,20.76943958333333,8.212818028148995,13.498944517941563,8.648182538759905,10.221164461978614,11.075730574838632,11.388390758147791,8.663188837129054,11.444055611374983,12.731120661410516,10.633664646688715,10.398733558108557,10.855157984442881,11.793826594098332,11.410328063241108,16.06900614844093,11.937468456947997,12.077060487725898,8.829220034100597,12.611362766055757,11.719230555494509,9.84442846758439,20.464202380952383,16.95345588235294,19.497351422503037,14.490028170359052,13.92230674878647,17.625732998885173,19.683747200125918,27.006015757561606,25.966943102522812,27.10323857302118,26.09105769230769,29.466704374057315
177,8.954446354109912,11.905232919254658,13.598628364389233,21.086416666666665,19.480261514384704,20.631058528428092,21.580520455917874,21.877296863306757,20.43778541492608,19.021818610077382,18.4148033126294,20.502495742753624,19.411708476289068,21.68663862392783,22.92924931771127,19.69111421321566,24.741238397883407,24.11329887218045,23.82863276789635,25.430508639910816,22.71707818930041,21.764037681159422,26.375877192982454,25.169626978396,25.654456843007065,26.815603880720726,25.378874456521736,26.427310265700484,25.038196577263317,25.856692834138485,24.015357315389924,26.730832297553928,21.047917581613234,26.550064967516242,27.664248971193413,29.00539798181818,28.194534427450307,31.359868696849922,30.50025699604743,30.26727602108037,30.6319918688,28.76809146433277,29.988759195212996,28.396538678712595,29.411977975153516,30.702546296296298,30.02019927536232,30.080212069746377,29.99888888888889,29.809804430171276,29.179401108269392,29.42476688516162,29.698091032608698,29.07558833708333,30.092555555333334,28.828369878913357,29.016285351792597,13.60223842226614,17.22884696342305,21.847932971014494,20.93233330588494,21.03649791666667,8.261335702341137,13.558616449275362,8.65849275362319,10.152065217391304,10.712416996047432,11.293912165129557,8.97703502415459,11.492441297873425,12.841205045625337,10.71377122489312,10.424667572765399,10.91312545485915,11.833775208956368,11.544473708356861,16.148117039964866,12.051760606060606,12.201827313856299,9.21010210803689,12.77174039603575,11.781706780538302,10.06482014674481,20.538370777846367,16.956776381630156,19.49357070610035,14.524111909075225,13.891142598343686,17.54553790412486,19.376646903820816,26.961183182759267,26.018788915727324,27.11675667629472,26.08647632259045,29.400254129928044
178,9.036543136645964,11.73453856749311,13.733944334650857,21.383789682539682,19.75504006594586,20.965093635531137,22.072381973161466,22.189890022675733,20.693070983618465,19.014054526994745,18.74831103601141,20.873983786231882,19.473700547256872,21.81474810949788,23.100324730221466,19.85496918053319,25.040354578392623,24.424579906204904,24.147111884656848,25.60881852100988,22.762451499118168,21.648911341991344,26.516109839816934,25.55764106060606,25.77405751370726,26.876160317942926,25.41847684973303,26.494513575605676,25.108505695153436,25.9722840085639,24.038945995670993,26.74213250517598,20.934071277997365,26.47685074926651,27.800774799989775,29.003653880454547,28.255126883198717,31.307813105479344,30.393666691098755,29.991431296662274,30.7669115172,28.911850032906138,30.22513785596237,28.54876214746352,29.610895063913247,30.73350625823452,29.95710832817976,30.118633049242423,30.0187077294686,29.862599472990777,29.46924552429667,29.529617224880386,29.690388716356107,29.029006556,30.166794466,28.860745543276597,29.008883469298944,13.908902094368708,17.72088546176046,21.923442669172932,21.031573442760944,21.17495116106719,8.290533227260916,13.60475960662526,8.668189086847553,10.090381332301623,10.514065860468035,11.491669599723947,9.060177375462702,11.667408613643087,12.868599033816425,10.814134975118957,10.541872448736259,10.994550286564017,11.850947112021991,11.563456519627714,16.326704643484536,12.18196866177301,12.243032198047453,9.335957066579493,12.836838241849684,11.93109514062542,10.40234317905982,20.549146617167604,17.04292968163951,19.6059496382761,14.538434568903318,13.99719889108476,17.542415641185663,19.338862184067498,26.966872521241697,26.10096714209033,27.156379725347115,26.144326564136346,29.3776618309227
179,9.130432053453791,11.96583947179303,13.908280183255478,21.386200122341425,19.92611837978494,21.008238642697883,22.263539355886707,22.336916180437917,20.692755263525626,18.933947115384616,18.901357066846195,21.080491666666667,19.45343251223414,21.91319850788891,23.04936861450473,19.70458362088797,25.03947980083158,24.309429824561402,24.38570886483411,25.67308253623188,22.879175925925924,21.89337815170337,26.38002990430622,25.50917760869565,25.65818262703064,26.83761128454878,25.4161395531401,26.475611775362317,25.38637694551825,26.142603745791245,24.119791161616163,26.65841768269304,20.753893939393937,26.574939397184526,27.875875908846925,29.037236495454543,28.1635422548466,31.386309216933036,30.374539098582577,29.986965050348203,30.748355629615386,28.914805539750812,30.233693181818182,28.520708482338915,29.58497044165664,30.786674718196455,29.91628590344674,30.205955842391305,30.037669082125603,29.879505090429994,29.428854723707666,29.542040108643366,29.73160639684892,29.0255303968,30.483563226428572,28.814187684296378,29.052028064461037,14.047923469387756,17.712450851684547,22.015339149504193,21.38835207797436,21.30257509057971,8.382077161968466,13.644510507246377,8.71467603049125,10.082146168378053,10.694962905452035,11.555975590326277,8.928774154589371,11.67169313741723,12.98653247450349,10.945515635039623,10.689772455805066,10.98552812284334,11.893710047333236,11.682442805383022,16.378186956521738,12.382887445887444,12.38191371385816,9.71690341521224,13.129692958544652,12.113166905830358,10.399991027213666,20.614670771756977,17.302065972222223,19.640449829931974,14.625657220496894,14.132958662714097,17.54400578588079,19.38263988516404,27.041884602811376,26.13356773393005,27.141676819557254,26.200524475524478,29.452947324414716
180,9.192989222661398,12.364969885187277,14.062829380764164,21.408216257517502,19.990146049870688,21.13871341973244,22.402375775417216,22.668885261337042,20.928744532463842,19.019294529745615,18.936119571551636,21.010220535714286,19.635677708351906,22.086602511244376,23.47283281573499,19.536061791134255,25.06829803128014,24.702149470899467,24.472411314229248,25.887576023614066,23.026108024691357,22.158925064066366,26.635394736842105,25.628705652173913,25.79965078824224,26.89277185314685,25.5417297705314,26.5912439229249,25.52961224916388,26.225968900966183,24.1458604888469,26.724715674048245,20.90015558397272,26.59926108374384,27.940015493095203,28.935728401428573,27.9496565847511,31.325188319871685,30.419476773226773,29.94166872529644,30.630549910769233,29.002513769998117,30.155235389610386,28.63424775707384,29.54004018445323,30.738513760796373,29.97981385918212,30.1909140625,30.127306763285027,30.00386800065876,29.41045327221798,29.590742178513917,29.772833559782608,29.07412439625,30.713030830714285,28.83969239869861,29.048634512417404,14.180355613589308,18.083798913043477,22.36445213577422,21.571374606572974,21.499982608695653,8.604430804702544,13.718604314888012,8.815217391304348,10.210527375201288,10.856847826086955,11.669884094568877,9.12256120992534,11.843138410502542,13.072920021470747,10.988224088713219,10.798950082145163,10.987492584117298,11.917685917142437,11.737115802675586,16.543447204968942,12.52962746191007,12.449425595717155,9.970845766552289,13.422624239828137,12.250725898066737,10.455666971708952,20.65975155279503,17.177524417139256,19.663144262892903,14.705430078009465,14.309777062999114,17.577516025641025,19.238066656907236,27.07207502566244,26.168072024593762,27.121296196652317,26.27736502627807,29.41171404682274
181,9.297200222022447,12.54193252399774,14.133707629656245,21.547919254658385,20.209672120619583,21.33325884894091,22.65626423885595,22.800748540193418,21.041557305632963,19.33990827560121,19.06068881118881,21.292865052948578,19.673325053898672,22.247378657262278,23.53043969071229,19.474537037037038,25.214864347526653,24.843442073799217,24.635756138459694,26.124442188634344,23.018674925584346,22.18703864885115,26.856688596491228,25.746811501976286,25.960544889892716,27.096105971926626,25.6946573561704,26.65356600241546,25.551625059722884,26.3530085547504,24.086821894352788,26.823794735285418,21.124016469038207,26.557270147393833,27.99919484702093,28.996849116190475,27.847295927135246,31.432329438047773,30.47618792710912,30.09244414251208,30.672219183461536,29.061217988581465,30.086638943785683,28.699321302267528,29.533991265269975,30.74268225735617,30.0765772633164,30.239848425256568,30.049245718050067,30.00085828392622,29.40895833333333,29.655126291519316,29.773586805555556,28.8360167456,30.24089482,28.860078267143486,28.98581259018759,14.33723861283644,18.198260351966873,22.655299320435475,21.713949494949492,21.688114830368907,8.780036780851999,13.782408287220026,8.917027683668987,10.261847948079833,11.093956098249576,11.73461976911977,8.947479019877413,11.887244716640556,13.149357097545503,10.973888888888888,10.827385224424699,10.929940742832049,12.026551666826267,11.74136308528428,16.6858814229249,12.718817042987524,12.67407796041854,9.853083999333998,13.459430688790942,12.354479795870917,10.414718695846883,20.779741921768707,17.29947306238185,19.702260381375872,14.792724961180125,14.534599096555619,17.697999084249084,19.1609695993754,27.08345336322935,26.18125753741696,27.18126407107385,26.37598658587789,29.400658102766798
182,9.336436730451277,12.71984003746426,14.243581780538301,21.854336907054297,20.369970413242154,21.230051491081383,22.726005003450656,22.79848819046723,21.211369197337575,19.300311449275362,19.182539652376608,21.341411032522018,19.66263704984629,22.299126561719138,23.530759057971014,19.426084886128365,25.35420781573499,24.980219519955547,24.814120388669302,26.19833130803375,23.12697262479871,22.282028149386843,27.001885964912283,25.868842898550724,26.012028548225885,27.40705861660079,25.885141123188404,26.755646802984074,25.54843159738812,26.458176127214173,24.228927724449463,27.05831299911269,21.413707509881423,26.42491509926855,28.091572732152443,29.16894793,27.776958622138206,31.454569084035057,30.49876497091772,30.154733201581024,30.7187147004,28.99493764344923,30.04140070614613,28.524241045255973,29.441167266260255,30.704458534621576,30.114871541501977,30.10729874320652,30.00277777777778,30.041863306982872,29.21530900032938,29.546305994729902,29.74840964673913,28.59245039625,29.995435735999997,28.844575076407377,28.992880976779528,14.37375845410628,18.629075828157347,22.511668225653064,21.730285728663446,21.88534248188406,8.929942068800765,13.847506149068321,9.021617808519983,10.308812155370127,11.239370882740447,11.792734644582472,9.020009806458814,11.93771480331263,13.072187889941514,10.967454435660956,10.849732061416843,10.932241108645572,12.077584419069925,11.729411112438287,16.581599472990778,12.654217159651942,12.45715294669099,9.357455032889815,12.955060857017378,12.24213251755872,10.449265059028926,20.867972907727612,17.33202741020794,19.807223096784938,14.850048848343686,14.436807712215321,17.744901755852844,19.210978748841065,27.151206276560966,26.186280681208217,27.18785455486542,26.434673116738335,29.413418840579713
183,9.390854677629134,12.425164690382081,14.181460568417089,22.08542529330573,20.42724168008588,21.31957462374582,22.856621610122968,22.9195584247533,21.24962365713996,19.504654710144926,19.347060041407868,21.318685416666664,19.680334980237152,22.356517149758456,23.74950543478261,19.372765222096742,25.493490283267455,25.031702786788596,24.94818618247694,26.335735054347825,23.176448336017174,22.10257622630992,27.161946987032795,26.003717608695652,26.017604249011857,27.526548847167323,25.922956642512077,26.64825283816425,25.50295610367893,26.54360255636071,24.284038478207528,27.12612072002714,21.310158761528328,26.562690083529663,28.133333333333333,29.017948457368423,27.6832174363129,31.591769061121614,30.569594101550624,30.27187944664032,30.736456522799998,29.00376798784951,30.02171550094518,28.467778326745716,29.551720350616616,30.773884057971014,30.13837521174478,30.188353826992753,30.030567632850243,30.17426259881423,29.286881365818637,29.650652373275086,29.787456933465084,28.657688159166668,30.158912239333336,28.830078849721705,28.98016802688723,14.442844806763285,18.748231538992407,22.526758295194508,21.748469706119163,21.965169622859026,8.987865105908584,13.93642579239601,9.089151060292364,10.324002708241839,11.2777527605245,11.683031244118201,9.09894415935017,12.021669137022398,13.05628812277363,10.921968599033816,10.954483921875227,11.023961901624945,12.063288683940858,11.752813545150502,16.488210144927535,12.590830745341615,12.294963961869332,8.940298397254919,13.054427818558255,12.2735673617273,10.34076354679803,20.900715784153377,17.36131605004951,19.847610801741983,14.871323563664594,14.340559123847168,17.681359392419175,19.253327355682426,27.164068045696542,26.23033749329039,27.22778833485355,26.449974219620955,29.538754086761333
184,9.476348104793756,12.72931886522725,14.18871172196271,22.148842818239775,20.566150892024748,21.535338904151406,22.90034448326432,23.181452829038548,21.52523392022997,19.63914833333333,19.46465072463768,21.196156249999998,19.726751128550593,22.522014015151516,23.804317921655116,19.289826251646904,25.69483500768555,25.128541886116256,25.153159320477503,26.50073983393805,23.150842105263155,22.163285604793757,27.312565789473684,26.11375803030303,26.101330334832586,27.40086028985507,25.984006461875484,26.72331129227053,25.43186921683389,26.54113047138047,24.459426218708828,27.042670058068605,21.063727053140095,26.27225887056472,28.20693895476504,28.992367782631575,27.796009293081475,31.678339634530563,30.67451873036384,30.4494060731539,30.749154283703703,29.01286055701545,29.98689380587575,28.35646997929607,29.688584523098864,30.744626525553013,30.23433574879227,30.32281801301054,30.181296296296296,30.282478576347895,29.45495395127748,29.736108178053833,29.913095108695654,28.662261473749997,30.152025364,28.783188710266717,29.001438843690014,14.514483781918566,19.25164971139971,22.662002192982456,21.912117825511846,22.11239375,8.981050893550893,14.006625895915679,9.136102327624066,10.340972993647759,11.213085748792272,11.795670289855073,9.06064439033189,11.997642339544514,13.137939784316595,10.934721124286341,10.99172470325923,11.068310291126368,12.1058248420141,11.819907589692916,16.453855731225296,12.474961157936153,12.29731117312639,8.815477602108036,13.363685375021252,12.226435201056708,10.170033124671432,20.883039655172414,17.37605072463768,19.744800136116154,14.869984730848861,14.360927795031056,17.65058598104794,19.316397323824862,27.19642102311939,26.29940284487386,27.272466111786763,26.47580128205128,29.48388377926421
185,9.554507532322749,13.07920901562206,14.087516469038208,22.28614561766736,20.77748336220498,21.763964743589742,23.07508012285118,23.183592743091964,21.61462508234519,19.949510020776323,19.494332204027856,21.26780210489993,19.80621880912756,22.596904770531403,23.885798834278514,19.365309844476513,25.91692263295005,25.325322882776298,25.34472133638759,26.676904790660224,23.064940705128205,22.374172589186177,27.452412280701754,26.2297934057971,26.31919721957203,27.516516666666668,26.242512499999997,27.071713526570047,25.534915969899664,26.684311603352363,24.431010222567288,27.132113143163867,20.606152173913042,26.535604924810322,28.23551395598497,29.026148291052635,28.090851449275362,31.869762129804663,30.754762192251484,30.492036231884057,30.778051839615387,28.984369501874937,30.042157306763286,28.360964458247064,29.93857141573841,30.8948874384578,30.343728433402344,30.376493055555557,30.209734299516906,30.254924818840582,29.43176470588235,29.640242520591897,29.868744476010104,28.539760180416668,30.097931488000004,28.80270719618546,28.980094166300688,14.553280922579834,19.99001846100759,22.743331140350875,21.919413043478258,22.31457083333333,9.144970862470863,14.08308005834745,9.196887077294686,10.322607109744792,11.221162870945479,11.906675293305728,9.103662106311562,11.987811147186148,13.144926926267507,10.993793368467282,10.856640189520625,11.082424791392183,12.221192689489792,11.803094704812096,16.441269809900245,12.301719913419912,12.339578264478094,8.851079735481909,13.563926451276526,12.155017931085478,10.251586706646677,20.89404491504248,17.35018115942029,19.782007183908043,14.894050336438923,14.30376552795031,17.71169384057971,19.395542990289368,27.171804954304953,26.322685185185183,27.272104933110366,26.591234671125974,29.43573717948718
186,9.647860646599778,12.950292521488175,14.157007575757575,22.4096197174522,20.949850121800253,21.663300844988346,23.169397095959596,23.349522151003804,21.73570484141987,19.999783584169453,19.625138434029736,21.380525337671298,19.80796889886487,22.598890120772946,23.95035051739376,19.24176460951823,26.085647447085194,25.525995334892848,25.530420626721764,26.648753441031584,22.947541167166168,22.43277782091097,27.47382326007326,26.47172,26.38820816864295,27.631570077545643,26.35093823561704,27.226871546207416,25.57479905239688,26.708696759259258,24.553719626388105,27.15356707168301,20.525088179936006,26.759874527022202,28.35472356414385,29.147892483157893,28.189128388939352,31.886334278512916,30.791269040741863,30.43225955204216,30.7943581784,29.095196553446552,30.029573589152392,28.644256946939752,29.940294309198705,30.676051236044653,30.36993829152214,30.399953516139657,30.287936978480456,30.286495800395254,29.44088680926916,29.571472197574682,29.92276487016908,28.381348265416666,30.040460316666667,28.795720278958264,28.956051700290228,14.65657738095238,20.32239087301587,23.027326754385964,21.834719474153296,22.52273712121212,9.274642621870884,14.139471060606061,9.236489898989898,10.302564900209827,11.376279095300836,12.085461682037767,9.346820103205973,12.018322477212228,13.175475859352671,11.052398519355041,10.727134640721598,11.121022374364767,12.224591323866687,11.850358381956209,16.46619235836627,12.160962566844919,12.210216177184774,9.076226563291781,13.67254382975976,12.160758203149507,10.293158080050883,20.886283573680807,17.361705261499687,19.899374860797415,14.916261516563148,14.239919184076793,17.763127660383095,19.396296296296295,27.225254584779307,26.322455533596834,27.24248511452316,26.652692624404583,29.388274044795782
187,9.71437365713996,12.868599280291827,14.187519313690263,22.625879815694393,21.046936979351834,21.98847798225219,23.259291472567288,23.648603625541124,21.739416852838403,20.03125923395445,19.963082482663683,21.574409984942594,19.921703953953784,22.67591133477379,24.15871752633,19.599317536998697,26.195820861779854,25.70952390705953,25.679023280161868,26.86308306399346,23.22161270311814,22.27433333333333,27.50604271548436,26.599422549019604,26.524479318782166,27.72316347826087,26.387743790849676,27.147612070190394,25.626284605526614,26.81916925204425,24.668865878686532,27.31295348673066,20.95973931865236,27.215482279868468,28.43539989264627,29.307763755999996,28.456152934966735,31.747888382883655,30.795078892122373,30.403241370223977,30.848149538799998,29.136007020958104,30.095239271597965,28.901587878234295,29.786441696535977,30.334471491228072,30.073297773654915,30.482689360119046,30.393383838383837,30.425772205753184,29.71695632798574,29.690714285714286,29.981196180555557,28.434359903750003,30.134688040666667,28.81997380638685,28.916280508931724,14.846907828282827,19.688607284020325,23.224448321891686,22.079297329801488,22.842651539855073,9.318031787053526,14.137155357927098,9.233707010131297,10.370908968916215,11.606699055775143,12.165228781235815,9.43226039510007,12.08883426097712,13.24530388425316,11.140633509003074,10.778666387959866,11.127740228370664,12.287310039665112,11.956738156234533,16.527867965367967,12.119191197691197,12.102696488294315,9.442734953833352,13.540063409853515,12.212550583474496,10.315033554651245,20.82660497835498,17.330050112930547,19.89362943739749,14.932759918394236,14.358705214299158,17.734072603121515,19.464579455702644,27.21056975167387,26.323002671643977,27.285674008962054,26.63193118475727,29.38931658707873
188,9.799217156032373,13.233934688499906,14.391363486645107,22.885962105527323,21.076654723564143,21.782836834180312,23.200670427097055,23.501898642694588,21.99908569628229,20.14172152173913,19.848620169082125,21.469482142857142,19.958061228518204,22.621464613526573,24.079933837429113,19.499535117254414,26.33771375511407,25.816682799602052,25.810412796442687,26.894003099708264,22.9855959656956,22.471019121277273,27.63668137735643,26.641034378881987,26.668150178157674,27.81200318181818,26.474594104084318,27.322773739634194,25.68851071120908,26.9151038647343,24.757679421122358,27.613785173160174,21.114399209486166,27.03991924492299,28.54575478868957,29.3611368005,28.539808959156787,31.725065671568508,30.77131509881423,30.463584980237155,30.8938405796,29.201720642414482,30.19403250734773,28.931497035573123,29.853843651543794,30.36958650702844,30.322505556899966,30.366357737597546,30.437850241545892,30.537222623966944,29.662665935939593,29.718385586118508,30.07736330012077,28.724910792499998,30.129226598571428,28.893650793650792,28.91073109861153,15.013776130873955,20.29196394064872,23.455486842105262,22.35143574168798,23.08233712121212,9.389247889791367,14.196182585756633,9.30699233716475,10.422456884232247,11.963689393939395,11.967110463906803,9.35419980080306,12.09275174101261,13.336642454291196,11.236456403690386,10.749504967538854,11.157144744546917,12.417135825583577,12.043718015210768,16.66723288153494,12.302326953748006,12.099978073385776,9.436516020211672,13.325530650450176,12.212303127772847,10.166561886520855,20.82414916793995,17.345546536796537,19.86685058692458,14.984369140047322,14.469465702947845,17.788688684503903,19.45561290963465,27.18230872388481,26.27170729763216,27.27541845835324,26.68438513479274,29.36041387959866
189,9.87944109151718,13.242349627598076,14.535790214396933,22.930748973883983,21.102104513329753,22.13686380105402,23.38117684099288,23.659029684988923,22.013980660643707,20.202244999999998,19.94201185770751,21.845042837424824,20.161796469929765,22.67725972222222,24.15687542144371,19.949256154540574,26.551070868196362,25.980938981653264,25.906929183135706,27.106035006497724,22.766804817498656,22.28057211538461,27.665826809586896,26.802778333333332,26.66984064785789,27.91598878787879,26.611947705314012,27.63248289415898,25.565579057717645,27.010902677133654,24.73685658906311,27.69220367494824,21.72603623188406,26.860323815365042,28.568941833796906,29.348623187999998,28.49307442756229,31.74577819785759,30.772533448483248,30.40527536231884,30.925680297692306,29.307402677837462,30.41774014852078,28.972210743801654,29.890277804032763,30.342055301296718,30.483098061358934,30.24211292613636,30.431944444444444,30.582863194693974,29.53013640238704,29.78221014492754,30.167279513888886,28.7746527775,30.006677019285714,28.921555394226203,28.94906497340555,15.209160714285716,20.303146480331264,23.155008145363407,22.468454497016197,23.273539772727272,9.477011174547407,14.241769916752931,9.305690904547726,10.42482955852521,11.96467995169082,12.114390532006723,9.50673309178744,12.181786672178754,13.400814912409116,11.264598077043729,10.883890746934226,11.140402722880983,12.440010735373054,11.929185213940649,16.58720039018952,12.455944444444444,12.160191894793345,9.152435164949468,13.15437727564789,12.154341356107661,10.038483258370814,20.864691983553676,17.452293922208856,19.908357821089453,15.036105053978114,14.389434523809525,17.750777908685517,19.579371980676328,27.136848688750863,26.243342238813252,27.227010026110428,26.714066458903417,29.41396112945026
190,9.916260048224721,13.153333333333334,14.581966403162056,22.808588681849553,21.167358695652176,22.128764545454548,23.3806433963078,23.67334883775645,22.070294713438734,20.07934036231884,20.0853768115942,22.13443852343309,20.201868178351017,22.71526865942029,24.03499285842616,20.03721862343239,26.664247073002752,26.117033625044222,25.96723106060606,27.207136287625417,22.78563061167228,22.1551870819398,27.784672006102213,26.736417727272727,26.639181034482757,27.85658550724638,26.576986742424243,27.52548087395696,25.633978051839467,26.94028472222222,24.9969160821063,27.577018633540373,21.76940338164251,26.7548997416876,28.576060118089103,29.3575714755,28.220859213250517,31.675284269920375,30.744586369246694,30.519740447957837,30.91060922769231,29.325483906525573,30.472513175230564,28.825283823554575,30.09638714173875,30.493192042606516,30.616855668486107,30.31949455492424,30.43578502415459,30.679283102766796,29.663859180035647,29.79022957470208,30.26243923611111,28.862571930833337,30.095921952666668,28.897360248447203,28.952583582547348,15.360835144927535,20.26744246031746,23.444163615560637,22.556753787878787,23.33036742424242,9.417799167195303,14.256535339811157,9.331944444444444,10.468794890473635,11.992184343434342,12.112627939277116,9.475830314009661,12.214109448127077,13.487688478992826,11.280518461007592,10.946934225195095,11.160357613401091,12.433054626532888,12.015641639828234,16.762062937062936,12.347719367588933,12.132005789433325,9.415765755983147,13.124549656989686,12.158492141916055,10.065989164508654,20.91537230491897,17.497391304347826,20.012719349103275,15.053911831827593,14.390114459815548,17.726829836829836,19.56524902231424,27.114235727835965,26.231622383252816,27.202475314540532,26.767516722408025,29.444432831661093
191,9.982795327860545,13.104544020506754,14.577504790992935,22.842839889579018,21.283708060882578,22.21049691699605,23.286213215226805,23.667483709472343,22.03568140645586,20.122427424242424,20.146816209962246,22.344078403825296,20.358298156964906,22.82511503623188,24.11937138429752,20.15119587873211,26.669301877470357,26.316054358282617,26.045028079710143,27.154636243386243,22.892417471819645,22.30732002508361,27.839912280701757,26.862043768115942,26.721769990004994,27.872055741360086,26.704538888888887,27.612146085858583,25.7354984671126,27.012109601449275,24.93739921582041,27.501349569576114,21.629971845787065,26.826616237335877,28.629454221302044,29.383939361,28.157129354577368,31.70946754883428,30.743091743401525,30.698194334650857,30.854570791153847,29.314338853175812,30.500608605821057,28.55120149119655,30.195914285921877,30.827642639206708,30.742589717046236,30.452880887681157,30.577971014492753,30.771552169421486,29.912499999999998,29.913301045055704,30.42935450290953,28.918974479565215,30.393485162666664,28.89504830917874,28.974045066782384,15.437894409937888,20.57611223257419,23.468275518341308,22.6490594629156,23.423315217391302,9.597768676925808,14.270522672375932,9.37342995169082,10.645273386034255,12.132472002635046,11.99466384863124,9.394187801932366,12.302940328305235,13.55167077956933,11.227172736683606,10.940217391304348,11.179110985632724,12.47916544673791,12.166672888303323,16.78013453937367,12.368396386222473,11.811732922874228,9.653468372779013,13.620193880332561,12.043548657605333,10.239513441331283,20.876879649460985,17.480536389413988,20.004397136572017,15.086462897609637,14.636011904761904,17.819557867494822,19.46299241552865,27.026892026261304,26.192344337090713,27.24722308488613,26.762495819397994,29.517369867927645
192,10.01216078658184,13.023691215616683,14.648460144927537,22.915121136173767,21.366790975971707,22.142907879481314,23.395179926260692,23.71274338351043,21.98164282292148,20.10505453470633,20.172083474496517,22.52255339889579,20.43298809096042,22.928193253968253,23.904535658025022,20.471673382374465,26.591786667137214,26.3036865942029,26.05598420148692,27.114963528487078,22.992308862433863,22.435369276556777,27.947149122807016,26.84207395915678,26.680205514126055,27.856761287625417,26.758412232574187,27.56674950016238,25.853958791208793,27.095736111111112,25.092298661483444,27.31834827310371,21.940461878097747,26.518460331522547,28.70055114638448,29.433321773,28.309006211180126,31.577953686200377,30.717755551247,30.64783850931677,30.769854160384618,29.333742066875057,30.452989130434784,28.623284867306605,30.083607671238784,30.712257055682688,30.41193310657596,30.541927309782608,30.728055555555557,30.88988776350461,30.065366581415176,30.04528059573458,30.58026509661836,29.168478260869566,30.484498557333332,28.939423740510694,29.005234311716194,15.458853260869565,20.400618788819877,23.398302822273074,22.672343486011005,23.49768858695652,9.637805735930737,14.30710023036841,9.381165458937199,10.71196323134729,12.073917748917749,12.137126152832675,9.437371678743961,12.525784043854697,13.61409810667057,11.185235507246377,10.898648272017839,11.225112099253405,12.510397017099917,12.156860880608782,16.69915691192865,12.43658961038961,12.053481934731934,9.58265583734254,14.195080300758713,12.281455190771961,10.438229240642837,20.90633395234201,17.488297889098927,20.04628043831169,15.093818905279504,14.718038302277433,17.85340403726708,19.45488842880147,27.05756664078675,26.222608024691358,27.256919403060706,26.778571921023293,29.544815763946197
193,10.07216019828424,13.07045514526881,14.752643280632412,23.01444099378882,21.48331723027375,22.030944578392624,23.390778322824517,23.837496226442113,22.1479188825009,20.30642565217391,20.168337474120083,22.603050324675323,20.577814009661836,23.118067509612537,24.13304143753222,20.60438815083199,26.53586907114624,26.246568965704302,26.107135817163734,27.247388518262913,23.22037951809329,22.472135660535116,28.02228867623604,26.723224420289853,26.68512561900868,27.887465769737506,26.836517546583853,27.59039766723781,25.76196141901577,27.250266459888742,24.910387838610664,27.171293290043288,22.523282279314888,26.308415435139572,28.693283682232956,29.475254676499997,28.45638345627774,31.496172022684313,30.705468860342553,30.583658629776018,30.839736546923078,29.476987989801394,30.50734593963349,28.80943911161302,30.032484450483093,30.587581426392063,30.394091984619937,30.60841736660079,30.7487922705314,30.927620798087563,29.991304347826084,30.147996031746032,30.682304121376813,29.27396531434783,30.517922704,28.969608350586608,29.032963951747323,15.576065115440114,19.918246314072398,23.557133771929823,22.79957580463015,23.51604696969697,9.64006408494563,14.295448379446642,9.466942431561996,10.796024252183672,12.059507575757577,12.380093434343435,9.361378787878788,12.556642512077294,13.603051651783536,11.178988252086077,10.914081661092531,11.217812320931886,12.572005684868005,12.25941641396714,16.62729085192853,12.409986956521738,12.020867432688085,9.416820389755172,13.820582905317677,12.097477968460112,10.538868065967016,20.943513020275574,17.542731568998107,20.030819240542066,15.14030266563147,14.671072722567288,17.89334631093544,19.479640173299593,27.1850455671399,26.208058239398817,27.24579292084727,26.828956406977507,29.565128711867843
194,10.143697774146144,13.045520421607378,14.777359564019644,23.094603174603176,21.577224460470454,22.253982733860344,23.390744653444383,23.799848047181598,22.272631916996048,20.649341666666665,20.307523809523808,22.703323515769945,20.734263916337287,23.22104774535809,24.257080041786885,21.04903416149068,26.539353404171585,26.203319392315557,26.19447299077734,27.34882500819095,23.330197530864194,22.511628642191145,28.099999999999998,26.692404999999997,26.720777736131932,28.081345552092834,26.91813930532028,27.576446839080457,25.652034851018545,27.371795033670033,24.737470798890282,27.3179012345679,22.435444364594563,26.169075121530145,28.610802469135802,29.5141666655,28.262716961677267,31.47971802142407,30.746084773891248,30.555333065866247,30.883374596923076,29.42460983672125,30.446534016049828,28.75597104586235,29.989231332668112,30.645995169082127,30.450045485915048,30.613863111413043,30.859963768115943,30.979208250988144,29.95152406417112,30.193922532781226,30.797907759661836,29.164973219130435,30.55138889,29.012345392702535,29.077808946488293,15.635177583286278,20.4435514618232,23.595514726787325,22.75935571184996,23.619789660973083,9.881461962621383,14.330725197628459,9.459776361819092,10.847729102620407,12.076594202898551,12.568787008011146,9.084097826086957,12.62208850931677,13.562316705704388,11.157047101449276,10.851052118171683,11.249060307223923,12.60824854828478,12.22333587688479,16.509778841268613,12.266985770750988,11.91757048748353,9.534662511401642,13.541314569987733,12.29000985901607,10.821632933533234,21.003185782108943,17.636938405797103,20.09349283008658,15.184520574534162,14.785741089914227,17.98638768115942,19.266140441683916,27.266857068914522,26.270920558239396,27.292217112597545,26.877370714716253,29.56309261390783
195,10.196754018150044,13.056214055670576,14.785345849802372,23.139798215069952,21.612616836429382,22.362037826086958,23.331689405496615,23.860279120532898,22.26444219367589,20.608777536231884,20.41040157004831,22.68721074879227,20.67710312612289,23.256669254658384,24.077179347826085,21.207520331118157,26.57282856123345,26.192673562513786,26.192673830698286,27.535637921860747,23.30469592665788,22.425636217948718,28.041885964912282,26.8338,26.76589511494253,28.120285674470455,26.822740567216393,27.402906796601698,25.554599124607275,27.39668287037037,24.84537583192932,27.352011540526032,22.271417263829,26.5639146567718,28.506780973991116,29.491793840499998,28.24255026636879,31.56496534341525,30.771016271211625,30.53814551695444,31.000372704,29.341456103477842,30.40397727272727,28.87880681818182,30.062770057916115,30.68422936016512,30.25594532279315,30.429768434343433,30.869771286231884,30.90073733617641,29.815824808184143,30.09195457682414,30.714809782608693,29.063287650000003,30.493920787333334,29.03006493978217,29.143091909901692,15.712000283446711,20.309566609977324,23.96686041189931,22.78836391730605,23.669490662055335,9.949098922096633,14.364186708074532,9.533004926108374,10.926614662846546,12.201857785933873,12.306045801432845,9.179599000844357,12.592995741046575,13.594806623864596,11.241636536169144,10.89923602484472,11.346336794720662,12.637203236278369,12.296937847244006,16.511937519002736,12.040933604941756,12.084988242210464,9.234766760699255,13.845651210713118,12.36706977751575,10.786700188866606,21.07010675912044,17.594710144927536,20.095120018115942,15.19245982142857,14.999199515115665,17.99101330734483,19.4224685606932,27.331495447487296,26.32184129946811,27.33143115942029,26.841127150414234,29.562914059624582
196,10.298339813266445,13.115131124913733,14.838504611330698,23.21129388514299,21.677784822866347,22.652009960474306,23.5805283180778,23.915061252547073,22.246743543923138,20.551911666666665,20.519608695652174,22.77487404658833,20.817845528695525,23.36561011904762,24.048672101449277,21.202685311970637,26.51848428383211,26.21052257434594,26.14218181818182,27.59534311594203,23.352241680085882,22.700044143356642,28.130544431731504,26.89529606060606,26.839621297305893,28.2698769509476,26.935382229339872,27.54598617736586,25.698026268115942,27.479152777777777,24.89731402782001,27.58984860248447,21.531376948836186,26.91859411203489,28.545909056053983,29.543312642500002,28.138248267170763,31.674187288766685,30.85403071761288,30.533127705627702,30.969268115200002,29.34498754114243,30.37017457180501,29.133071909021567,29.98244736083663,30.523868965892994,30.161345370703078,30.175328174603173,30.789292929292927,30.65690933794466,29.639556692242113,29.756590136054424,30.49767361111111,28.808776053478258,30.143417647142858,29.006409592822635,29.171237989937218,15.76040458152958,20.74296031746032,24.023252097635392,22.890739750445633,23.867710507246375,9.908068173104404,14.425328623188406,9.587450917398444,10.885325442137036,12.347786252977409,12.329219291869219,9.07136093073593,12.612928522251423,13.692527326404138,11.276654589371981,10.98110276679842,11.34091769140682,12.608596663669127,12.321870145253298,16.573520226418776,11.970925245098039,12.035426155969633,9.195777979648117,14.131723501653626,12.36085044936947,10.62665144700377,21.092019319287722,17.635106332703213,20.04422470238095,15.248542119565217,14.870975672877847,18.07086177409547,19.44613282584297,27.420613017934446,26.40421912360318,27.3673513986014,26.85565004694009,29.578663727576775
197,10.397665340999579,13.435892158795886,15.042838962750029,23.476575470468457,21.772121902833256,22.92890311594203,23.837253856715396,23.988362007926245,22.51962161315299,20.701978913043476,20.707618230358502,23.035185700169396,20.988395539243363,23.526368945947944,24.297484404536863,21.633345629094855,26.537801501992043,26.372595142952285,26.206133743562102,27.739092598343685,23.463160756111844,22.79602666083916,28.18122044241037,27.118625527009222,27.045980986779337,28.388223871237457,27.10998934374804,27.866630213739285,25.89807056982872,27.53355102657005,25.022384894091413,27.719127611518918,21.478746245059288,27.280742745510363,28.610664288744,29.666928656499998,28.116682419659735,31.760537433332427,30.869996811594202,30.587778562017693,31.01576928833333,29.490930342302626,30.422319126997763,29.292538017538018,30.172440025252524,30.534639915004906,30.079138777888776,30.130251895206243,30.73472222222222,30.541822667464114,29.456692242114237,29.571686507936505,30.252447086352657,28.623190463333334,30.22098861142857,29.0766194554238,29.213746874919952,15.845788671990537,20.744276154401152,24.059263348588864,23.01554817678059,24.005475452898548,10.040296409882941,14.430352621870885,9.648816889632107,11.038340101927059,12.401785024154588,12.353432942619598,9.132850473801561,12.658847566226408,13.73599608925696,11.330344046050566,11.093982233044732,11.364602476475879,12.584479334406872,12.40636460191982,16.484770409408092,11.806915760869565,11.912671957671957,9.370935495663756,14.320646725509425,12.527320722755505,10.39963902618069,21.11363035052977,17.632705862977602,20.031020971975746,15.317301436335404,14.661481389986823,18.117332875457876,19.584880812960524,27.51954463109354,26.478177163684407,27.48164207587285,26.859204404291358,29.512131775547104
198,10.473699384854276,13.417541038154392,15.120487483530962,23.666396103896105,21.936846863624673,23.213974242424243,24.108273198947273,24.239821948215614,22.75267396371744,20.942447826086955,20.753889613104285,23.220005864994217,21.23317894786373,23.678372023809523,24.740232435412725,21.60515462757501,26.70764575098814,26.401975931677022,26.309606232782368,27.762610806765696,23.594500603864734,22.879724080267557,28.348029249545267,27.292721666666665,27.262739454136568,28.58956541375291,27.226356267645397,28.147174883540373,26.112966485507247,27.517140499194845,25.16862941399459,27.812195910973085,21.027920948616597,27.385865022034437,28.662886717415702,29.781675065500004,28.275666331148372,31.864191871455574,30.811080509425736,30.483170619235835,30.94903002,29.478604009382995,30.441743856332703,29.18541537267081,30.116932647515526,30.475588209654568,30.318588603425557,30.183011746031745,30.83083333333333,30.627725049407115,29.62536231884058,29.756826382727002,30.446622653162056,28.65934804125,30.136715367857143,29.105958542837428,29.18258805144131,16.01752944148674,20.822712536859274,24.328530303030306,23.188870533984343,24.06694375,10.089214487873907,14.449126677018633,9.736791282389108,11.099006368028107,12.375390917456135,12.477588478488029,8.984088164251208,12.7219665039929,13.698650758795686,11.426334541062802,11.187107660455485,11.389566785871134,12.703395497417237,12.522949281696564,16.491126848192067,11.809657522429262,11.82954824295404,9.251049005342484,13.965425573391412,12.485353059207872,10.5246435386203,21.065139576045308,17.62286231884058,20.05967591873706,15.355852355072463,14.394972826086956,18.120416666666667,19.677685673156684,27.558169735285418,26.501097935880548,27.470133489698703,26.92455533596838,29.531991411701554
199,10.540632654483197,13.59040266798419,15.319721673254282,23.7688648911475,22.16884702703362,23.358485576923076,24.355604321639294,24.446595567476002,22.94993849206349,21.136491666666664,21.030737907925406,23.578734822716964,21.375723414266893,23.82238159937888,25.054448330182733,21.16333908878293,27.047196475625825,26.671847974679782,26.451680088932804,27.87671275296976,23.773236178207192,22.83831835284281,28.53372902364607,27.43580411067194,27.456301054018443,28.709736343366778,27.350609420289857,28.222064217891056,26.385932343924193,27.58159595959596,25.24113552426171,28.033843537414963,20.83339393939394,27.413475161769764,28.716852008699835,29.8614424245,28.277080588493632,32.02978819384774,30.859566345664888,30.493926877470354,30.9676392812,29.591108891108888,30.426584607893684,29.060998023715417,30.136183499396136,30.268071127889478,30.496288477661995,30.380148809523806,30.872777777777777,30.79776027817703,29.667039641943735,29.844336140912226,30.62427370169082,28.767536977916667,30.082802795714287,29.098598484848488,29.206423680486182,16.21975992063492,21.134251984126983,24.435832951945077,23.51322791072951,24.113304824561403,10.012744177454321,14.487205579710144,9.84544999686304,11.173811248220098,12.52237963981099,12.451334965634066,9.156842126218557,12.728695114409401,13.7051535890304,11.514961352657004,11.179768868812348,11.360092226613967,12.791729667273145,12.431570550825986,16.68952630166398,11.928148221343871,11.847126315713272,9.288182156008244,13.775883662961752,12.462518233578015,10.58121892729424,21.0756787042085,17.629479813664595,20.070866200828156,15.399190975303165,14.421750641956388,18.24671474358974,19.594358265191598,27.509253246753246,26.429202044600597,27.443608655836915,26.95936952540213,29.52800119901569
200,10.617798897660311,13.77857780313082,15.495658462091269,23.92154195011338,22.28785714024301,23.32573128682911,24.621950767751137,24.599956122799693,23.052265102321922,21.178023768115942,21.179181497849978,23.688802247183457,21.58604423389909,24.068436948853613,25.303822513891276,20.689667840412405,27.347217532467536,26.861472058292183,26.521578722002634,28.047222756410257,23.94677421558581,23.10251156633222,28.829986651411133,27.555854090909094,27.666186594202898,28.80674519230769,27.533600034506556,28.53961829312616,26.646516262722784,27.71927616747182,25.342510303476082,28.27742517643629,20.5664658008658,27.539124642224344,28.755698287220024,29.903920808,28.400464713295527,31.94905788918076,30.90646974872953,30.553930830039526,30.9821480336,29.575874253229326,30.4354091481927,29.198482378129114,30.039362080472923,30.49429322689134,30.525892215492014,30.390991071428573,30.809444444444445,30.839470797400885,29.453319964349376,29.931235704426697,30.62385361083663,28.883390975416663,30.26953463142857,29.097945534537928,29.188342749355908,16.39874983530962,21.11547314762532,24.48102662907268,23.83938857934478,24.284747826086956,10.05024783791088,14.483160869565218,9.935685139668516,11.300713837723642,12.701040778630293,12.647267598542948,9.243672957477305,12.701155185394315,13.675148242872028,11.50895173457359,11.12040971499896,11.424345002823264,12.782643055450073,12.450736900780377,16.826348631239934,11.980630039525693,11.967122586146232,9.353954258302084,14.062989785835283,12.423196472264795,10.722655397139093,21.099963882250602,17.678486925015754,20.129980158730156,15.485300336438923,14.669455731897502,18.227333572224875,19.448132916466246,27.503946280509293,26.396516878677446,27.38791996047431,27.05608592494462,29.578399986388163
201,10.628644944861271,14.01795846665412,15.576948051948053,23.99415976535542,22.346535014569437,23.143133595571097,24.669190539988485,24.6047038007676,23.121590897327312,21.156310289855075,21.23135406381058,23.7449273636991,21.700737333812434,24.22414979514533,25.418196563597082,20.38753077473609,27.623714285714282,27.072676862611072,26.57366386693017,28.124806964640296,23.832075396825395,23.31486106465998,28.863194444444446,27.671354927536232,27.740408991932604,28.959734297405493,27.652089470794905,28.55889722222222,26.612561584249082,27.81765342738984,25.313940760869567,28.358852067472757,20.205364953886694,27.647523113443278,28.881219806763283,29.901615827,28.409722460903936,31.908606760284457,30.931331161616164,30.69869169960474,30.97161726,29.624471427975266,30.50492424242424,29.197071483055463,30.117057539682538,30.745544722790964,30.696221959858324,30.439882695870107,30.73472222222222,30.832321969696967,29.60229113384484,29.95484887814775,30.638685763888887,28.915605100416666,30.556212560666665,29.112726449275364,29.151992305701544,16.57146663955437,21.589238280094644,24.544173085002672,23.949936274509803,24.417908876811595,10.207070832485591,14.497247108036891,10.0048593857833,11.342256014248768,12.587706741326306,13.003590574842448,9.392909632637894,12.811453095731045,13.75485778841042,11.412939958592132,11.239392621870882,11.439657051885312,12.78627344877345,12.462725015926102,16.714210950080513,11.975834305790826,11.894663760152891,9.494926483772637,14.284458940205303,12.546438738538894,10.74080893226856,21.07676466062673,17.74286231884058,20.172764774239734,15.541468103002071,14.895779724933451,18.18022435897436,19.2699409554482,27.55431272987664,26.421113428975747,27.399764492753622,27.018272714604237,29.55284711039542
202,10.687024183344837,14.387771739130434,15.62510929452629,24.05519939860002,22.351292987162655,22.967567516722404,24.49753311681851,24.735471100759142,23.17799779458097,21.229840797101446,21.13128867056856,23.68319090752243,21.782243296606904,24.28309382120073,25.3794106805293,20.530251821179355,27.843677614655874,27.14376759586714,26.609061137561387,28.216552094946113,23.662279071773636,23.19574511448696,29.036918382913804,27.655730924978684,27.699676786606695,29.151159236596737,27.69861543880837,28.55150458074534,26.6423585065297,27.91730324074074,25.078225175187132,28.339459020489752,20.999396103896103,27.542135020152262,28.937752525252524,29.8716514965,28.482648078134844,31.891336979026015,30.98760692546584,30.714606060606062,31.06118116,29.578041689032027,30.647877846790887,29.162850059932442,30.152403985507245,30.684272328548644,30.64766139657444,30.365287337662334,30.887910628019323,30.9194113292011,29.78424978687127,30.104094774273346,30.662699404761906,28.932055513333335,30.71629399733333,29.10737060041408,29.145973262626008,16.627938068181816,21.66638261496957,24.700700501253134,24.188933668526698,24.405807386363637,10.325695827183242,14.531685256916996,10.003179267338307,11.360026594446886,12.542216224850664,12.984112767591249,9.33057729678153,12.938226066118148,13.738987061050372,11.353075978813965,11.141727827473824,11.463438072725797,12.800683613219846,12.545964142646065,16.705380147227974,12.017246815985946,12.094331001124479,9.588551551423405,14.353830647871797,12.565680597008237,10.81368699575732,20.975728519668735,17.773242753623187,20.134520981218575,15.589721005249926,14.958085709580274,18.163129070586162,19.45322061191626,27.58470654282153,26.44744900697799,27.474101037216027,26.93594382067208,29.576835082876272
203,10.712994013635319,14.025339912280703,15.666493741765482,23.948401719053894,22.410029984885725,23.04910722610723,24.497590467188765,24.866721266793366,23.112972759897907,21.166210087719296,21.274235120857405,23.652845347888825,21.85504041477211,24.290059847308488,25.42453483201581,20.892605452674896,27.944394279450908,27.228341004437972,26.662093955862975,28.260915343915343,23.67428549382716,23.18472596153846,29.02637299771167,27.67859759963768,27.606391185089276,29.114374125874125,27.65408104727398,28.338828862354536,26.51354465009628,27.944409319645732,25.212544631093543,28.21104715499393,21.070238471673257,27.385270104182357,29.034189219165928,29.695820159473687,28.3949736699973,31.809719596723376,30.979154683266135,30.619747035573123,31.077611613600002,29.628765855863488,30.635170807453417,29.17862730566535,30.18127241847826,30.611138799776644,30.734116061803807,30.348041666666667,30.89140625,31.01185138938795,29.84305200341006,30.191406702898554,30.735794384057968,29.046701389166667,30.682056591333332,29.084420289855068,29.154173087400775,16.71179873188406,21.703477225672877,24.891087719298245,24.04469029489266,24.407996640316206,10.385398330281372,14.542735988142292,10.009882229937663,11.362370687551847,12.785178368448829,13.080411535496939,9.453814961679411,13.018805272108844,13.77744918637928,11.42660319077357,11.057627329192547,11.534784149107946,12.84386937002879,12.59372191289103,16.722834334290003,12.25739913936589,12.201319629038927,9.704502016525673,14.00735969387755,12.563560616934522,10.860227239116991,21.0177776376963,17.821394927536232,20.119139439817427,15.625622476708074,14.89073493527846,17.9721693342889,19.777330272029758,27.582961542104766,26.442296759869222,27.439877875747438,26.99291304347826,29.56364202222898
204,10.768826513931586,13.93751893939394,15.701532369146006,24.098088023088025,22.48970840749216,23.13834946846632,24.269028890160182,24.830040582800443,23.15656098044992,21.191713614718616,21.473776662648945,23.627634920634918,22.02024888780521,24.312482531055903,25.482426324581215,21.415752362673558,27.87150620928416,27.390191341124552,26.745550065876156,28.22621472663139,23.8764154589372,23.245990225354355,29.00462213225371,27.668656579380762,27.56701865138859,28.999191224536332,27.66551047979798,28.351240765980645,26.44263975879193,27.89558701141853,25.22624072033039,28.083866670560823,21.113410563916233,27.327150953743907,29.10277671345218,29.706013556842105,28.153426030491246,31.72759852781119,30.873072063805758,30.572581121776775,31.046526990000004,29.66673121524997,30.581339481774265,28.99200592885375,30.18151738892067,30.608364347132657,30.580914095785637,30.32407774170274,30.833864459815548,31.041987801148128,29.869972099511738,30.276401212658975,30.82176819240542,28.964640092916667,30.771641414666664,29.092274374176547,29.19103392721885,16.78371240942029,21.71794226425748,24.91574971395881,24.115714833759593,24.352927083333334,10.310854813305793,14.526080263504612,9.990015106083321,11.452301546943042,13.05749243025546,13.152498823640128,9.554332858852309,13.250672500249793,13.791819361082647,11.446274860405294,10.992064558629776,11.504067774013427,12.832020689991705,12.49688733277592,16.762819098507503,12.231128787878788,11.990360074707901,9.59000404667796,14.544431593671032,12.648424686079965,10.924498618617408,21.028179359184044,17.87310570258349,20.2199675173429,15.653800077639753,14.938372859025034,17.84906614219114,19.90147733372371,27.671011564735764,26.469726702020754,27.452773104088894,27.023092885375494,29.562019683215336
205,10.838690095398428,14.008704390847248,15.698306683435142,24.230131281761718,22.384816307943407,23.203498239079764,24.284919815389923,24.700317301082663,23.111075389323968,21.23295507246377,21.589933180044593,23.731737436476564,22.06646863931523,24.29682994877793,25.40896245059288,21.22491954221302,27.561351989280563,27.360168231225295,26.749810194334653,28.3531390381961,24.002123523886205,23.280022461234417,29.10324074074074,27.600758680555554,27.45276156645703,28.976251950947603,27.687506763285022,28.340604175185135,26.16972610089186,27.827770993179882,25.098366033476324,27.952494775339602,20.381598833323785,27.488671329919455,29.103130764163375,29.68469804105263,27.8121847355543,31.83172294781463,30.883579748376622,30.521624223602483,30.912049878399998,29.503646896581678,30.533238636363635,28.940311147186144,30.242999971269672,30.594630339435543,30.477697673272207,30.29476785714286,30.8515625,31.06886706349206,29.572485641853994,30.217455141476883,30.768754604468597,28.833680555416667,30.584748103333332,29.111233766233767,29.211061842143366,16.880386553030302,21.751062629399588,24.59026678108314,24.238791075718822,24.386060037878785,10.35947628458498,14.512589216073781,9.96744046807765,11.466596607900955,13.140953243616288,12.913738455447602,9.435068209822216,13.314648033126295,13.767769482262237,11.437191166321602,11.029652173913043,11.52003088336784,12.820453238388021,12.470123567455088,16.701113794954374,12.091668698451306,11.827222686733556,9.782782332756756,14.875677741712453,12.741915932152734,11.00250499323134,21.028883135113116,17.809714570768445,20.25423997153209,15.675640539713909,14.936746037347746,17.810812937062938,20.064538239538237,27.74676920764068,26.54652172170288,27.48126349527665,26.952702889216045,29.542222721812095
206,10.925183491517428,13.721306342036158,15.675879017013232,24.03407914549219,22.332650608337804,23.14496369843924,24.190033487044357,24.657976869355178,23.08452869192874,21.22067615942029,21.52635758082497,23.768535997732425,22.12149503576134,24.252163690476188,25.339521541950116,21.688536323378713,27.395271404521406,27.101098047914817,26.723217803030305,28.287352788877786,23.834336419753086,23.281338977146042,28.984088164251204,27.38925588768116,27.280766509602344,28.8144273018648,27.616749590007625,28.158865726227795,25.84787429667519,27.715412367724866,25.06685615942029,27.706102630502933,21.117474335748792,26.810892281132162,29.063269255330592,29.656516459473682,27.81913702239789,31.85879733058372,30.962370406366293,30.534684265010352,30.910190671666665,29.534861786763962,30.486626424929824,29.13838466183575,30.18864805665349,30.828930656199677,30.43280663780664,30.35810119047619,30.88828125,30.988861660079053,29.754486359761295,30.18577922077922,30.697867980072463,28.743805779583337,30.433333332666667,29.142961956521738,29.28278961038961,16.992107608695655,21.498910275111363,24.395469298245615,24.069976342710998,24.433198188405797,10.406079776369632,14.471174710144929,9.96094696969697,11.492808438653851,13.13177434280695,13.199990399821734,9.458430681637203,13.458550846630557,13.790069779924853,11.516723027375201,11.234137681159421,11.566058933323001,12.876557849021617,12.583857927097059,16.65342860976919,11.949042137429135,11.946376323622701,9.731169467787115,14.877757034632035,12.707630505924373,10.988334241969923,21.064845822281168,17.862717391304347,20.2852711719127,15.734241247042295,15.039356884057971,17.822678444743662,20.037707997852927,27.773270712005456,26.542045698531204,27.500609376769862,26.939188365981845,29.593390605400412
207,10.982044130154792,13.967514233954452,15.733446969696969,23.81407177363699,22.25388403357244,23.03613782051282,24.089536087779972,24.619890038832256,22.98102499713582,21.102954999999998,21.52658761528327,23.566732114101676,22.080210247465857,24.2002816091954,25.127521364834113,21.761819420045867,27.067667529330574,26.958204927117972,26.713452322134387,28.330024031996984,23.774475308641975,23.335936809567247,28.756150793650793,27.24046014492754,27.205272772704554,28.666601518952064,27.572362077294688,27.98984913793103,25.722160402097902,27.81256379007466,24.75044649538867,27.535856541233095,22.144811669489933,26.60821112171187,29.071467038396385,29.657616757894736,27.950422206252245,31.770339262187086,30.90925974810214,30.532413043478257,30.959412741666668,29.597016107228523,30.60845148078135,29.328416068580545,30.19889505130975,30.86405912251364,30.54231859410431,30.571066025641027,30.956397192028987,30.998384740259738,29.870098039215684,30.156055194805194,30.681068236714975,28.800628451250002,30.317195524,29.140166666666666,29.268056796536797,17.08590265151515,21.74916414141414,24.573265350877193,23.94818828954507,24.437206431159417,10.50460607329634,14.384782509881422,9.954891304347825,11.647939743652305,13.154211933820056,13.145527565164786,9.316271409749671,13.493547058700512,13.83683847299408,11.610221291866027,11.301192338363391,11.523522962544702,12.910179695505782,12.655725522129508,16.7135877233341,11.719646041982426,11.795683643488754,9.296039978776552,14.719946514837819,12.608441857101345,10.934943648305717,21.04879666714262,17.87408816425121,20.234278597308485,15.748934253246754,15.054380392681308,17.92910086084777,20.168230789607602,27.84926914710286,26.551038072233723,27.49993539069626,26.954062318840577,29.679676420318106
208,10.999445194298456,14.2032858476065,15.723273042332588,23.703576358079463,22.373881715707803,23.13460042946184,24.061844202898552,24.678977704238683,22.92217859359187,21.31127930171278,21.45637622884362,23.688994070025903,22.228143939393938,24.21223688155922,25.564044274264383,21.6441767859757,26.84349019607843,26.873033126293997,26.720953130614443,28.19703858024691,23.88404783950617,23.19548752787068,28.797222222222224,27.344611666666665,27.355579284221523,28.709340617715615,27.52861613080015,28.06144579414838,25.986302144970413,27.867396829180436,25.115768002070396,27.63808414670216,22.21069254658385,26.88479706575284,29.07965321850353,29.680406675263157,28.233621391783448,31.65749054820416,30.854100865996926,30.59132608695652,31.099274676666667,29.58863325281803,30.823225640144354,29.57102766798419,30.318555030114815,30.82739921815408,30.699965493443756,30.55804722222222,30.90514492753623,30.895918388429752,29.89466015655274,30.075081146424314,30.56328472222222,28.677157444347827,30.079007936666667,29.161516563146996,29.265614799861975,17.05745413961039,21.750867581090407,24.324065789473682,24.04460816283035,24.426092391304348,10.502103890158025,14.332663599033816,10.001796066252588,11.72787342019226,13.24302711901625,13.086589363017934,9.320607490335751,13.511561355311356,13.841587981261895,11.596251725327813,11.365099139990445,11.554583922751542,12.967263996068345,12.672319622859025,16.558335773190848,11.670253588516745,11.64541465378422,9.213577631369393,15.095671768707485,12.526866227716383,11.131587696411536,21.024915167416292,17.86233695652174,20.246306640047322,15.763186224489797,14.993142158048991,18.06377049689441,20.477246673080007,27.903754025764893,26.606666666666666,27.538577939537017,26.935273331740724,29.70397031164257
209,11.0671859449348,14.292297101449275,15.716509852781119,23.834195997239473,22.511434600490762,23.28773717948718,24.194487940402308,24.632534219239258,22.988805641821944,21.349364075537988,21.609212279568258,23.8612000569881,22.343733942687745,24.28460819590205,25.607549187883922,21.522266654458207,26.865128536922015,26.807403224794527,26.747895661157028,28.300724358974357,24.010551066217733,23.054626672240804,28.76535087719298,27.428432291666667,27.48411398467433,28.69646021960496,27.51037381309345,28.188870092551124,26.245946801387017,27.99308564814815,25.387158514492754,27.96673876072168,21.49855994729908,27.505382274033263,29.044317289407246,29.738160525263154,28.426445981554675,31.76266469038208,30.8623648558567,30.812951910408433,31.07188698923077,29.591537493638945,30.87101735693418,29.690943461376644,30.401290867764875,30.70661842105263,30.847597088901434,30.53526203703704,30.977222222222224,30.869127305665348,29.764280593660388,30.049654318249036,30.60999879227053,28.621652489130433,30.325818712666667,29.192660455486543,29.312308023715413,17.119510778985507,21.793937056904447,24.370133771929822,24.09001292335116,24.423051811594203,10.524820779192723,14.348314347826088,10.160700483091789,11.819593029899707,13.222417510343712,13.142208321676481,9.365216456249065,13.587589946285599,13.834329710144926,11.583198961666351,11.491143120164859,11.566088217852796,13.068870101986043,12.71475349378882,16.595195310593862,11.558245995423341,11.63889229597563,9.590450545830981,14.7847674150792,12.406120711858698,11.38774817136886,20.983547227198088,17.906933567377802,20.236407873376624,15.792694164078677,14.921823425022183,18.09262542423252,20.833941935610508,27.892187961486204,26.60356615673645,27.619098383500557,26.946285938508478,29.758642987131903
210,11.129220372287401,14.21778149386845,15.69960709580275,23.97303940021331,22.649251122334455,23.35120337995338,24.38667846000115,24.731940640880854,23.18486142071539,21.500385780357927,21.669051087801087,23.94239826251647,22.363904283762317,24.301405734632684,25.64883676188765,21.25625645342312,26.987178811928814,26.803835779759694,26.749382575757576,28.335427356158334,24.07117015566291,23.274290938228436,28.790982972136224,27.461668780193236,27.458620627186406,28.803321212121208,27.571122751124438,28.30608576961519,26.391299881278144,27.997173036001836,25.339792982456142,28.14246783496007,21.30371739130435,27.766922788605697,29.058538230884558,29.77092739842105,28.4375588179936,31.857138253995533,30.915503829051385,30.928263614404916,31.127620476153844,29.692828187084647,30.93269595086703,29.702127106303305,30.387922574934123,30.814962719298244,30.78478260869565,30.592872705314008,31.078611111111112,30.95018206521739,29.83627450980392,30.178321256038647,30.743404513888887,28.905165102500003,30.737669082666667,29.247819616977228,29.32056226613966,17.17358550724638,21.83780753968254,24.448127192982454,24.096549872122765,24.455258333333333,10.683783748457662,14.336783873517787,10.23979641131815,11.879005727785184,13.23678722002635,13.046347962382447,9.321464920948616,13.593558524808525,13.841498926462695,11.606784381077858,11.45201238978413,11.581044189709724,13.07340494315132,12.685634528514964,16.62029926595144,11.456224323985193,11.667465685146844,9.570478163141207,14.603838658322355,12.362986472326257,11.489920380718731,20.920491379310345,17.937613421550093,20.181636553534457,15.824952575051759,14.924087051868801,18.00046884057971,20.630527497194162,27.840854097804897,26.61298400673401,27.63408280316175,26.939214046822745,29.775050423721922
211,11.172433632851472,14.322400137741049,15.85054572868845,24.084826974267965,22.708972883597884,23.233053860089186,24.494241490996927,24.8023678135106,23.045742832388154,21.267348112128147,21.771382165698526,23.835825,22.28262643729788,24.303850592560863,25.515757639100027,21.197524013563772,26.973891712152582,26.82691581968756,26.73121730895916,28.237022628814106,23.90655723443223,23.327836886845038,28.719765446224255,27.43842727272727,27.304594066901956,28.626297631578947,27.550086888373993,28.026475824587706,26.3210938897835,27.965244876299224,25.379389976147042,27.812562041927233,21.75465217391304,27.25237428634168,29.012022338113237,29.751301973157894,28.3983501018086,31.79663100761872,30.93943801857864,30.876636904761906,31.153754306923076,29.735862575877594,31.071343873517787,29.75791098918244,30.321246243817573,30.967411433172302,30.9554495711328,30.63680024154589,31.05685990338164,30.87879603096179,29.786050724637683,30.260891053391052,30.71536038011696,28.819909728333332,30.673172635333334,29.304490165631467,29.304773866930173,17.244822068511198,22.0599365942029,24.673920957284516,23.948796248934357,24.37245,10.686037305421364,14.342698695652174,10.312611324919677,11.872458278436538,13.390085494533434,13.11347263868066,9.354719693361334,13.62197204968944,13.87757568518438,11.560642911626895,11.452759364015085,11.619338471343047,13.072601933761355,12.692696557971015,16.64865638147484,11.601528238910847,11.684549730105285,9.530526755852843,14.692755439322946,12.335651278011724,11.415198603705665,20.87427392553723,17.943308916194077,20.12012060041408,15.867157346491227,14.90702301290116,17.94921579492209,20.498193285512123,27.830858767822747,26.57471342910416,27.653195926880137,26.98534350613155,29.720426393781658
212,11.240301830706422,14.466374929418407,15.88269748524947,24.140723338083586,22.694558147032783,23.25724642748556,24.31643229166667,24.672186511857706,23.29886956521739,21.283697536231884,21.593740046185697,23.7862625,22.409274856484096,24.35395589286696,25.50499998353096,21.520982164641584,27.040080858955857,26.91067727743271,26.793547034075935,27.989198178297816,23.747464813266443,23.567023341694536,28.68793859649123,27.45266227272727,27.288660851392486,28.541496126482212,27.686020360610943,28.050146682340646,26.278618788819877,27.93630408249158,25.27269851594484,27.561513050872524,22.798706851119892,26.736087819185645,28.965429785107446,29.683492371052633,28.202264032438887,31.78378270280444,30.982645942146622,30.903184402553965,31.255886776153847,29.57221908526256,31.00256640807208,29.619999999999997,30.39164687517901,30.888503696384134,30.960653899240853,30.61384772256729,31.081477455716584,30.95241312582345,29.87634174223049,30.307163456511283,30.66837152777778,28.895529630833334,30.88980867,29.23054924242424,29.315826881482362,17.221103985507245,22.4602849378882,24.76058381006865,23.88456979965899,24.48083885438233,10.864882764846534,14.352209244851258,10.355348045674132,11.978375368592761,13.498147782169521,13.298004793280722,9.3537972657396,13.47620506305289,13.846024252183671,11.534516045548655,11.38083193979933,11.647400621118011,13.142654896096927,12.747274221249764,16.665787586004978,11.65895670995671,11.783039844157312,9.699267032547924,14.81464618456078,12.324405462639254,11.356705170142202,20.87900287356322,17.97310262358939,20.16592642625232,15.911885416666665,14.890244867709928,17.92044565217391,20.206048615903686,27.77561174840923,26.56828282828283,27.618123163068812,26.99902068040655,29.674613015879224
213,11.290441022544284,14.448099092936049,15.805768971104511,24.157746721877157,22.679981224425063,23.38844819854059,24.39095673642481,24.77957217930291,23.390393597738115,21.438235579710145,21.619898272017835,23.984782699275364,22.537544130605887,24.365505184907544,25.428183363134448,21.977835158089924,27.094025856389987,26.94365137952414,26.873833003952566,28.03814545220262,23.820174584004295,23.38504100157089,28.674999999999997,27.596079492753624,27.32573713143428,28.513325276679844,27.647614648033123,28.002316108990957,26.202576025960084,27.870162899700944,25.300411746092557,27.483279967159277,23.177825428194993,26.6541957619675,28.92171698241788,29.584376143157897,27.827495417311106,31.688634215500947,31.0091249829497,30.971064182194617,31.221244425000002,29.574757742688643,30.85578922495274,29.435397116685934,30.23424979950736,31.021851015329275,30.95062358276644,30.65228253968254,31.110552261747912,30.988213154269975,30.014812446717816,30.358479166666665,30.783682346563463,29.077478947391302,30.990856112666666,29.231426392067124,29.364727758328627,17.12716717720685,22.581573153899242,24.75691647597254,23.865622229326515,24.503933316080055,10.882897080389453,14.393796350461134,10.43495992534036,11.93668419442876,13.645494071146244,13.179223648097146,9.634515846472368,13.56517517542134,13.850712786944671,11.566508799171844,11.304908497299802,11.719574581215886,13.153795634049256,12.839632502655212,16.773499487629923,11.57766120835686,11.871999576510447,9.771728628922565,14.873492125110914,12.477843366179425,11.327930737297107,20.889538837723993,18.05078664719024,20.2268501552795,15.932507828674947,14.984676148127235,17.84662536231884,19.836064143853996,27.740966202836912,26.586786341677648,27.54878150231411,27.084579912840784,29.544022782417922
214,11.302872507278908,14.347227640607088,15.780998255053076,24.150367024280065,22.686893189137752,23.379792287422724,24.29794795783926,24.940091275901306,23.417646581600504,21.510672798216277,21.705607799808888,24.033333333333335,22.63959768492377,24.34999820544273,25.46092806167263,22.273873401893326,27.087625164690383,26.842737638533674,26.899130681818182,28.09069274647658,23.940703837895867,23.39270698413905,28.651038781163432,27.590996449275362,27.323170233065287,28.516321950947603,27.63110222567288,27.964162392018277,26.25528487689176,27.8438891827482,25.50559578863166,27.432908904399476,22.679631752305664,27.086974637681163,28.900884484228474,29.567442098947367,27.825063011972276,31.624102079395083,31.067279505541347,30.88104808959157,30.999851778846157,29.429713744765643,30.775771896660366,29.314372764916243,30.215271953943976,31.04183632390154,30.7497168893908,30.655305555555557,31.13157004830918,30.962513363448146,29.94776831785346,30.3606231884058,30.780031510759773,29.242219453478263,30.913787878666668,29.29561403508772,29.373202243553546,17.19365660408432,22.56729641131815,24.905794717772693,23.813395005037588,24.61184176473793,10.898579296653285,14.401409337474119,10.486006728778468,11.941432991180662,13.663502415458938,13.234149556288157,9.478375293185076,13.628028402756664,13.853589640365001,11.621023182131877,11.236003145405318,11.715449792960664,13.155650902618866,12.838573461993493,16.725797293152365,11.425066439144828,11.8696833064949,10.164689115232592,14.998006540560889,12.620460355610936,11.202315319612921,20.931098138430784,18.081577887298586,20.266196277605246,15.985455486542444,15.121749969750747,17.79682546583851,19.77503135216903,27.70783059197914,26.562599685606934,27.511122601654638,27.135823958650047,29.536218464841653
215,11.373592550585714,14.524448137501496,15.823598955392434,24.13447204968944,22.78706053025075,23.43677285395764,24.384452479338844,25.078336417535034,23.269061515437933,21.6005532429527,21.904565090706395,24.152552717391305,22.769443346508563,24.370390617191404,25.576313735177866,22.388179134338557,27.0354120215311,26.681800901091663,26.901163453065376,28.08092362399505,24.093871736690577,23.531741987179487,28.656054538520213,27.58794333333333,27.350668172407303,28.52929943456302,27.74199905383091,27.998301593521422,26.35034094394602,27.842636363636363,25.631086201079622,27.529236227750786,22.432118660287085,27.12976526130874,28.815274862568717,29.5251648115,28.008519283746555,31.6249763705104,31.259195754108593,30.72112939958592,30.778964530384616,29.392740447957838,30.72308772985049,29.361772897564823,30.150982632026786,30.965586419753087,30.513364389233953,30.592855555555555,31.147222222222222,31.03396212121212,29.953463341858484,30.34426488095238,30.71781770833333,29.430739714347826,30.94951691,29.353090111642743,29.359446756070014,17.34766177536232,22.779191856452726,24.801208333333335,24.02309734170348,24.64546875,10.83960043847725,14.400321027667983,10.52570856076291,11.887789266892527,13.741862584656635,13.008333706523363,9.61769701916441,13.652548055808925,13.790754059060696,11.702528436539305,11.286058187617112,11.710505463538073,13.179806013900215,12.839436703996487,16.859835327045474,11.614859282593835,11.915566578483245,10.371118028391047,14.937728386288986,12.72736313008665,11.168940200952155,20.952987068965516,18.096883303140096,20.24243005952381,15.99148887163561,15.238156072705761,17.705404545454545,19.719922395103552,27.728542515801287,26.554075213285742,27.523253829503826,27.21767411173876,29.540383544683696
216,11.434417089422428,14.441424635970092,15.837068367989918,24.267361727299615,22.817040946266633,23.719338546417347,24.571325720373714,25.23895581177578,23.364014098928795,21.675816620879118,22.08718247332378,24.445089371980675,22.848561157024793,24.469137493753124,25.692820689145222,22.265427154843632,27.10654900362319,26.753708474496516,26.908920764676694,28.021331651138716,24.332512626262627,23.534662258031823,28.621929824561406,27.71478666666667,27.381647988505744,28.50342067852437,27.752489442778607,28.10799968765617,26.345671540282048,27.965762781803544,25.576333736118954,27.570349082977305,22.483261904761903,26.878964411192673,28.6824769246246,29.427660946842103,27.773223281407425,31.4674306868305,31.221335437710437,30.758778683574878,30.927331425600002,29.455270232269452,30.763794647298774,29.531259057971017,30.13033972332016,30.99291465378422,30.498246301155508,30.841630555555557,31.260797101449274,31.227244047619045,30.210875226449275,30.466977053140095,30.833562273550726,29.602917469999998,30.996315929999998,29.387843249427917,29.419541873706002,17.43324098320158,22.751287957211872,24.649889809751652,24.104625,24.688560416666668,10.925096668805669,14.389291645962732,10.567224041658823,11.978666434225032,13.709817478478806,12.974258725229221,9.561646541139847,13.633293699054569,13.836032425706337,11.817183344835518,11.264923482314787,11.69364465351358,13.20608817064131,12.866115036541453,16.937755472559395,11.737976190476191,12.042727333723711,10.3727533336229,14.830190402247855,12.710552935132863,11.086579031912613,20.95736019490255,18.107798409822866,20.283394521692077,15.976644539337475,15.206604000295771,17.628064308300395,19.886460010735373,27.772951957462826,26.57536259126076,27.47178084596563,27.28286206547076,29.518676499292443
217,11.490695942480269,14.647679309327037,15.899795497508164,24.39166666666667,22.82068663486719,23.74540614548495,24.80863274959742,25.338934426966215,23.353056044727445,21.630546516754848,22.242051282051282,24.480235001713265,22.921135189415324,24.53153231582261,25.679700101444084,22.102137697510564,27.089364945652175,26.768342098452656,26.877883666207527,28.044029087917053,24.444534200702677,23.726062721698593,28.616357222106647,27.775033484848482,27.40253740824393,28.472970043290044,27.7404433747412,27.983913679438473,26.385157552592336,27.996553240740738,25.631390850931677,27.458510744627684,22.506219398764287,26.428860551071544,28.582919814602505,29.392658690526314,27.92481345408977,31.517908902691513,31.310351414141415,30.687738095238096,30.961725828076922,29.513075161882934,30.723126068953103,29.577666609706085,30.10880176374731,30.95580899575465,30.435903682601953,30.819891666666663,31.33111111111111,31.317668642951254,30.152089371980676,30.49857819264069,30.991724238699103,29.65727152,30.884380952666667,29.423245614035086,29.450039700387332,17.493820833333334,22.607130155472547,24.579464885038682,23.94591867201426,24.720357196969697,11.02364923159164,14.386910627705626,10.602242063492064,11.846273964131106,13.66281819915401,12.76547700175886,9.69873049052397,13.674875631614762,13.85405162738496,11.832123015873016,11.37540241621124,11.659949730221468,13.243477510459607,12.820507148906994,17.087213723385222,11.762098655730234,11.987012051734276,10.23238459553862,14.811465419501134,12.776697431937203,11.138275862068966,20.930674055829225,18.150502237044357,20.263471855590062,15.990182629029873,15.088561446317657,17.648306969696968,19.729632313472894,27.807863688459573,26.56400439871454,27.51087246087246,27.326232052971186,29.460151739659413
218,11.56088740318994,14.8297113997114,16.073447614137596,24.460165359049796,22.81047843950199,23.756215617715615,24.776388225353724,25.317397691808935,23.274610903440074,21.580153985507245,22.227945344129555,24.583547761387162,22.92174684343434,24.483958855799372,25.64028145272602,22.325915312545746,26.87590141730605,26.627346861471857,26.8147821969697,27.932184410530425,24.48165291196994,23.83801832497213,28.479605263157893,27.734812173913042,27.21013888888889,28.358506811594204,27.722181582125604,28.012727511244375,26.356528830126848,28.03733833678399,25.474100217391307,27.49476222415108,23.208291999276653,26.95177426438296,28.57398865502314,29.435666736315785,27.754824016563145,31.757801311794697,31.350346606750737,30.78353623188406,31.054444921153845,29.549787269026606,30.72729201957463,29.603453157349897,30.1801100467634,31.08055555555556,30.693246894409935,30.896124033816424,31.308888888888887,31.369247117918313,30.037451690821253,30.4426231060606,30.982948412698416,29.707390677083335,30.837839026428572,29.41907894736842,29.41423340048078,17.56026875,22.439896825396822,24.396894164759725,24.006495098039213,24.712221105072466,10.996491362904406,14.369692391304348,10.640959988079553,11.804964356295878,13.790763065436979,12.825831159095777,9.751704512116412,13.726178436361502,14.067998770776548,11.758281322542192,11.395145922917662,11.653479998580114,13.22893536175382,12.782809350716573,16.921351105952553,11.858954545454546,11.974087879601164,9.894108130999435,14.7871612775545,12.902528046895895,11.097945712972392,20.905511619190406,18.15518520805885,20.241345555712403,16.015773680124223,14.905201058476232,17.676761801242236,19.799112414692125,27.77109575961478,26.591714766714766,27.506975633062588,27.404393613632745,29.535328770799786
219,11.594603979756155,14.76967635539064,16.03056868304978,24.422331903776,22.76748068692262,23.71646413550218,24.603521509995993,25.219740070542382,23.174270152902018,21.575001610305957,22.128369885263478,24.50977289078675,22.927620229945145,24.441131211180124,25.41831754658385,22.762740325964963,26.697272907647907,26.414255791611772,26.681425754581383,27.8188696079149,24.319086563530405,23.591666736343367,28.41535087719298,27.56070260869565,26.978176328502414,28.246089492753622,27.619017786561262,27.9027243878061,26.338191819955405,27.974053817157078,25.15352406832298,27.194117032392896,22.76061403508772,26.938695652173912,28.537078425073176,29.4688818105,28.14458616780045,31.783031878329613,31.47310986871185,30.677511198945982,31.138394938076924,29.632987651582372,30.763032226122963,29.721529366895496,30.40259731869526,31.36378009259259,30.89436170713345,31.02091111111111,31.23085748792271,31.375808170995672,30.154166666666665,30.41374702380952,31.032476524758454,29.716563507083332,30.82014191,29.430649994551597,29.422457608695655,17.665885351966875,21.93936111111111,24.505896167048054,24.10979901960784,24.701011904761902,11.055500658761527,14.363221014492753,10.704246091240096,11.81649374176548,13.656606437041221,12.889783431934067,10.017160375856028,13.742653954397534,14.063009930220074,11.715985679779157,11.537382943143813,11.601203755986365,13.205845288635144,12.835920741913366,16.761236763772995,11.945718181818181,12.08944404361071,10.291870122630993,14.682334387104124,12.950565789886442,11.045973441850505,20.91036398764903,18.16527141563147,20.200028273809522,16.032172305764412,14.626695722755505,17.851915942028985,19.979205094422486,27.795768633540373,26.604233152783877,27.55165133779264,27.442815934065933,29.618151319962912
220,11.679888829769265,14.801354382332642,15.966869655234493,24.295798708152564,22.74668215976187,23.689819865319865,24.558102945809704,25.14475543783884,23.100208354060957,21.4455162311521,22.031760033444815,24.41466844801161,22.863037976104923,24.40123129442574,25.2904016563147,22.444462767774365,26.563323541537827,26.262446806375205,26.507984766139657,27.76237499174754,24.339910493827162,23.545139492753624,28.31392543859649,27.500978333333332,26.883638559508125,28.149733695652174,27.516258836553945,27.75949525805279,25.913805555555555,27.88298148148148,25.20123057312253,27.015531186901423,21.93190476190476,26.708670634920633,28.507501830635483,29.532611434210526,28.320104774452602,31.836528326745718,31.282171211180124,30.664760869565217,31.04088319111111,29.630053053830228,30.84495597345314,29.718093434343434,30.447306300583474,31.630009259259257,31.155907287157284,31.008441666666666,31.235580808080805,31.265316287878786,30.29505208333333,30.408708333333333,30.941853360189423,29.639941713913043,30.905019575,29.41114417989418,29.44321015151515,17.71395238095238,22.40701424963925,24.67114805764411,24.077725490196077,24.632453157349897,11.127051745892325,14.33994016563147,10.708212341197823,11.924564034840063,13.637363389534443,13.107066203740235,9.9666674991675,13.797371175523349,14.05964939247548,11.624531228433401,11.521430652680653,11.61139382960035,13.192633808756998,12.81979913487134,16.785228004684527,12.023151515151515,12.12399028649668,10.308580685618729,14.52349501559517,12.971500973577836,11.086459448847005,20.90441547976012,18.168786986714974,20.224881887587053,16.039706845238094,14.674657091097307,17.98601928853755,19.937125603864732,27.831741718426503,26.62277911969941,27.556980338502076,27.468952161968467,29.6218185129417
221,11.665950147611381,14.624683447749808,15.93334980237154,24.28383603111864,22.7663282157322,23.64545137363978,24.635232227759637,25.087614535298638,23.28954103279623,21.4416693984357,22.020367494824015,24.42298222912353,22.892593491735536,24.432283356337706,25.27108015716168,22.347150333563377,26.41949177414881,26.28215216099615,26.40326325757576,27.79617907826346,24.449313472893184,23.795925763548045,28.269605263157892,27.44004405797101,27.01976911976912,28.148136686682882,27.581014673913042,27.876236667380596,26.093911992596777,27.82658021336554,25.291712613473482,27.099355679303205,22.809068950373298,26.5517306763285,28.448117791753475,29.5740613635,28.47635281385281,31.911948645242596,31.241064470514228,30.683801712779974,30.951260606153845,29.52859907302842,30.75828619710472,29.755893398268398,30.472553048715618,31.495766203703706,31.095344268774703,31.11772222222222,31.319202898550724,31.268793478260868,30.377941176470586,30.483720238095238,30.95339409722222,29.410432449583336,30.8760988025,29.409887566137563,29.42770471861472,17.72964466873706,22.641986429512517,24.444014416475973,24.0613198561704,24.550935846560844,11.163561268307646,14.293432562582346,10.69778949810809,11.933027362130622,13.642911255411256,13.224158780999112,9.87496837944664,13.85733351457989,13.977541460150155,11.597184970826275,11.398091491841493,11.64589229249012,13.172071299607532,12.874852478310164,16.886245807756104,12.170833333333333,12.22026455026455,10.46504138976965,14.603614648904504,13.000485698231861,10.890400011033444,20.90530491004498,18.20001029314888,20.28230505952381,16.0212218013468,14.79037914078675,17.965148799171843,19.99908923604576,27.785870489500148,26.63225692048156,27.536284965034966,27.524322869159825,29.70356881443838
222,11.64978849111415,14.489294340924776,15.844035812672177,24.310309135309133,22.856610116869177,23.633948738593663,24.514761679719147,25.10604013987538,23.154243870653605,21.620708333333337,22.1380344266241,24.42605952380952,22.978437183095778,24.437021683673468,25.33627462513332,22.56946727744433,26.402793046928917,26.298718124568666,26.375107683982684,27.78706045356951,24.589195512820513,23.749019959207455,28.22072845156369,27.39113760210804,27.08683080808081,28.15146824009324,27.58986956521739,27.91241691654173,26.192914117015565,27.757866792929292,25.48132208552317,27.23649715320911,23.53125,26.82077639751553,28.468101808630884,29.580144747500004,28.382816967366654,31.97261632341724,31.184619554865424,30.713471014492754,31.072192700000002,29.624605331262938,30.863106490233143,29.80760582010582,30.457265442311314,31.09976346801347,30.837618409090908,31.149150505050503,31.370519323671495,31.402409555315508,30.48597612958227,30.52537551759834,31.02281944444444,29.508368055416668,31.01494047625,29.446658615136876,29.47283909090909,17.772693815876153,22.797366287878788,24.496261458983426,23.965662936913898,24.487380952380953,11.188220611916265,14.248445026350462,10.673499776085983,11.890198569546396,13.71078884078884,13.229704433497538,9.756478558055216,13.832721273291925,13.941390230810521,11.39908024883662,11.224129041248606,11.627520390237782,13.175129922412532,12.94111219028125,17.21317016317016,12.226202898550723,12.313994351729859,10.54107441471572,14.525768633540372,13.018780635772094,10.981245531540448,20.962243115942027,18.2106038647343,20.34274468537415,16.043517786561264,15.031369047619048,17.884241739130434,19.943097120271034,27.794022590443497,26.65780022446689,27.56355012740882,27.652452619843924,29.724793975561237
223,11.69916082099836,14.542554347826087,15.809213250517598,24.448390498231745,22.90940323525106,23.834682165861516,24.54604426591052,25.184870443566098,23.176360349716447,21.659507533931446,22.248885172798218,24.453456349206345,22.9968970410628,24.439635351966874,25.283585458623502,22.616075056116724,26.390503615346006,26.309245223978916,26.39058374505929,27.89031978185811,24.6886266025641,23.78328,28.19956140350877,27.447124446640313,27.186887806096948,28.11301184503902,27.536138586956522,27.91699411231884,26.230761953559053,27.7635582010582,25.507211544795783,27.324255952380952,23.462275060386474,27.182111801242232,28.491784221525602,29.62745,28.049790843214755,32.102215085638996,31.15997208262752,30.692833333333333,31.034392419615383,29.538218755881797,30.801945494643984,29.853373015873018,30.394427028985504,31.200439412238325,30.748283860342553,31.17943611111111,31.443840579710145,31.544813241106716,30.453003592741446,30.56111842105263,31.12998248106061,29.579347826956518,31.222837409375,29.484702093397743,29.525132567287784,17.760957386363636,22.324150793650794,24.493883286526593,24.146693716710022,24.47903373015873,11.227292246132825,14.192677312252965,10.66414406433147,11.787629735688741,13.666742424242424,13.208500581390782,9.729240125816213,13.747923724825899,13.904421021812325,11.397826622403084,11.215307971014493,11.666603221657569,13.166856975552628,12.872994071146246,17.22275342411212,12.27964044795784,12.483227748499488,10.613771011597098,14.973105472426125,13.086753246753247,11.065407069192677,20.99403790751683,18.239607056590753,20.415179347826086,16.050890432098765,14.965112577639752,17.866988840579708,19.895089285714285,27.792994566897903,26.648765432098767,27.589483463396505,27.702972027972027,29.728103498755672
224,11.744424770995355,14.423019927536231,15.799160079051383,24.498511904761905,22.82666888083736,23.726953406563915,24.481328086768304,25.020412997404165,23.37252638626339,21.56930120650954,22.168942527723992,24.43423665223665,22.894615830809503,24.465469812925168,25.220791954771645,22.87716121031746,26.315165101547866,26.309044168391996,26.408628540843214,27.823639298654246,24.599251070487483,23.73033221850613,28.120394736842105,27.507757608695652,27.287630173549587,28.0677004155265,27.574142297979797,27.968317528735632,26.25912209656956,27.850579099821747,25.49471525919732,27.475762486403855,23.508908514492756,27.063974292615594,28.537630843669074,29.6381150535,28.290422864225782,32.12554752066116,31.23848436162871,30.8188465085639,31.084469153846154,29.564644798136644,30.770693806823296,29.741808390022676,30.298125,30.736049019607844,30.437847272256725,31.12894206349206,31.52583333333333,31.49231845238095,30.567268270944744,30.538867236024846,31.132647569444444,29.530257935416667,31.338632246875,29.431235697940505,29.559347914438504,17.857895502645505,22.34917132505176,24.248736746758198,23.941245098039214,24.436019140989725,11.320138217928072,14.16416394927536,10.630524916113373,11.822033161584793,13.723768037518036,13.241475690726064,9.751194457716197,13.834454118603963,13.860974185044551,11.593318603855966,11.233646878483835,11.651013394817742,13.185252964426876,12.835900103519668,17.437844401974836,12.43648695652174,12.616602803396281,10.406606557693515,14.720531092871932,13.067052962489344,10.961438030984507,21.046734855786394,18.25970108695652,20.43216382995886,16.05928086419753,14.950124358043613,17.80704018445323,19.874348884810843,27.82860119047619,26.671082068092936,27.639003349815706,27.750429280864065,29.70145790993903
225,11.766600033836971,14.351168046928917,15.796615505706415,24.382907647907647,22.701392301203896,23.69991316808527,24.49026307498425,24.954622735507247,23.402632325141777,21.48920383179622,22.20221837673196,24.50786526758266,22.950827941327447,24.444435623706003,25.07445871761089,22.81921903232637,26.189636779283518,26.179440836940838,26.44786131251818,27.744578239695084,24.71497641941392,23.634901895206244,27.994836523125997,27.544625652173913,27.23229539180626,28.049279035276317,27.5717628752588,27.903994815092453,26.273333282793427,27.795887605042015,25.489532373966615,27.569641859742397,23.3524283008658,27.143494729907772,28.55921949739416,29.611879211,28.508685300207038,32.13843816234176,31.31508710803689,30.926905797101448,31.127474790384614,29.4618694711086,30.666241902722877,29.630689111613027,30.289100494071146,30.581616720696672,30.277198003399867,31.153873412698413,31.578145272601795,31.38213507475511,30.560807951639156,30.574144117086195,31.139772041062802,29.569089673333334,31.26596982,29.49881769641495,29.572354358178053,17.86401193501116,22.02905357142857,24.310681523472713,23.860229646206307,24.39566202919464,11.329156558685543,14.154563333333334,10.641566262323385,11.736954000967975,13.735451800614843,13.213543406867995,9.867704849498327,13.860081874647092,13.84318730786122,11.685681755442625,11.27608885679538,11.673037361189534,13.197491054711879,12.891732337796778,17.574909202445433,12.496957575757577,12.478483916110727,10.255978061793279,14.862415890269151,13.080557356653916,11.04721616464495,21.092987378021512,18.273583937198065,20.48547646103896,16.075437332259796,15.049365404264474,17.87717794466403,19.84595713120558,27.848986061816028,26.73171653561146,27.722323352975522,27.682952084147736,29.686159298296978
226,11.8582640490979,14.614061527773163,16.06427042160738,24.275463082701222,22.703804900715227,23.653514700141514,24.39132491353755,24.864895301780134,23.267783265318347,21.379805561655196,22.092222903907686,24.45443375077304,22.979761117670208,24.387767145445135,25.173266563147,22.464120771826515,26.18548163268844,25.931730978260866,26.446975378787876,27.628396258503397,24.73171291208791,23.700175595238093,27.859914274322165,27.494335579710146,27.106867039964865,27.974929696209585,27.495029250188217,27.77059888805597,26.273101113794954,27.725177334943638,25.452229739356977,27.62332982105886,22.425990234403276,27.212301587301585,28.57276670106505,29.580387467999998,28.44792763157895,32.09613933333936,31.353768860788335,30.90869090909091,31.04970238076923,29.53178284900917,30.789738005050506,29.79010585100012,30.31558287878788,30.279418764302058,30.188166021349247,31.0896626984127,31.549577294685992,31.184406126482212,30.43799019607843,30.47791287878788,30.995662563131315,29.252196970416666,30.960778985,29.533414855072465,29.58364197973524,17.898740642897476,22.286815476190476,24.131269736842103,23.668882575757575,24.414411513157894,11.207538061777191,14.138934202898552,10.707785469373793,11.682182029926595,13.797171874019702,13.224479387100708,9.861817168338908,13.937882989164047,13.847884904950122,11.803664157098941,11.299381687153426,11.710451251646903,13.243205707336141,12.973597979013741,17.58955838579027,12.521702898550725,12.337022014485783,10.598846956183912,14.816797692397117,13.07013818867468,11.18786175094271,21.12255644499179,18.300572916666667,20.482934486838214,16.109432765151514,15.332252376246942,17.821734736842103,19.758621070958025,27.835203157349895,26.72007648953301,27.71907051282051,27.65058680354733,29.750920842889442
227,11.904852341628352,14.594002275721643,16.094531316838626,24.26788974097118,22.695717564066438,23.504075287903188,24.276847963328944,24.844329719947925,23.309826134010915,21.474976946966077,21.98723580767059,24.28661066745539,22.92508198479715,24.35676488095238,25.157403467908903,22.698145048533245,26.026411204079185,25.946434845347888,26.407759986225894,27.573652989130434,24.505820512820513,23.652240165631472,27.66395881006865,27.443835461133073,26.918442028985506,27.900568910256407,27.415790144700374,27.569726850860285,26.092189666311945,27.60930324074074,25.43360623188406,27.29579128362738,22.70973372859025,26.857648770311812,28.548542692939243,29.513062283,28.363012077294684,31.824627093920572,31.28863912384717,30.67371277997365,31.01131855269231,29.58492259552042,30.73163765478743,29.813963391680783,30.24349891578832,30.263008771929822,30.09839115905706,30.909370707070707,31.515555555555558,31.028965462074158,30.31695439045183,30.495240492535686,30.82767574522398,29.006005435416668,30.844134963125,29.615614130434786,29.627970310559004,17.91934693877551,21.840974386724387,24.058036899313503,23.658892024340393,24.290812896041157,11.255279851656663,14.064448439241916,10.773316020561147,11.768034269043586,13.875918344940084,13.239479340416374,9.889916514644776,13.93085255841467,13.879620377433115,11.841876166573517,11.2933465085639,11.685336611456176,13.270993753964767,13.045464941955043,17.35747389352462,12.603793579608796,12.406295484080571,10.689916152687893,15.031913795586565,13.047051902117897,11.266777731264238,21.153654649947754,18.29361865942029,20.499048790454395,16.134216679606627,15.33036102484472,17.87386393092415,19.86047783738001,27.844314736764268,26.690351689408704,27.745394370122632,27.5647365287268,29.8529624329603
228,11.954851116224003,14.712518714816145,16.17720816150467,24.097409969658944,22.64720817997086,23.32354655858098,24.160691836846727,24.695714293556687,23.14091253443526,21.404359557109558,22.004909203115723,24.16510452610996,23.000082155284904,24.36126866883117,25.095924490766883,22.91071096165739,26.082117381336246,25.88907083254909,26.33285382231405,27.500737418831168,24.421138015064646,23.84909833333333,27.66535087719298,27.393352621870882,26.795464767616192,27.825321697324416,27.40116248693835,27.542297003284073,25.988079222408025,27.563352757648953,25.461234106100633,27.139387428138857,22.876560877315352,26.72832154359328,28.50032767707056,29.502967753500002,28.353015623297374,31.689792137210613,31.223540053790604,30.614757575757576,30.938507410000003,29.556235211475894,30.64585625687242,29.75714681638794,30.1245090513834,30.55444907407407,30.34823312811013,30.81412777777778,31.50521739130435,30.825060964083175,30.002205882352943,30.46433576790948,30.70586426767677,28.99851061041667,30.80923266,29.573434343434343,29.642545346320343,17.91818719806763,22.268315476190473,24.10998150266972,23.586950281803542,24.276815476190478,11.340739840317134,13.991785883500558,10.848954751947335,11.853711611751004,13.676886171291207,13.234770462513104,9.940437370600414,13.959056878680327,13.809726056284026,11.784113677346497,11.339052795031055,11.674956839761936,13.287879069795098,12.986293778232637,17.112359098228662,12.616302447552446,12.47204391801614,10.492303927956101,14.856880411255412,12.95480091863387,11.363587410840035,21.180654519331245,18.299944897342993,20.48928720238095,16.143360119047617,15.291578305235138,18.07968537569013,19.845621774297403,27.91225900101043,26.701515578490216,27.70401636407071,27.532104881833142,29.865371646682387
229,11.974518405388471,14.685596649727085,16.291401515151517,24.141526957890594,22.668697109988777,23.323524130190798,24.06183214619016,24.600471079192545,23.158161219560288,21.444797120619583,21.99074666275753,24.198845949288806,23.196263257575758,24.407837214480654,25.155943754313316,23.31002930816595,26.13526018306636,25.950586566642468,26.29764393939394,27.569150801624996,24.504616011705686,23.858835,27.677453886693012,27.443705606060607,26.903566966516742,27.869708219316916,27.343250483091786,27.63016360569715,26.13154052650248,27.618533011272138,25.51320666696004,27.23181230001882,23.225283549783548,26.961590595394945,28.485441564931822,29.505542159999997,28.608958333333334,31.727453416149068,31.21866484848485,30.612447487295313,30.9195536232,29.556596749371685,30.525131987577637,29.82401019119769,30.114247095371415,30.484727646321684,30.543170117322287,30.887225845410626,31.465833333333332,30.824343145197584,30.03121270247229,30.38459601449275,30.77350347222222,29.060006313749998,30.80138134,29.5390589569161,29.628454668737064,17.90212343936257,22.52859411663216,24.038001307616867,23.537871843434342,24.293374101013402,11.351694742455614,13.889171544035674,10.856891554222887,11.948821354628807,13.65812115103305,13.272769053784796,9.810355857910206,13.95549744897959,13.86698419761158,11.7117613370734,11.403538942941118,11.652428298837593,13.274409141583053,12.962108683452888,17.17368491680086,12.535596830705526,12.45787037037037,10.603650867461608,14.917180735930737,12.881065020210983,11.37137773816441,21.207291666666666,18.3101856884058,20.536247276726897,16.142746182712216,15.394368685689377,18.289628472222223,20.170454338485968,27.919915890269152,26.752454679646707,27.7418030339226,27.550117816965642,29.850887669388175
230,11.996098647858352,14.738778140573983,16.35192211011719,24.163549149338376,22.67964814814815,23.232930555555555,24.001688718512767,24.510569509144236,22.993399561273787,21.45486486849168,22.04333492594362,24.31658848466923,23.276769280538304,24.426638798701298,25.16125733695652,23.48210563795676,26.201885351966872,25.991505270092222,26.269457098155467,27.464111782071928,24.699028466099115,23.76572050775312,27.708229405034324,27.51996621212121,27.00105071246844,27.840378091111784,27.382668540729632,27.64507788475892,26.31730647613256,27.658109198872786,25.562022080179545,27.398834392469976,22.975758422736686,27.380458309806137,28.472366777137747,29.528097998,28.799155808568486,31.766988949871987,31.22124248283753,30.73737681757919,31.050002786923077,29.680060220231645,30.569722653554177,29.955120125948927,30.198388311279142,30.321121553884712,30.716292207792208,30.823052777777775,31.433055555555555,30.92772243226213,29.855723760092275,30.418339826839826,30.9245753968254,29.148110863750002,30.833799818125,29.566719412402637,29.59177619047619,17.897721735993475,22.27117318594104,23.911210526315788,23.594616162923227,24.25867261904762,11.380304828092777,13.825126141069076,10.853575712143929,11.897688895092049,13.617735068072024,13.278730293943935,9.781822344322345,13.90947741052943,13.773904521404521,11.652127516398203,11.257969114219113,11.640253826436064,13.33812533548041,13.001082066350182,17.17597965507386,12.448987887589148,12.346769009058292,10.543509193101585,14.880557712215321,12.840431340503056,11.475799331195647,21.072949337831083,18.26510341183575,20.46651921583851,16.141565723226048,15.311295659568176,18.474236488526568,20.354834250894037,27.938072131026324,26.815516639828232,27.787639353400223,27.55723611533394,29.833724451876627
231,12.038652103875148,14.727070393374742,16.309019151138717,24.149909420289852,22.731502238569266,23.162614282925876,23.96710885642136,24.54387067393657,22.890416977225673,21.425103663446052,21.99063572654462,24.355688981653266,23.244130690486095,24.36425779338415,25.038010688405798,23.221648550724638,26.224681324110673,25.99844848215966,26.201213438735177,27.390964640365002,24.647609392419174,23.779433956442105,27.675343249427915,27.434916949934124,26.815938621598292,27.70588627284551,27.288050480441598,27.51281240629685,26.361697324414713,27.64248520531401,25.4572900494646,27.323928504208006,23.454225296442686,27.19763559508125,28.497516014719913,29.528824351999997,28.952010163749293,31.801966157660864,31.119931778656127,30.74174356861356,31.20799191807692,29.748433372599415,30.617534036012298,30.01638737922705,30.21509290685685,30.47225924866514,30.80031790890269,30.805746428571428,31.318176328502414,30.94882744846521,29.96664402173913,30.415830627705628,30.85807175010979,29.2982857144,30.78723298875,29.570288286592636,29.572018366271408,17.773737577639753,22.459055920619235,23.96765245995423,23.61672318553025,24.21447903726708,11.433788366759382,13.770639562430322,10.837764072509199,11.813472093382808,13.646091112993286,13.379716391804099,9.7386300293909,13.904666283509451,13.756401372826494,11.60447267202176,11.247202797202798,11.638980736904275,13.324315794243331,13.002837376525783,17.06873993558776,12.370874143971971,12.29248581129016,10.123605144855144,14.60934147374365,12.855797487967518,11.650674175899063,20.974039896533277,18.240193236714976,20.39748944031274,16.13775689935065,15.334199016563147,18.533407950310558,20.484836721249764,27.963148139690656,26.865133643195236,27.886928651059087,27.623492449579405,29.85699392975963
232,12.05872645219415,14.7001185770751,16.323020421607378,24.013122915760473,22.7989354288499,23.231064373897706,24.12894554924242,24.676835209472546,22.814978532608695,21.381993827160493,22.03508558565767,24.333267135642135,23.22499969662298,24.30517645676692,25.097524398880104,23.215393707482995,26.21476422101449,26.00060213940649,26.0990321969697,27.32239585729622,24.432667293756968,23.68522406759907,27.613508771929823,27.332457034632036,26.738144017277076,27.622611273690076,27.227541496486605,27.38277510108582,26.15964447147056,27.674091284219003,25.36076370327994,27.01723602484472,23.455666666666666,26.807704678362573,28.48371487103338,29.540414129,28.99375677807355,31.79623586376148,30.99745707440538,30.583843187307863,31.25667312769231,29.734835991095363,30.817310429606625,30.070024154589373,30.331340658475106,30.37939448258327,30.82160966810967,30.637224396135263,31.25861111111111,30.94969447069943,29.83984375,30.418081439393937,30.872182216183575,29.3377042172,30.655285973125,29.55496031746032,29.59591023809524,17.755981514344867,21.88060993906456,23.97514504740111,23.659401936026935,24.196300536420104,11.497693724686478,13.687261357302118,10.746557971014493,11.662806528425808,13.675215117008596,13.495328472127573,9.74441889632107,13.885952096149465,13.717853161331421,11.65771221532091,11.145727424749165,11.654470520421606,13.300947396672033,12.995095459425169,17.08244766505636,12.322484671125975,12.208088967192227,10.337843967626576,14.485730166572557,12.940178100884623,11.821112090058868,20.889691591704146,18.111604015700483,20.260565476190475,16.14740819099379,15.28304495711328,18.65463268115942,20.74561209365169,27.984814618066906,26.85547115574766,27.918177655677656,27.667396181716832,29.931429547371575
233,12.093356151353822,14.706488801054018,16.345811324709544,24.121357516062023,22.711620520705953,23.194536789297658,24.12536437747036,24.6025509193046,22.959306418219462,21.37914609213251,21.994365236213063,24.24033080808081,23.231525549467,24.311572445282458,24.928429583333333,23.12074021704275,26.127822397891965,25.96233609385783,26.03065963203463,27.247463921249103,24.459327339327338,23.75060119047619,27.625131578947364,27.299618771929822,26.68017163009404,27.65513356185195,27.255411542443063,27.554313321423702,26.229736387706495,27.76388888888889,25.500609596273293,27.078553791887128,23.320389887762886,26.924744965179748,28.481475068742686,29.600750987619048,28.98300395256917,31.625610530773574,30.90131627046866,30.510454846767775,31.114919138461538,29.742965530221902,30.798020284365393,30.014165725578767,30.446658126293997,30.278675261523375,30.781253962652254,30.56833214285714,31.184166666666666,30.944847949268254,29.859703351449276,30.42335326086957,30.916106897782168,29.3576224988,30.66618734875,29.5866625438054,29.593640767977252,17.720904503105594,21.166907609933926,23.88326375598086,23.651054979139218,24.140575757575757,11.495042558086036,13.60562961223559,10.662275315264447,11.74544402543626,13.798893970763537,13.45870611772036,9.642408406810581,13.859736142480708,13.60440132867669,11.72857364468164,11.085617335562988,11.749947774849948,13.259620602156835,12.990362833824792,16.918486951409655,12.324761534288388,12.226059538820088,10.445956362478102,14.599803867199054,12.98409536245328,11.700655327098355,20.78720127436282,18.045036986714976,20.15132498706004,16.162400297619048,15.155915263702736,18.706116666666667,20.601324917318703,27.887739389233953,26.91301858208323,27.89688355123138,27.65575122484304,29.939629508553992
234,12.148053106766422,14.279311394578194,16.280398850161696,24.052744088482076,22.59726893939394,23.20220512820513,24.102060999160866,24.57708386171498,22.954463987703118,21.3395716873706,22.054472610722613,24.27069281770679,23.253690531800217,24.245207115800866,24.994442384370014,22.99956251002084,25.972244433465086,25.897719979296063,25.994412878787877,27.188371779388085,24.524917154403568,23.65306490067903,27.577894736842108,27.28844,26.535130309845076,27.525881666666663,27.169863888888887,27.46515948275862,26.245872143255294,27.79195601851852,25.530601231884056,27.05778706800446,23.02295134575569,26.96271825396825,28.46802134646962,29.595797053333335,29.118190706234184,31.70926470078358,30.863906360515912,30.564769982433024,31.00004081076923,29.65909593280283,30.719304261559696,29.896822161835747,30.29770092226614,30.404708333333332,30.77919271003596,30.408911458333332,31.144637681159416,30.915518115942028,29.979936594202897,30.483249999999998,30.948904513888888,29.429269826250003,30.81378165875,29.525252525252522,29.55400346320346,17.701851017943408,21.182091650197627,23.686367207544553,23.647781565656565,24.084111832611832,11.490655607141115,13.58339898145333,10.642867534036013,11.797616694899304,13.765765801309872,13.301869060058715,9.72488154960981,13.93029244306418,13.513808373590983,11.698829225940026,10.997179993919124,11.747613871635611,13.291393787865946,12.983337877567951,16.89990179573513,12.645892857142858,12.45712636058746,10.55843965816792,14.592645336166504,13.016001939313275,11.828438459341758,20.790954284221524,18.04331597222222,20.1433768292396,16.265313051146386,15.157033119571938,18.722,20.65860281261454,27.840122322852583,26.92723027375201,27.835900603020168,27.603027452619845,29.915218291070804
235,12.190655458477858,14.596938775510203,16.340407177363698,23.96594785542675,22.51437405716935,23.008581236698085,23.9531782910628,24.400815288488843,22.818271825396828,21.12248469387755,21.98830924510272,24.159339285714285,23.228702239789197,24.11936926020408,24.84666673136646,22.65850822585119,25.733340320910976,25.708791666666666,25.95388397562582,26.98622775503482,24.56594916948993,23.855389423076925,27.40548245614035,27.261958333333332,26.249960242474916,27.386671884057968,27.029438011695905,27.222162168915542,26.2118746516165,27.675352254428343,25.653365890743824,26.794072503583372,23.642059178743963,26.74400558378819,28.419261662458815,29.531735586666667,29.045516871889873,31.67564099230289,30.849327954669285,30.54159334023464,30.97327434076923,29.571630486227477,30.748292023495825,29.660867408557625,30.271553380270092,30.525668859649123,30.993820288534245,30.56711832640665,31.2079797979798,30.87913949275362,30.08922204380764,30.54227096273292,30.890765625,29.416647545,30.896966295,29.430106970324363,29.515421904761908,17.69268154761905,20.88157039337474,23.730427691511387,23.501150462962965,24.019608044733044,11.496011442931731,13.566070801481127,10.650446428571428,11.798025479954829,13.725020525451558,13.358650152025833,9.709424271380794,13.936367753623188,13.479712061958438,11.641002364862814,10.968575808249721,11.655797101449275,13.281059542979833,12.968556427804616,16.98004257551359,12.717676470588236,12.434531787543392,10.38046389632488,14.536820652173914,12.99441892863865,11.864677563815496,20.874279117020436,18.097678894927537,20.202214544513456,16.299036634460546,15.230339590329578,18.72958674875849,20.609627329192545,27.833285886818494,26.925509930220073,27.8223991588122,27.598297101449273,29.95317669448104
236,12.254720965197674,14.808414502164503,16.327579365079366,23.713714833759592,22.486879495437464,22.85813018141279,23.60132298136646,24.23105897639853,22.86888673222912,21.19354166666667,21.84801472078646,23.96751186594203,23.20281145433427,24.004605755623874,24.562912870553358,22.761358085687796,25.452688529034802,25.389158514492753,25.837573287220028,26.831532649868247,24.317660256410253,23.876992015050163,27.203932112890925,27.055481666666665,26.034663474810213,27.23556876811594,26.961353903162053,27.014310344827585,25.920370471014493,27.54882588566828,25.32626457429151,26.511674964528222,24.343213339673294,25.983651515151514,28.300014116318465,29.445131224285714,28.900602632357288,31.659369385555156,30.907243148880106,30.62293546881862,31.088228890384617,29.602264492753623,30.790994180939833,29.650000000000002,30.12488254070905,30.662124046529367,31.04595196866625,30.681345723343686,31.27638888888889,30.904446721127012,29.944553894927537,30.55089772727273,30.860375679347825,29.424877070416667,30.929221014375,29.405238722630028,29.54508021080369,17.523823214285713,21.353730299893343,23.797308196836482,23.35166898148148,23.893802363699102,11.426280961883556,13.524876323857303,10.6406108276644,11.74315408085431,13.711278451683249,13.279380628949594,9.629180602006688,13.886446353036742,13.462745815644368,11.56205951014857,11.140839714252186,11.644442891649414,13.277990655345729,13.00181074722379,17.07216183574879,12.394706809209099,12.30530682932628,10.004473618538325,14.734253246753246,12.891426689252777,11.969146189892069,20.872093068725377,18.11625496031746,20.197000676406926,16.302634963768117,15.264473331073255,18.774266666666666,20.66297619047619,27.81629787784679,26.871640316205532,27.811693741041566,27.61288123108775,29.88063438172134
237,12.242893927320774,14.660932746436698,16.337824675324676,23.57225447835089,22.437957633053223,22.90808771029695,23.57827180152865,24.133881751445752,22.86271734312961,21.26682738095238,21.856684057971016,23.954579004329005,23.287482413419912,23.92865070122252,24.512563923395444,23.17324040526033,25.241925120772947,25.29310688405797,25.65720265151515,26.76732643398268,24.295228937728936,23.68014936984259,27.08717105263158,27.01799119894598,26.106465876152832,27.148140105401843,26.89425652173913,27.013432079414837,25.86446986166008,27.465206018518515,25.509442733436153,26.470148179115572,24.545622807017544,25.794094202898552,28.179783698376376,29.28220917190476,28.798416149068323,31.61457210444365,30.891187899095566,30.618665458937198,31.055641489615386,29.527029342471618,30.766517857142855,29.786436766735676,30.157579181763285,30.40406272474665,31.008297710388504,30.463224431818183,31.294722222222223,30.91571359626511,29.880781250000002,30.57876086956522,30.908901041666667,29.563798308333332,30.740217390666665,29.42191289559302,29.549441111111108,17.462586676548092,21.56158035060752,23.778336352244246,23.390552521008402,23.830000901875902,11.37359011090895,13.479709365815344,10.648178963961287,11.78093112244898,13.624256621689156,13.21604686293217,9.572083333333333,13.90039219838133,13.474195700971064,11.5611166766847,11.19131828316611,11.63312801932367,13.329277551769925,13.051972408479202,17.02473745390412,12.212467720685114,12.131199732285259,10.21995652173913,15.086228354978356,12.905376300717917,12.026136167974073,20.82091314948586,18.145133281573496,20.183160984848485,16.337186011904762,15.365493897787948,18.723839591567852,20.613720355731225,27.792845589322685,26.879924978509074,27.810103785103784,27.625543604945776,29.853525797426762
238,12.261725172924901,14.59435261707989,16.347834713595585,23.642564587271583,22.4197252445206,23.035025431995543,23.599890215959213,24.097143180180506,22.854386910108996,21.312623645879082,21.922720144927535,24.031584796500947,23.302126180637547,23.963316551439416,24.345338026556778,23.05637130013036,25.09777074314574,25.272557971014493,25.597744812252962,26.739885342724047,24.447099707357857,23.741878217796696,26.979932568438002,27.058367463768118,26.153479166666667,27.196921521739128,26.945672038980508,27.072534920039978,25.942986894446133,27.4168394726248,25.4851738676236,26.600641015582433,24.157928966458375,26.25617698726394,28.06104528904379,29.149668516190477,28.707650103519665,31.396127806040433,30.777899176201373,30.328763371290545,30.791336501851852,29.45696080531163,30.62501725327812,29.87103233421168,30.054957750054896,30.062559717265955,30.61463253371524,30.19993049624741,31.114734299516908,30.776095271851656,29.652660778985506,30.48002355072464,30.840394735397453,29.61697399,30.35962560333333,29.40175983436853,29.566752844908716,17.516035973084886,21.490537353347136,23.62555703661327,23.360226333023327,23.79773899487331,11.435360070686158,13.43856410889835,10.682788745933156,11.786408141978795,13.64988789696061,13.213852148601024,9.532810758082498,13.89966709015622,13.461468550236667,11.522682267475394,11.197048965527227,11.577190565071,13.29365986178788,12.984067417184265,16.66853132777046,12.05376453256888,12.056163991288216,10.295556935817807,15.28575487012987,12.869683207170949,11.998275067011948,20.82446957771114,18.215666335978835,20.1636130599473,16.361989259834367,15.441354813664598,18.616146376811592,20.339596105240513,27.81289873558119,26.928480944712827,27.837590072970507,27.56154244306418,29.774819061775585
239,12.270553262213976,14.540103519668738,16.42294372294372,23.70413119489206,22.4522498173333,22.98249061355311,23.75578387778036,24.155486824769433,22.635580592414833,21.2257720508658,21.997560606060606,24.07889916243177,23.266496070958027,23.960322113027132,24.184436464803312,23.204853774156884,25.17002031965619,25.01035973084886,25.58423509552042,26.760952624066753,24.601059294871792,23.691369047619048,26.92943181818182,27.04166272727273,26.16226994949495,27.179098333333332,26.930881621689156,27.125084770114945,26.001985576923076,27.39934895330113,25.348265376811597,26.553545548654245,24.284410094736185,26.256573320482616,27.866241522096093,29.17809854952381,28.786853226138938,31.351884100747736,30.5874944652268,30.149739359569228,30.729723564444445,29.436607876131866,30.547617283079237,29.930713383838384,29.957515309343435,30.03506140350877,30.325031535643173,30.069220467836256,30.855,30.733661783238812,29.316666666666666,30.303531832298138,30.822871527777778,29.62017782291667,30.368852656666665,29.49625850340136,29.634654409937887,17.53422041847042,21.648805900621117,23.699450930934052,23.380906098803155,23.78314924085576,11.421450007319573,13.404896878483836,10.703593611357586,11.783794094921097,13.658989255372314,13.094385307346327,9.49303613053613,13.853295572181441,13.446919331339622,11.515337951747489,11.139724164724166,11.525399850911866,13.282512234142668,12.949371806182947,16.617156468062266,11.999468466316292,12.276760722829803,10.625518492377187,15.020157731284732,12.87993235930736,11.819493607573317,20.85684000045432,18.23210220410628,20.20719805194805,16.396190476190476,15.344774609448523,18.4631931372549,20.26973145561532,27.827320075757573,26.939989874591326,27.822545253183122,27.585391492565403,29.70766692110895
240,12.305609188883064,14.822819028797289,16.474706694271912,23.661693630880777,22.393014169254656,22.877449446386947,23.559554498195567,24.01128293699332,22.739044391543896,21.11592775974026,21.99966425120773,24.095808441558443,23.31868016621233,23.941523148148146,24.119554841897234,23.444893782545954,25.171668564527263,24.98575200765418,25.550458062770563,26.685690711462453,24.659011217948716,23.854811396936398,26.796934380032205,26.972083115942027,26.112536067193677,27.12165012045925,26.85081708937198,27.10025811831846,26.038313475473803,27.322623852657003,25.404492584684842,26.589759787314133,24.30047770013803,26.393029983732625,27.76078121653459,29.17030536904762,28.921697229616484,31.24988976438581,30.499295894531723,30.11921077504726,30.634460548148148,29.441404054466272,30.588431873078616,30.005539086517345,30.038910131987578,29.896356320174093,30.170262712796095,29.943807354436817,30.61107487922705,30.64006008641642,29.17866847826087,30.143325098814227,30.776157986111112,29.542189238800002,30.464371980000003,29.550198412698414,29.64323684973303,17.505159992784993,21.392245833333334,23.647320536188957,23.368479326513214,23.698812927410753,11.470188600985702,13.31741507043681,10.727597284961416,11.784355379997848,13.473298174048175,13.123626255054292,9.498265050167223,13.816103190287972,13.342004255808604,11.488461731116008,11.123318332392246,11.592791863933169,13.304584962809601,12.984439399821195,16.70007648953301,12.001076905074331,12.015066889632106,11.106682586736936,15.020343967626577,12.978242321996408,12.089260149337097,20.86230398437145,18.230616729678637,20.226100456091526,16.431625711697723,15.470786976040598,18.37855072463768,20.340491987308756,27.911890897663415,27.012059082892417,27.868026629167936,27.622545454545453,29.75056121414817
241,12.336402712814374,14.489438705234159,16.458169427191166,23.415702761156194,22.257415540456872,22.70448409822866,23.390555178763922,23.868690507578016,22.591304018445324,20.947528273809525,21.927407044947806,24.058137806637806,23.311637084675766,23.94592042647605,24.137965579710144,23.669239005827777,24.894876413872527,24.85753937597317,25.49576578282828,26.532866962412253,24.60085646599777,23.805347857758186,26.76406015037594,26.89327,26.048947463768116,26.983504227053142,26.7879591442374,27.174978010994504,26.144362975792323,27.226594907407407,25.485449758454106,26.581335034013602,24.219269951063428,26.514100128037484,27.786989183979436,29.14321801857143,29.143900966183576,31.160826164457877,30.512432608695654,30.249675737074252,30.68825531074074,29.42552138984204,30.420891661176984,30.0396057037769,29.985282223334604,29.52647039473684,29.89593404318249,29.658588130482457,30.40482323232323,30.558474090077112,29.027309782608697,29.932691919191917,30.669439236111113,29.618629248799998,30.52385265666667,29.614908064675145,29.68902234935164,17.36014578392622,21.152976778656125,23.546736382705777,23.321928221288516,23.612598398582094,11.484172278338944,13.267959448160534,10.78369667374959,11.783562219354144,13.282631736080013,13.095762375989038,9.424178549498242,13.755142320085929,13.261122310607435,11.487176721128334,11.090669608804621,11.546404129284564,13.283416027075448,13.044831065759638,16.77352760408316,12.145309762701068,12.15007350070756,11.310714997547882,15.245966850178807,13.128566809811089,12.021257369435583,20.875091170323927,18.2731038647343,20.351129385964914,16.464592261904762,15.390664698514941,18.243534782608695,20.266077188678388,27.99423167293233,27.081367845117846,27.915416666666665,27.622427536231886,29.73374433601808
242,12.333800629128463,14.440227475287635,16.358040027605245,23.194994844474994,22.198544799498745,22.571620797345435,23.339952043388244,23.725524245288423,22.48930706521739,20.915379593685298,21.78389213051441,24.06513918465937,23.320242070873146,23.939933636363634,24.13123990942029,23.62269828637977,24.756321946169773,24.72653409090909,25.454014108476063,26.42159997294372,24.713317307692307,23.84177438684504,26.836458333333333,26.968863623188405,26.028533574879226,26.99956636552886,26.7429125,27.143519535686703,26.165631764974155,27.22866363819353,25.454345227879482,26.6699365942029,24.498628205128202,26.599221445824703,27.77784679089027,29.094564527619045,29.246950710108607,31.07598110258596,30.521418748477654,30.219318181818185,30.589499462962962,29.294582079589574,30.360681652046782,29.896543560606062,29.745175217822634,28.943279176201372,29.631340579710145,29.381025331439393,29.955499482401656,30.269214562926045,28.83311820652174,29.69291666666667,30.444780165788316,29.7383932812,30.49688405866667,29.631262939958592,29.753140494071143,17.355559346179184,20.521277087646652,23.525003705533596,23.271388146167556,23.474317156862746,11.504876926616056,13.22263441268876,10.803133766681905,11.726737315479552,13.286349912165129,13.054535151255543,9.461290032431338,13.76909679089027,13.347410155457446,11.53595309435772,10.957252077632514,11.551451235962105,13.310867653995674,13.027180900621119,16.74750463572927,12.3647353612571,12.358863392377884,11.215975155279502,15.010306677018633,13.245780943306176,12.023279610194903,20.882270745309164,18.313464645782698,20.448598924022836,16.48550679936006,15.304789247676357,18.21025559006211,20.073625687156422,28.034518633540376,27.08640315563466,27.945978260869563,27.706654124860645,29.779414822913985
243,12.361507887581391,14.291963109354414,16.232626811594205,23.104940487900848,22.225672335363914,22.592334595959596,23.301552123061274,23.74460294117647,22.48267659300515,21.04550689935065,21.791309288537548,24.063304101350685,23.22237326270221,23.859739848484846,24.022432386363636,23.585099538728535,24.74622196342305,24.686494661465016,25.36842200413223,26.350565435858137,24.684451435340023,23.718353609253064,26.772376925770306,26.918481666666665,25.859507410282955,26.966885505873957,26.692196826965304,27.082888298332037,26.00653618754434,27.254612626262624,25.453023095238095,26.76800385210445,24.47054347826087,26.58877211969317,27.673864258347017,28.95841959904762,29.37375116713352,31.1107965201891,30.486473041752934,30.268446291560103,30.500758185185187,29.238929146537842,30.320799734844357,29.75994027187534,29.700819501405025,29.049444444444443,29.631459539371306,29.478987249887165,29.950892857142858,30.107772732046364,29.071614583333332,29.667309006211177,30.31495118988801,29.7481478256,30.441114561333332,29.63115079365079,29.76250762626263,17.353776572793148,20.629006854256854,23.289369566455665,23.097686896135265,23.48151069317315,11.422538619458908,13.147366674991675,10.744933325160728,11.750510720098315,13.401277722880984,13.059713158126819,9.427357395020438,13.761273160449951,13.275034657900791,11.567743693033426,10.960055109000121,11.570009332454985,13.30756253313798,13.036098879769298,16.75433014429604,12.296098016781084,12.445979602791196,10.819571854021582,14.61307114299993,13.28657787002857,11.67223460638102,20.885317778610695,18.243982213438734,20.428275591709017,16.464358630952383,15.3497737903535,18.286460606060604,20.05155220009043,28.00072140269151,27.062862013858393,28.00477626948215,27.71104826546003,29.76298502549978
244,12.394365089168078,14.244258118267071,16.179033738001127,22.965507103167784,22.140986853140465,22.452976717659688,23.150567239749986,23.695740526722805,22.426079270614103,20.98005195393375,21.791395179001015,23.976687111801244,23.08138090285001,23.722931522583696,23.905646014492753,23.413224227915805,24.63417011732229,24.613785654398303,25.24719886363636,26.210791666666665,24.71631565217391,23.704483765328874,26.613260869565217,26.76256951251647,25.692531840140536,26.853720917443066,26.563056099033815,26.727738929236683,25.822302308199045,27.086203231591277,25.480272697575405,26.569363154960982,24.534905440272286,26.275510026372096,27.579547645008663,28.90307579857143,29.39478546497997,31.30212905658415,30.516138489115765,30.319926411018095,30.449884716296296,29.05981495859213,30.184767754269032,29.674139492753625,29.711978609529563,29.27886595386947,29.588670321751888,29.69740178317704,30.09296066252588,30.10931358103973,29.126039196310934,29.8452850877193,30.22362847222222,29.7765171632,30.519661836,29.686006359065367,29.836037025171628,17.301719573451912,20.913744220151827,23.177182156230497,22.969951892109503,23.418099094202898,11.384281624619788,13.08157012643154,10.737772493623318,11.738244725426402,13.313118686868686,13.017010479722543,9.40081884057971,13.701985695463957,13.187203435319377,11.608637125773763,10.96644270584488,11.53655525506784,13.259990708209306,12.93037572346132,16.752795081504082,12.399189855072464,12.468618454226133,10.711798271927348,14.26204735550885,13.228520421806639,11.427850203049735,20.90279154206319,18.295941411396573,20.48487980206905,16.395382181677018,15.328418545356952,18.420016666666665,20.15862901882392,27.979680618294747,27.050734702093397,27.98289682930028,27.73744565217391,29.824320353559486
245,12.399246516426938,14.4296360342556,16.187560084409732,22.81039855072464,22.01483861795706,22.410826255132413,22.962586935935438,23.559875726974248,22.286595520421606,20.92798145468662,21.714233049559137,23.82032235397453,22.965849780701753,23.577685879917183,23.858821286231883,23.249891572389824,24.356662525879916,24.441580204216073,25.053958580368906,26.041363521204197,24.505586259754736,23.596901825529542,26.47093085748792,26.598775869565216,25.514171607378128,26.83951976190476,26.364857910628018,26.45293853402246,25.650695224445652,26.826908141517475,25.385284569358177,26.17902034559643,24.7768352236925,25.988249381802607,27.470347212757257,28.841219166666665,29.216053839190483,31.446525059204486,30.638440812010263,30.424091952470967,30.302780827777777,28.987075469820034,30.165893719806764,29.647239834943637,29.605650955400275,29.218122580138314,29.486972679282747,29.657665601023016,30.051928053830228,30.039242809883877,29.200520833333332,29.95121662852784,30.198432744565213,29.9388877284,30.60581974625,29.778864734299514,29.876339617918312,17.320288176799046,21.121929175293307,23.081402175151318,22.94607264675743,23.40386893115942,11.390042941492217,12.985577341137123,10.727394338545013,11.66490343146828,13.372173913043477,12.954480200376002,9.303403390088173,13.716723038029441,13.13779426424354,11.605935319939528,11.034137782507347,11.52777549522687,13.27468368990108,12.972076539855072,16.886911297237386,12.461712121212122,12.455150478212074,10.534405358429586,14.220247019347468,13.093183046207587,11.435091545136522,20.861809116275193,18.279938779239767,20.451281961697724,16.376910067287785,15.2714809870893,18.55173260869565,20.1111279587479,27.99945724996191,26.996140787483274,27.936499044433827,27.728974558050645,29.83722949361118
246,12.426277618762816,14.202317193675889,16.146035059351576,22.710259924385632,21.908509119265553,22.384144079685743,22.877803913553233,23.54586139604493,22.147302380096846,20.828107978072648,21.63316384702254,23.779975147437103,23.144972188995215,23.6145652281746,23.872647192028985,23.1762049846289,24.13349624125012,24.21323886094143,24.830268445322794,25.951478196169774,24.484455786966656,23.69065575276173,26.369335003764355,26.508188695652176,25.411666666666665,26.642310569358177,26.277190700483093,26.381889930034983,25.57223871237458,26.695804687499997,25.318772643020594,26.08725613154961,24.916052299936986,25.810769534064136,27.503568487671746,28.791279761904764,29.10712481962482,31.280769970875806,30.708607971014494,30.38975912241508,30.27230273777778,28.94776021080369,30.18585339026915,29.53497406126482,29.607558849363198,29.1856600877193,29.35746774891775,29.474222826086958,29.92291666666667,29.97435003150599,29.124905303030303,29.77528604118993,30.25422048611111,29.900979767200003,30.29358736875,29.83919082125604,29.920034285714287,17.280585497835496,21.063043650793652,23.06871750398724,22.99797562582345,23.392387469806764,11.25875664861172,12.899588869463868,10.72472335260941,11.700254566929747,13.335549516908213,12.790955009508233,9.321340706395054,13.695816622103388,13.065866393402624,11.54276986454406,11.034936530860445,11.498457538483114,13.301947598831656,12.953160520186335,16.830026716439757,12.502738095238096,12.469019726247987,11.016997886171799,14.330196078431372,13.019962328604102,11.651634977965562,20.863236212251014,18.26973214285714,20.41489576863354,16.38865667517007,15.342897208803006,18.646568633540372,19.978021844340986,28.028091356107662,27.020085186799523,28.01869854643684,27.723822463768116,29.82304089388872
247,12.434662747707778,14.17924771167048,16.213489459815545,22.904859798361688,21.84330872462301,22.26855192016786,22.932636818495514,23.446456127914303,22.160589720967437,20.722479938271604,21.623461361102667,23.73027976190476,23.30925575921028,23.466801781400964,23.825838917121523,23.47895305735931,24.090551168293402,24.082136910549345,24.7130625,25.91115422077922,24.476443450809295,23.69235813823857,26.38706763285024,26.513548333333333,25.378783487044355,26.49683,26.222710170807453,26.226468441915404,25.484019144698014,26.664650520833334,25.162410606060607,25.959876988953074,24.687220712560386,25.703367066466768,27.326323572907423,28.774657935714284,29.101032843967626,31.334953886693018,30.755566118286907,30.274354127284187,30.26337895962963,28.98963243546577,30.242522406559875,29.56882763975155,29.593203804347823,29.38285630193906,29.56941768968457,29.44584289367921,29.94178571428571,29.89963057907473,28.988541666666666,29.663310450038136,30.27536656746032,29.8340195428,30.09776681125,29.831462585034014,29.939043412838114,17.27497819813037,21.27766558794466,23.070874813392177,22.936005489679403,23.323941666666666,11.204795452802697,12.828866277743996,10.69715710326655,11.7563349499879,13.327418988016813,12.800978488028711,9.317643045360438,13.675887059369202,13.060767091201875,11.485680133330906,10.97635932907672,11.460411616161617,13.310278772982816,12.98499319727891,16.66509649636461,12.789657882163603,12.5681315140068,10.764903237865193,14.38234007996002,12.982012677017607,11.802078992971046,20.820915111523185,18.24078125,20.356978260869564,16.40081295289855,15.362165861513688,18.690645701704856,19.861467574483438,28.016011904761903,27.045811156771304,27.994433333333333,27.728826517685214,29.796004621887775
248,12.44947646103896,14.167184265010352,16.239034914361,22.779631230786123,21.801226381570935,22.274397745571658,22.980851764931927,23.475710459987393,22.201136528326746,20.834412506709608,21.683502840935702,23.745028899240857,23.179382575757575,23.505709220779224,23.81859587893128,23.609840409137963,24.11806461352657,24.01064116960115,24.65828392621871,25.837948872785827,24.553509894091412,23.709729395604395,26.305844806763286,26.500195454545455,25.34610265700483,26.361116739130434,26.15474178743961,26.10808214642679,25.4508981833384,26.72524264705882,25.198105902249925,25.968169618894258,24.682721920289854,25.80306437690246,27.153546229704695,28.71819530809524,29.164502164502167,31.356354589086802,30.748974059011164,30.282019390502377,30.283804574074072,28.921627942642434,30.189266304347825,29.49239844093105,29.567197758838386,29.37333235262068,29.7550284914361,29.498080988917305,29.943055555555553,29.8603286336904,29.23734375,29.584916666666665,30.244295138888887,29.6643672768,29.93385416625,29.88563664596273,29.908583947863733,17.18415696561892,20.701483852500157,23.035484794652533,22.81737626262626,23.225487228260867,11.222200263504613,12.755725670163171,10.665065308254965,11.8125560731539,13.302701941778029,12.75857071464268,9.363614827201785,13.664175724637682,13.034339774557166,11.423120374249406,10.98561682882335,11.404239891285085,13.232910262040697,13.025259146198005,16.601933587078516,12.77090451832907,12.688238492505386,10.678988721598133,14.39195266003362,12.877246741746466,11.73583703278231,20.770758620689655,18.2060009057971,20.252546001552794,16.404034226190475,15.257825964963647,18.763055522376174,20.142576893371494,28.02137795434379,27.057222318073766,27.938461639809464,27.70766317016317,29.865074729618208
249,12.469796111626469,14.189178743961353,16.17112691375508,22.57845698836188,21.748130483517517,22.162864862071,22.762100694444445,23.39603472409758,22.15421131772268,20.675371553265574,21.651606213834473,23.686051846100757,23.110744967343745,23.428959444444445,23.810763957229796,23.60605471559333,24.146350845410627,23.937026515151512,24.51606381752305,25.764020292207793,24.542524267399266,23.617363991081383,26.256946699134197,26.33563280538302,25.20998906142167,26.273703095238094,26.001122222222218,25.962605697151425,25.45273223244147,26.650736359761293,25.10328860089186,25.959126984126982,24.779315430520032,25.71885057471264,26.868203338806786,28.63639233952381,29.26648853217176,31.220379442949774,30.660265616524708,30.172211637316355,30.077142281851852,28.777616811388743,30.117547041324215,29.464052389840433,29.501823424462014,29.280676378446113,29.7267292143402,29.564903589696748,30.014444444444443,29.851966761184624,29.052001096491228,29.460469367588935,30.19192768033597,29.53248576625,29.671875,29.920979986197374,29.873408583266464,17.062267857142857,20.42694089390142,22.89415236460717,22.71305138601334,23.043527083333334,11.285228318380494,12.675560897435897,10.64085321061274,11.839010345244818,13.184095684699232,12.754120472231417,9.3607783520827,13.607215168676166,12.97732884399551,11.391970683594105,10.915638437649307,11.400340389016018,13.228168712661466,13.039609414071952,16.52773483628556,12.725326384142171,12.284636703875835,10.91780681149514,14.043877817584715,12.899820471735103,11.735989959565673,20.801810648247304,18.206307246376813,20.263201798654244,16.423916213768116,15.25749318330411,18.770428810320116,20.397033544915857,28.075493477806837,27.064243408899205,27.964314492753623,27.703623282514585,29.79224408498577
250,12.431783699349305,14.133378740824394,16.08358389798607,22.226359773982054,21.653817504411112,22.18290978452573,22.54478020273015,23.22956728778468,21.936173654244307,20.608990683229813,21.548989687848383,23.432516233766233,23.073760371463187,23.293026884057973,23.552726127736996,23.61355334837264,23.999769778530645,23.80173089591568,24.320755846508565,25.570823896406388,24.417532634032632,23.46822547380156,25.974894820971866,26.17077195652174,24.956697227711903,26.222107575757576,25.84415099206349,25.62954307505338,25.194942896777135,26.502585338680927,24.90206597116651,25.62900641025641,24.47244927536232,25.32527190352192,26.68266946072418,28.436507264761904,29.23517573696145,31.294626836241747,30.587795024154588,30.0463768115942,29.892089677407405,28.546839774557164,30.045648291925463,29.211982940821255,29.40665708031401,29.226975877192984,29.632594574671973,29.338376160990713,29.97722222222222,29.767175199196938,28.80096240942029,29.363447463768114,30.146807291666665,29.465746802499996,29.676695076875,29.861309523809524,29.825207567287784,17.016713564213564,20.417714285714286,22.722106693363845,22.699841787439613,22.96138342391304,11.230914153613428,12.596040482162765,10.637584616782517,11.785447554515878,13.164876121463077,12.770725976297566,9.346394230769231,13.586227530199723,12.943113361410463,11.384823682628733,10.872997737556561,11.363141735679779,13.223210547504026,13.02465560300207,16.445646806226517,12.71397176736307,12.365008264399952,10.817578022625735,13.728624324201537,12.831404729111863,11.777211723085825,20.83139961269365,18.248838383838383,20.26946726190476,16.422975866977225,15.289596038019951,18.76047619047619,20.395864940906172,28.09175577592697,27.05567364465915,28.023360434333917,27.756237845868853,29.766092206801588
251,12.421892889111646,14.153459442402129,16.029829919750867,22.24522672375933,21.679231815910224,22.250630973193473,22.59246137649377,23.18689311594203,21.844102423578125,20.64282129917184,21.56957851930678,23.42058833678399,23.079715489879025,23.25425522989993,23.517456545266327,23.436618641774892,23.861664329631722,23.737355206422453,24.24090489130435,25.51704620153397,24.35364423076923,23.45711838071349,25.829250000000002,25.99994797101449,24.876746695213,26.084904097496704,25.744405555555556,25.564155481350234,25.155956243032332,26.426130186132426,24.905689102564104,25.41129459308807,24.31246739130435,25.323179246842745,26.738240224449463,28.2671345752381,29.194123466250794,31.172450211968847,30.559272759197324,30.015804397572378,29.818487410370373,28.470101986044014,29.938534118357484,29.16171443668047,29.273365118577075,29.307063197767146,29.366048449296613,29.386921888320543,30.016388888888887,29.744387732124984,28.834884510869564,29.41851515151515,30.079525588768117,29.4635548225,29.836186594375,29.905492424242425,29.87968092226614,16.818041151309007,19.875867391304347,22.65264567669173,22.584008353462156,22.90601818181818,11.189518825243463,12.509225822185062,10.601539408866996,11.78151835009366,13.13622408087082,12.774995854345553,9.272516025641027,13.55372077585975,12.87201646090535,11.378925399051626,10.834133221850614,11.377629464939249,13.211688529532731,13.024756858178053,16.510858829844338,12.677857763975155,12.298834056083667,10.723600649350649,13.764642962609605,12.669791829487048,11.701020871143374,20.814359195402297,18.261022222222223,20.24621789965986,16.384403532608694,15.383209382151032,18.609211757445454,20.41259764854415,28.053518282312925,27.129205747955748,28.007357142857142,27.74821756971893,29.764386700767265
252,12.446673071946169,14.146295993607206,15.969414001676848,22.130783083160797,21.61357277205553,22.193473390739694,22.606440953923286,23.190922466632298,21.789803318466973,20.541858205782315,21.559846313107183,23.428210807050093,22.981901252431143,23.261186305916304,23.391761085555505,23.35914010653669,23.651669505615157,23.7217803030303,24.179399980536587,25.311409353841913,24.24582406633222,23.367482380364734,25.633249999999997,25.808507826086956,24.73052018001535,25.881233985507247,25.66687243839565,25.48330576189178,25.221370660722485,26.413025925925925,24.993291323552832,25.37531639556096,24.301284584980234,25.48623015411698,26.57135212597702,28.16164431047619,29.27506509191292,30.98367618876512,30.556952007654182,29.967070209248845,29.77094343222222,28.415279104953015,29.884067675983434,29.47014682054296,29.34758997584541,29.308635017633012,29.24992857142857,29.50913247888088,30.065270876466528,29.623732472237908,28.948371182712215,29.385429924242423,29.969568689613524,29.306443822400002,29.9211794775,29.984294419348764,29.967486295822678,16.853306818181817,19.83901220669427,22.366254515983634,22.49238150042626,22.70124292184265,11.063144070337167,12.438247377622378,10.622470810049519,11.7448955323236,13.01085774796015,12.730711227178618,9.20704853721158,13.5175661702428,12.89091636654662,11.462214879831826,10.809929685897178,11.399366458704694,13.220165727321524,13.041451781008846,16.43378026294693,12.647359072087333,12.17523115471485,10.655276240181948,13.92791461412151,12.708526849869667,11.721174072054882,20.73340582549634,18.239675362318838,20.226699971292867,16.348724037737625,15.464205721814418,18.519558249721292,20.26072111671437,27.96326875117636,27.101146672034353,27.975002898550724,27.707345043995858,29.64042660363992
253,12.482325364615544,14.064065342869691,15.96649044795784,21.9092260924462,21.525334400981325,22.084714558229717,22.571017512711606,23.112989302285616,21.71901302622498,20.50061257763975,21.537849583673385,23.357640276993536,22.92322186147186,23.186482334185847,23.247594857508222,23.14211669781549,23.446826924972886,23.628905632411065,24.068708161157023,25.141784097334586,24.045328983516484,23.118263009049773,25.486663377192983,25.700255744400526,24.533154655801713,25.543198794466402,25.5163742134535,25.229867946708463,25.064434390361946,26.293321819645733,24.972881586615138,25.308392868932085,24.285056052855925,25.489464723966005,26.39234468564179,28.06374539047619,29.349937372841097,30.854097421846927,30.384884069734614,30.011448436566585,29.77162171185185,28.465469756039933,29.884244620114185,29.406547999634636,29.207684674775706,29.392790765203518,29.127438026885397,29.369697676896845,30.034323671497585,29.446334661085604,28.62194293478261,29.157180346700084,29.711451196388946,29.080614191200002,29.69361413,30.074601270020523,29.997285358554493,16.875092377860234,20.047002070393372,22.080111044657098,22.343538720538717,22.5227875,11.073165014333492,12.366693701226309,10.628841098931053,11.717800207039337,12.938732176119732,12.68041473581391,9.272626648713604,13.454896345890134,12.762609445036981,11.534556329438146,10.759592395030374,11.393142167011733,13.234335112686562,13.02125974025974,16.344834821646415,12.655060351966874,12.164410356533919,10.786095738037256,14.137413436139074,12.754431929057116,11.826857918443375,20.629630131362887,18.221797826086956,20.124570765081394,16.387350688853104,15.369033657513347,18.683576505016724,20.293658527878918,28.05515124528072,27.030666935050995,27.894565914158306,27.65576690821256,29.73096005104735
254,12.55509184146503,14.006780538302277,15.953103397192224,21.793845998395195,21.40685316462582,21.9585465992341,22.440211544795783,23.018816663802482,21.69679198820503,20.36340633234519,21.480500949279552,23.2300419008183,22.857224072202904,23.057388444816052,23.080656164220073,22.9914017375757,23.30309388961534,23.476567028985507,23.97403327922078,24.91553179620828,23.95948871237458,23.17506519351607,25.304950592885376,25.616988333333335,24.34511326475457,25.243265270092223,25.40974946920797,25.147894797244238,24.963436159921667,26.21031458463352,24.906519658852854,25.2382559491859,24.243504206140074,25.246223977713107,26.187548818934687,28.03554134095238,29.27420067499991,30.7821169305421,30.375255113244247,29.997365772223993,29.68279560666667,28.365738056897477,29.794417238860174,29.314307393994895,29.117123966763913,29.18655097437024,29.09605993904392,29.125951440884236,29.91892914653784,29.33700756143667,28.37558459668192,29.00488157894737,29.882254433342336,28.9820759352,29.5038884575,30.08416149068323,30.01073130195891,16.892694788861387,19.673870657551557,22.016013140558908,22.201361577733863,22.409760778985508,11.095440942763158,12.306829308479244,10.639016363030604,11.706631605211255,12.95948383762664,12.611525892897706,9.26281005417161,13.382489547202281,12.657483321831148,11.555108154867696,10.741110789526342,11.372163791735403,13.263708804167742,12.994919365572315,16.428407958118104,12.561305326557502,12.174363739092716,10.801067141393228,14.328892630752293,12.77455058185193,11.98897380855027,20.60795780140233,18.216158858532772,20.090720880116262,16.35655987503697,15.367395617667357,18.860183349259437,20.12443345142193,28.074266951345752,27.026646889297854,27.916804162021553,27.63185704205925,29.80279645575841
255,12.573741968627797,14.000996200357612,15.968808425873643,21.57703623188406,21.26787252095877,21.774110158862875,22.21216340030742,22.636905131179468,21.59954715634607,20.2793979684265,21.389125912131345,23.06748611111111,22.711921376811596,22.979079991530206,22.951368788819874,22.781932009760425,23.18599025189786,23.216481389986825,23.907236742424242,24.832122810290123,23.844280325443783,23.108147435897436,25.15212461180124,25.571579999999997,24.14398511747914,24.942662114624504,25.295875606839438,25.08070982142857,24.811840502604394,26.164626083489356,24.657134773740754,25.072165669810598,24.234424603174602,25.030631313131313,26.05836139169472,28.043680783333333,29.305876757817753,30.847892747349267,30.312850319969883,29.991320100819156,29.714659884074074,28.16787234151841,29.585275549613783,29.22825606609574,29.04226937758799,28.946096064436453,29.077123623188402,28.93275891265597,29.79111111111111,29.316322394209443,28.217459239130434,28.901015037593986,29.50833929649758,28.93286133875,29.36119791625,30.052038043478262,29.976195451425006,16.819734534788882,19.484212301587302,21.73053665413534,22.100299873737374,22.1585228013834,11.052820639505423,12.243491182730313,10.649344018182296,11.655586594651037,12.91009091233604,12.534471968561174,9.231168288233505,13.291759259259258,12.634582797206749,11.512238696320042,10.710655467720686,11.351810537542804,13.287217354125566,13.048877329192548,16.431352169033328,12.322987718802935,11.818784681502073,10.999149934123848,14.255185475444096,12.79809394409938,12.106842840541452,20.59008006467545,18.182190271132377,20.105525197628456,16.33820855684171,15.396493271221532,18.816027830864787,19.942763845350054,28.07731591648517,27.06811568061568,27.9174201704093,27.58525854429387,29.800589888372496
256,12.558886029094364,14.008534620271034,15.893253968253967,21.353646997929605,21.169225262368816,21.689257575757576,22.098939139061418,22.408820131506808,21.447186218888085,20.204959768492376,21.297516025641023,23.019334415584417,22.68970706521739,22.862221055479047,22.76126221845787,22.66917680912945,23.04703509809721,22.988485671936758,23.816657196969697,24.714929455659075,23.75749174599091,23.11061129027977,24.93689146903821,25.40597818181818,24.147546897546896,24.746277120315582,25.11390503220612,25.019280282935455,24.755447370240244,26.0753259569378,24.533857905982906,24.89274416706482,24.335449485402226,24.839500699211797,26.02598506565898,28.03071946142857,29.23016996653734,30.726186231423387,30.243783771029694,29.83831915563957,29.67492893814815,28.23970807104865,29.583529589371977,29.262394853377405,28.873148179646442,28.67139035087719,28.92045467836257,28.769610516934044,29.647946859903378,29.263027383952952,27.834895833333334,28.729263565286736,29.412449803743964,29.1061577484,29.442606430625,30.024197722567287,29.95871311194653,16.694800708952883,19.19362953514739,21.488790100250625,21.894842290660225,21.884402445652174,11.036206085104826,12.123260172798215,10.624800488511726,11.711430472178469,12.825334096417942,12.44062656171914,9.169338134691396,13.24273927450256,12.65172497926121,11.409923695986109,10.790015328874025,11.297779207983726,13.264597972478407,13.0644578585881,16.43284536183087,12.438702357957473,11.875549404141688,11.025389415567906,13.975064551057805,12.761079423548649,12.020625644969723,20.46603253968254,18.128197101449274,19.973343987232575,16.287831896551726,15.432738095238095,18.715771637782506,19.78409991432855,28.063933865047996,27.09015365002684,27.9085359174074,27.531114130434784,29.719502293671088
257,12.554441707857203,13.777872641933165,15.797415145241231,21.33532345191041,21.107158375357773,21.620130521920377,22.020103771605807,22.343887984967143,21.321168164564902,20.156516179410296,21.276236444714705,22.970838546288082,22.445479813664594,22.718600670163173,22.63814091283113,22.680078345567473,22.926821565080882,22.88195487483531,23.705263022303782,24.647939915458938,23.694185897435894,23.03121636515658,24.69147084980237,25.267266258234518,23.975791970086384,24.646740355924976,25.026664673913043,24.885666630254388,24.74864537890987,25.905003585049577,24.49182420568562,24.82828998602303,24.386005596243766,24.863862922705312,25.942021153359605,28.018962921904762,29.146683738331333,30.668024234348923,30.14256245559818,29.608930371770636,29.574593153333332,28.19708140758865,29.48583829365079,29.13785624098124,28.675137608928157,28.53452810137993,28.810931021394065,28.615323955669222,29.358686868686867,29.1313266972797,27.504492753623186,28.623367224880386,29.289843123934357,29.2347824144,29.480208333125,29.965251390411236,29.96391280632411,16.584823640127986,18.54159697574682,21.518844488939738,21.807144639981594,21.72549761904762,11.020459557847666,12.029368589743589,10.593834332833582,11.631267008571683,12.802628572937161,12.417867862086405,9.099354316825544,13.197428108265704,12.612482315389924,11.373915965404395,10.815075715347454,11.319170213276351,13.235439259439685,13.009604642894706,16.323649025266672,12.383549184808103,11.80033453060627,11.070876293995859,14.14343760606328,12.723498156651909,12.18502648026636,20.367482097186702,18.085050561884835,19.831303436147184,16.27092345633906,15.395749223602484,18.67439524605829,19.69996727826563,28.057549130324066,27.038017275421367,27.86101261661044,27.552300635834044,29.590125643159283
258,12.541296140678494,13.933332674571806,15.762103174603174,21.317195652173915,21.052553785607195,21.546183589692646,21.921749773550726,22.241469380225023,21.26874332051661,20.13249534891645,21.165185720077027,22.805876803751804,22.408352139406485,22.621528381642513,22.767247921372107,22.717230654761902,22.787288647342994,22.842104743083002,23.622646172503384,24.55240731292517,23.688834935897436,22.979961038961036,24.548768774703557,25.19884,23.917411999357462,24.57290064102564,24.96010227743271,24.82178335832084,24.770231788206427,25.840684401220443,24.5026731094992,24.871261934822062,24.307583503453067,24.975716873706006,25.808988095238096,27.84285714380952,29.113871635610767,30.650564738292008,29.99290483821734,29.548121781051623,29.430176345384613,28.147324208266237,29.36790486385595,28.94339601370851,28.60291171936759,28.71326355661882,28.83914423221615,28.550884803921566,29.124375274483967,29.113590519698743,27.753611111111113,28.61268341307815,29.139367103307322,29.2547079124,29.47786458375,29.905324361628708,29.96963286561265,16.463511002886,18.088257965686275,21.35723783891547,21.733402056277058,21.576779545454546,10.982958227669766,11.903246516164995,10.564041372171058,11.576831066054465,12.76334589444372,12.396046195184127,9.02678903454405,13.117735568242814,12.491977870492363,11.279707792207791,10.785154971839754,11.265014399851356,13.216593236339612,12.986231456043955,16.11542941894391,12.355613632744069,11.826533107808341,11.274889648033128,14.310106397850026,12.85929089026915,12.231478692471946,20.204075974810213,18.044150262056785,19.714321943545034,16.251518338358295,15.309609095614531,18.418147619047616,19.65257012642004,28.039190758775387,27.040243127109072,27.88884842806001,27.545371285928944,29.60594215639433
259,12.518436900927842,13.85602462228154,15.701190476190478,21.1198512040972,20.94111435516008,21.427381965793195,21.756609850445447,22.116806842778434,21.02600303156882,19.940633279950934,21.069381313131313,22.589152210884354,22.28034949651797,22.46430432865578,22.602569351119893,22.476414965986397,22.594136185875318,22.77508152173913,23.518481145090085,24.375842705560483,23.59061695550826,22.89185597826087,24.375934523809523,25.06668584848485,23.62686633955749,24.479486013986012,24.765329632505175,24.510397738630683,24.62848170803968,25.66460915505166,24.397369729162566,24.610595416577425,24.17232268335529,24.751684892402285,25.70176001922508,27.650137106666666,29.185026507309118,30.806862641301578,29.948061615769493,29.603485605446853,29.563257303461537,28.049671052631577,29.293002717391303,28.794905231829574,28.47849054677207,28.787141467799938,28.818618702553483,28.581511172650877,29.139758454106282,29.089252385453232,27.84965744400527,28.696710526315787,29.19825761006807,29.053077125599998,29.198214285,29.82395790200138,29.893391989459815,16.381674538194723,18.27221362179487,21.055491427432216,21.4653510649978,21.35915625,10.929306020066889,11.785002020624303,10.519534659453546,11.58821644673094,12.630746753246752,12.325926403681276,9.020870524403133,13.08865649246084,12.441346371161398,11.198958033551301,10.752461922135836,11.221192201518289,13.194505890329689,12.967070021848453,15.904251887404062,12.492645021645021,12.025009602811377,11.446356911506369,14.337280020703933,12.91029860069965,12.1620483599421,20.068756084339636,18.03981211180124,19.628542618677905,16.268931577230866,15.214613095238095,18.45631572136864,19.846183077292523,28.0610959724799,27.035326853768883,27.90595041839871,27.52849716446125,29.582306497849977
260,12.511564698921584,13.807879168795317,15.627165286404416,20.853454887218046,20.781676054829724,21.143080776711212,21.4840147397892,21.815974025974025,20.79883337366567,19.667944590204897,20.924734414136587,22.399474127925213,22.13305717893218,22.1978066067275,22.24840906862745,22.155929800724635,22.361251420422228,22.584556458857346,23.53050680272109,24.053285041915313,23.294689102564103,22.733396194385325,24.15759846132129,24.852215,23.28461769115442,24.35969605756562,24.545905857487924,24.08247189473445,24.287224078547144,25.46455681818182,24.174733727323403,24.161876993620414,24.066799693362196,24.363974386724387,25.579883422736682,27.735874506818185,29.255377440831406,30.87895288999538,30.014267002660596,29.584539869393364,29.540398855185185,28.056749865807838,29.30112469806763,28.719012681159423,28.405333576396114,28.668710226653587,28.826484090909094,28.584432486631016,29.06111111111111,29.00223366781794,28.010606374302025,28.76805069739566,29.232273809523807,29.0221877848,29.213609601875,29.78109668109668,29.862955310559006,16.20922368875086,18.244154166666668,20.93848516052978,21.246004629629628,21.166076465744403,10.87615844300627,11.669029555589336,10.458988498175154,11.577902733337517,12.604001047579423,12.262418750040563,8.942828638752552,13.003332496810756,12.333771287756795,11.147304314432645,10.649058731123947,11.186104967898446,13.168783155920837,12.913977620593693,15.888908930575598,12.80569846819847,12.155396311283992,11.656904059184521,14.178212273733264,13.01661599138913,12.041859628114855,19.99962159247757,17.986776990400905,19.603196106492206,16.301026778818382,15.200510204081633,18.414610947309747,19.836604425060198,28.05888047138047,27.03786475869809,27.924833333333332,27.502043388243766,29.552891022021456
261,12.479458743935671,13.66693913401988,15.514742038844522,20.565094683634445,20.668465367965364,21.024818864978286,21.32291607260493,21.61504730087028,20.70306357048748,19.60362772590977,20.772666149639836,22.274297335600906,22.044704365079365,22.01792907944176,22.053997492236025,22.00940384910552,22.145870452528836,22.334873188405798,23.1841038372859,23.913182660253693,23.02718999478782,22.52521892419175,23.936001723057643,24.641076125541126,23.178348147354892,24.14531733755375,24.375945090041945,23.889420704420516,24.167514694041866,25.225665858725762,23.986486950549452,23.7104580913393,23.900654696167006,24.056005090129805,25.48087548062703,27.380030553333334,29.321834623177335,30.82044534845918,30.017204141118896,29.527377269863088,29.530987129999996,28.05857471333015,29.259253344783236,28.68966122796286,28.406703532030832,28.67695022883295,28.826100079744815,28.56570989304813,28.988055555555555,28.937196421410977,27.999437198067636,28.802638389451893,29.18928704847387,29.048347826,29.341506093125,29.788706160988767,29.82094562300019,16.057600597814883,18.206493070063992,20.94274880382775,21.163510768921093,21.202545528222732,10.833980874198264,11.543724358974357,10.385506212204902,11.530470073404855,12.484608235014413,12.13193676430183,8.891455102868147,12.882746512746511,12.234376006441224,11.088044647031323,10.556308926580666,11.204359903381642,13.127234909481286,12.895643674712968,15.850751476113794,12.95271169048343,12.216072602073748,11.730417904401836,14.085526315789474,13.048072392375241,11.97052161944238,19.981602398989896,17.9523020139281,19.58497798213419,16.317748376623378,15.219888716356108,18.33539068322981,19.968859320339828,28.002962760367648,27.00255599472991,27.86409683794466,27.503951228540906,29.518059052151862
262,12.485475223246963,13.703689683695405,15.513269746376812,20.414104166666668,20.555856791629697,20.9431749194847,21.288433423913045,21.557075959952723,20.58554882677709,19.591308777429468,20.68775463666768,22.13499404761905,21.911955615942027,21.873138369329947,21.933115920716112,21.98087841732543,22.03130244996549,22.207341597796145,23.084219202898552,23.699151721392855,22.987210081585083,22.525567377369008,23.70981746031746,24.539863333333333,23.029046548154493,24.009768502331003,24.38986755952381,23.686173725637182,23.94804102620407,25.1114792143402,23.912235576923077,23.57064393939394,23.921500329380763,23.879810577167557,25.355894151138717,27.224549603333333,29.28069851128857,30.70077329620314,30.089854884246186,29.523642951251645,29.4269293,27.994008875739645,29.167775189786056,28.713383838383837,28.38365142202302,28.750470728451564,28.61032117794486,28.476009040405458,28.88462121212121,28.885668783253028,28.176666666666666,28.737473996255456,29.116394797156346,29.1021696972,29.485309103125,29.712698412698415,29.81975027009223,16.045957854946987,18.14775625,20.90012639553429,21.1928327020202,21.129438392857143,10.802571541501978,11.41789938684504,10.333607655046935,11.425597002635046,12.365181684836752,12.067090237348857,8.899455996901649,12.85504739102184,12.172512939958592,11.110195624852006,10.455824298889516,11.171361332320853,13.123488682546654,12.920717626576321,15.933038110574342,13.079083054626533,12.444506268691052,11.495339199447894,13.971920289855074,13.022081856798874,11.724893803098452,19.976197826086956,17.92803888888889,19.53837777777778,16.22394713827297,15.135820578231293,18.46074016563147,19.960486443381182,27.865404558562552,26.897402263374484,27.728254437869825,27.525140876766585,29.532985096520566
263,12.492660485347985,13.640059647047224,15.379496467391306,20.21837774544296,20.457837161346752,20.853227071439026,21.088460791925467,21.400995765050624,20.42867028201267,19.56567385057471,20.62607054780968,21.972962560386474,21.814101049313006,21.71542300724638,21.86924170480549,21.864756411161302,21.89343391994479,21.944104907773383,22.907532691040842,23.433292333873855,22.927684696969695,22.355613181818182,23.510162967360856,24.336513465085638,22.838840401227955,23.90015705128205,24.243486394557824,23.541811781609194,23.848530193236712,24.986239832535883,23.914168547937567,23.508787996423866,23.742563445009097,23.87683245498463,25.262864671560322,27.068609886666668,29.14699546485261,30.61335189843095,30.144388159232072,29.402150283553876,29.334283222962963,27.83774250440917,29.111936621651296,28.667203548085897,28.395952326468343,28.684223103460234,28.58129125964615,28.446146130191206,28.876666666666665,28.88381817670357,28.069642857142856,28.664007350391792,29.1313950063012,29.096365769200002,29.4995659725,29.713479739721976,29.870787790387894,15.998265794591882,17.820161093073594,20.67458123569794,20.981385338896207,20.989237499999998,10.745242424242424,11.286099844475643,10.263849487593864,11.383402738565781,12.257874268180332,12.061122798990116,8.859496934225195,12.80335846386571,12.146868530020702,11.113769620432643,10.45356719367589,11.140991985068071,13.099302200751477,12.915246527777779,15.95865539452496,13.104698860921689,12.396961870163624,11.371152064119455,13.860502305665348,13.01765906008035,11.689609407531368,20.013900614844093,17.96917536231884,19.56403163388544,16.24970002913753,15.091601926309574,18.42142295204795,19.82326416337286,27.88922828178263,26.83604374215072,27.745085843643533,27.593609439988114,29.587447265862867
264,12.464093867418141,13.618808063916761,15.247761347951567,19.994805830944415,20.326205939440992,20.682705926450584,20.961791218308452,21.235766912986197,20.268857303066152,19.376943409478418,20.51770667357052,21.83001897860593,21.664701416337287,21.561353954081632,21.66722347989539,21.711033929933528,21.651761904761905,21.67605544077135,22.64290340909091,23.273164377289376,22.74282051282051,22.02186166666667,23.31802830940989,24.171773913043477,22.621060005711428,23.7404416235938,24.060084756728777,23.292272926036983,23.666695802005012,24.75727587719298,23.777531278504107,23.320842996289425,23.71509291282389,23.728641304347825,25.137648809523807,26.89865246952381,29.034882102599493,30.59282249371182,30.081525629587805,29.1967104886292,29.287160128148148,27.670317514610993,29.07693305335968,28.583169329161176,28.39133657714568,28.628221733929685,28.71665489248071,28.45145034100597,28.777270531400966,28.844960677749363,28.13277777777778,28.63024498003903,29.180194519927536,29.034276125199998,29.3097033525,29.71721955580651,29.876917267074557,15.899033595717603,18.110864673913042,20.7217026657553,20.88758994708995,20.920415489130434,10.724770092226613,11.138034236596736,10.200661276504604,11.35952070057272,12.157079321327034,11.950301661939593,8.822826086956523,12.71601571268238,12.090662895593018,11.097146530421425,10.465424242424241,11.134721968497542,13.087609590266595,12.928763078601007,16.02224570585078,13.032938963210702,12.153757380568974,11.025273870417731,13.497114075537988,12.995858945527235,11.678176090526165,20.078018055555557,17.938689393939395,19.596793103448277,16.20519307413601,15.200716914270137,18.405270113340766,19.617318532292295,27.890356376044785,26.8328455053519,27.711173820141212,27.544001897860593,29.548253384296864
265,12.476007045088567,13.639721751678275,15.357894927536233,20.004155186299208,20.23907187222715,20.700968204299723,20.87504641274404,21.17987521379062,20.23245542380325,19.52192892677038,20.47391648632697,21.778535714285713,21.718657833273447,21.494686492531795,21.659538669301714,21.720059527615394,21.507500948930296,21.486651769673013,22.505619318181818,23.19962419374104,22.687105281493867,22.077556212121213,23.173325757575757,24.120249130434782,22.571436035229137,23.65461413676903,23.92210863095238,23.23541100071622,23.60166680085883,24.585714073226544,23.644195512820513,23.286495442754813,23.633016304347823,23.794061447811448,24.95464599970423,26.76934098761905,28.988602053140095,30.587363157264345,30.05856880104095,29.1882797731569,29.195772946296298,27.618529516549703,28.95964422302737,28.473758156095112,28.29120386904762,28.26466901567159,28.604996640316205,28.331923180769632,28.682560386473426,28.549327898550725,27.72185064935065,28.395292455446917,28.987739583333333,28.7040895912,29.054062704375,29.699181701666173,29.89850195991784,15.822335615471486,17.63630724206349,20.487583931419454,20.856468013468014,20.807453647891965,10.653010772688521,10.985804696209588,10.120506337740222,11.386009061166066,12.187501354967646,11.88836474192842,8.779638278388278,12.631105743424584,12.048701886881235,11.07019920945421,10.477338007403226,11.126862583636882,13.052489874591323,12.920614389233956,15.902833033374382,12.928416157054821,12.182800176229913,10.921175752086079,13.72050724637681,13.004677644943762,11.812635646462484,20.036168417874396,17.90537549019608,19.560201149425286,16.094023680124224,15.293828085957022,18.413064480809048,19.299970063669466,27.879026374859706,26.80860110769531,27.661516065456283,27.417927234299516,29.493890066455283
266,12.467753578457685,13.532173675255224,15.21894538268056,19.970955907317318,20.118009254838295,20.546513748597082,20.838035118976325,21.07654875926426,20.00676974716105,19.321069855223904,20.31033509003074,21.53115036231884,21.491500119774823,21.31728373211933,21.490821875,21.530315322954124,21.433576947006294,21.34397719786801,22.36504060033104,23.104883928961254,22.49784324009324,21.80587106060606,22.97491200828157,24.04243043478261,22.245222888555723,23.488537635371873,23.714987124741203,22.96460365353038,23.472793209876542,24.369502923976608,23.555302884615383,23.010063201481962,23.50570652173913,23.883650793650794,24.76875,26.660333368095237,28.907127172344563,30.49474517906336,30.046159213250515,29.023700378071833,29.02254437037037,27.368174171842647,28.82766098484848,28.280117753623188,28.100787181275674,27.856525457665906,28.343374960788008,28.22996401030768,28.487572463768114,28.293651242633157,27.59722222222222,28.216337719298245,28.706237847222223,28.4120980392,28.631579969375,29.713467864088983,29.95103475921789,15.74153630246565,17.00907236842105,20.30233971291866,20.768439393939392,20.57508125,10.585894692264258,10.816921474358974,10.05543056393881,11.33717808831844,12.039317345295606,11.852298850574714,8.743385780885781,12.560195031753002,11.965230751391465,11.028381769002387,10.445737812911725,11.106519751487893,13.057030519131969,12.871681650970666,15.803902029264348,12.91314831002331,12.280284651227872,11.108157278569681,13.703701690821255,13.033509869396854,11.888688610240333,19.960240241702742,17.836988744588744,19.449149417309744,16.090640016233767,15.288050293035301,18.373287066194674,19.167483871700515,27.983738857984026,26.814346928567943,27.67259820316086,27.426466666666666,29.493512648221344
267,12.447541915880684,13.592073687182381,15.080959011344389,19.707318504864702,19.91989929939367,20.162798793597705,20.804082879838077,20.90735489479843,19.810563178367527,19.01860541076864,20.1491314072401,21.37461806778047,21.44480755180261,21.15289704246323,21.492975296442683,21.276845920383966,21.28474741200828,21.22279034700477,22.21299703557312,22.86005484189723,22.331823578595316,21.546384770126895,22.833547208013638,23.922590764163374,21.880245377311347,23.20875438963211,23.492253864139357,22.68762620394348,23.323203226326317,24.211940789473683,23.44641973244147,22.64093555900621,23.296369263285026,23.559726966873708,24.590318322981368,26.533392856190474,28.892316129350288,30.36058370976849,29.955051787224978,28.96384729545982,28.96931121037037,27.305932971014492,28.709169931581258,28.208883022774327,27.870143344578125,27.781343811473764,28.367617063492066,28.215221127717392,28.474706851119894,28.078144471556737,27.683196091348268,28.091515721120984,28.44624804430171,28.36868422208333,28.55757575625,29.67433025911287,29.985620858190327,15.704169355489231,17.464876938405798,20.15833581235698,20.57584470611916,20.345405778032035,10.498361660079052,10.633191705938989,9.990998250874561,11.303617199584224,11.998273633688965,11.815787282235636,8.621385246142111,12.448132128557377,11.881682900432901,10.977873961008603,10.46018115942029,11.110548037669478,13.05934412734498,12.85684266690866,15.681008364405637,12.857113779939867,12.241598398582095,11.101405080426819,13.666764931927975,12.814378058535667,11.833536230859279,19.97147520022883,17.82908364389234,19.46192234299517,16.140220570635734,15.449858707010131,18.38440406673463,19.20632581436554,27.9581283853023,26.826469709168983,27.62347059643255,27.426185507246377,29.496686335403723
268,12.417785052910052,13.571198671497585,14.923092849179806,19.499349608724607,19.78201696058858,20.112178050344717,20.69724749018103,20.78282149096965,19.781474796769825,18.972810550082098,20.02983529079616,21.24388248052844,21.360816134952003,21.07990134878062,21.449073158439575,21.23856625258799,21.115695824706695,21.046435950413223,22.140951298701296,22.722189153439153,22.216180361305362,21.58078526915114,22.75718885281385,23.844174523809524,21.778343944910663,22.924075850779655,23.349476818988467,22.65484115247571,23.181216095428145,24.073719100382533,23.233454110573994,22.40591868664462,23.224999999999998,23.241624759362175,24.458959744965178,26.443749607142855,28.922451690821255,30.29784961415396,29.860993384003486,28.891452876046447,28.845118194074075,27.282620711328008,28.65701884920635,28.141062456866802,27.722623407012673,27.98514079128982,28.241844510992802,28.18523278985507,28.541428571428572,28.042280944986686,27.600512422360246,27.99593100398054,28.265569602272723,28.414299243333332,28.633233695,29.66958049886621,29.95508203345567,15.604427247714149,17.705243154761906,20.007020989974936,20.420954395141894,20.185344830827066,10.43495266327875,10.439371068243352,9.958341575965264,11.204433156798224,11.98045214405784,11.754400342152673,8.573992673992674,12.406234184495053,11.826010409104354,10.931025890462482,10.473439676265764,11.056733954451346,13.03695242626402,12.83194949719018,15.640765662142474,12.786570983364461,12.221552638183073,11.119196353163744,13.697736056214318,12.82310799319728,11.870942724126659,19.9430007878997,17.83282619047619,19.42202506901311,16.145633236952953,15.456925190002401,18.309962887989204,19.001537542916854,27.966537615631818,26.842688191896812,27.662601001939233,27.281367839889576,29.536834462638808
269,12.376526722632374,13.43684109730849,14.78603905906895,19.36182717644674,19.694786092253107,19.961250345168754,20.587404470031125,20.70960093372286,19.75029674592718,18.971013868065967,19.94092516469038,21.113926155969633,21.0890862678165,20.89807399891775,21.24849393115942,21.110281726425747,20.90817842242299,20.8276111660079,21.92788455204216,22.48923066674335,22.05489257119692,21.335446811594203,22.603880434782607,23.677445,21.66614767616192,22.655445316458902,23.166745565123282,22.518320124028897,23.069519793344064,23.85330463386728,23.054106054271813,22.439376220980417,23.144438405797104,23.180535534371852,24.394654150197628,26.37683433809524,28.956821206743566,30.247483980117376,29.72677660079051,28.89530903665814,28.86368275142857,27.241750776397513,28.559581745247502,28.096805797101446,27.642332221673254,27.974031100478467,28.12400571260795,28.196639176606908,28.529285714285717,27.937958694083694,27.610833333333332,27.86938117352204,28.08310220410628,28.300605258,28.714570393125,29.730667925931904,29.979323689194576,15.435635893092414,17.39517875180375,19.85678804347826,20.329729166666667,20.04780358201581,10.36121212121212,10.269887482083135,9.969863869631265,11.173521486010241,11.849957535035372,11.714857796665578,8.5982837995338,12.37403052261748,11.820994162487128,10.914856630824373,10.444960784313725,11.059444883618797,13.004443712487191,12.843100861095426,15.500571895424835,12.684745547803328,12.20607086391869,11.19241522969784,13.692037063178367,12.976374203533913,11.975296532355832,19.90889907694962,17.782946442687745,19.37492581090407,16.17100386170551,15.408465767116443,18.25136217948718,18.873533168480694,28.015118673385263,26.90138327721661,27.771553917097396,27.13310606060606,29.518711801242233
270,12.394997238268978,13.40862474429651,14.663684398331137,19.304543706293707,19.605970379258423,19.86887357072275,20.490984875242326,20.593013600084017,19.66340526381831,18.91157656877303,19.85759514790765,20.9540686725283,20.90528665109594,20.76490493583797,21.0213060809963,20.94942747153209,20.64639087301587,20.625910662953647,21.621143774703555,22.253849637681157,21.923759545707917,21.206661739130436,22.409886775362317,23.486744713909278,21.52715192403798,22.480586829836827,23.04592508708029,22.43225026123302,23.042522971258478,23.715872807017544,23.001958759839194,22.62069805194805,23.047027950310557,23.49425505050505,24.367995365142104,26.27874396142857,28.985403726708075,30.175034435261708,29.644792857142857,28.90858538122243,28.866676430714286,27.192470708639185,28.52095685111989,27.964171245421248,27.534844297987643,27.95858200714236,27.715291173715865,28.069821331521737,28.542020089285714,27.7418593779409,27.378818053966437,27.85428489702517,27.948014341787438,28.199802372,28.694676824375,29.733982796016956,29.99403771280763,15.363302685237468,17.121474608925695,19.665004515983632,20.14924446457327,19.86165294117647,10.306298889516281,10.089276369463871,9.973932352005816,11.18454977056926,11.761711995733735,11.709866130246565,8.549376891224718,12.317328565154652,11.738238112750821,10.921787550924998,10.409809523809525,11.027102514919012,12.983917069243157,12.815198793054773,15.305897745571658,12.60419453734671,12.246299242424243,11.261107226107226,13.741659420289857,12.78555494979783,12.131216356107661,19.864352777777775,17.738783333333334,19.343928804347822,16.174164105447275,15.43986557857435,18.260847268673356,18.857764867566218,27.931163472196083,26.893885281385277,27.74669719106218,27.050555555555558,29.464646903820817
271,12.390499770460773,13.379053166351607,14.621687370600412,19.443836941904248,19.563495464852604,19.859065161934335,20.468475611502548,20.60001989884059,19.65859475578769,18.94254103630003,19.87127620821843,20.828857589412575,20.910749729437228,20.694641922777016,21.039463135122297,21.108368434054505,20.57268140589569,20.564552042160738,21.437427536231883,22.104942687401046,22.005061036789296,21.33963456140351,22.317451839826838,23.418146916996047,21.491146060898124,22.314422326767435,22.924815051316966,22.41028213166144,23.06031374127751,23.674427920096683,22.978315730465187,22.845803924336533,22.90077009222661,23.540988220716482,24.299842367777153,26.1939313452381,29.054187370600413,30.0973226049313,29.5729600621118,28.796240942028984,28.83336630035714,26.930958850931678,28.303796799516906,27.828928969581145,27.22991972030083,27.813022787948128,27.354843677457808,27.975166666666667,28.395277777777775,27.685014307897074,27.2109375,27.70561882647796,28.00331763285024,28.224813439600002,28.6448046075,29.739898205659074,29.939879625054896,15.293387883941456,16.76541044227829,19.442131769641495,20.02254730273752,19.734466968599033,10.27218226891339,9.958277801003344,9.923638180909546,11.160284896263157,11.743465937846372,11.569835815175118,8.528318444522679,12.25467855519343,11.631813180077524,10.95117302052786,10.487427536231884,11.013323162979914,12.96534818509456,12.797004440758517,15.267349042530203,12.597375631614764,12.054617342302874,11.34356485905399,13.589148550724637,12.845526397515528,12.069446750109794,19.794590267582656,17.70438473193473,19.29430954263128,16.139800798464403,15.426580459770115,18.209004890037498,18.763487006496753,27.880026455026453,26.874207351290686,27.6820120097294,27.02769151138716,29.466526929973153
272,12.405555194805196,13.396059782608695,14.53927536231884,19.437294354196528,19.495651970570837,19.734055484693876,20.388506243913614,20.58872977813153,19.606886548758258,18.868039020262596,19.796554203805346,20.733852994227995,20.81755393610013,20.5914274068323,20.80797776679842,21.084496994400528,20.37308293113029,20.499771080368905,21.224166666666665,22.021708037562853,21.921758764785938,21.198316923076924,22.190291796066255,23.303145,21.314071018062396,22.120989042422107,22.83657304550608,22.336673600699648,22.979368150100033,23.599164673046253,22.826683107472235,22.854400489861014,22.81559068322981,23.50816864295125,24.251453308596165,26.051975498571426,29.02577639751553,30.041147499843152,29.533760144927538,28.84050961870255,28.694675313571427,26.779412525879916,28.12537810166886,27.660939893439892,27.04733141684704,27.400395404271546,27.127093143054324,27.67454577294686,28.203780193236714,27.431546965887804,26.918489583333333,27.561639676113362,27.844526357323232,28.0611413048,28.497111743125,29.788630089717046,29.967936913354446,15.238497255160299,16.283069361077764,19.037424060398028,19.803009057971014,19.519807346491227,10.2146966873706,9.805588573754621,9.874112375630368,11.252299783549784,11.726587301587301,11.488493415629849,8.524838748208312,12.177486301942825,11.571122633836143,10.949720911782622,10.435590277777779,11.016525189786059,12.934499585224223,12.816989148416283,15.104307568438003,12.434297101449276,12.092928657694962,11.425897743560787,13.521503544764414,12.727610829610258,11.993580482486031,19.711162896825396,17.69820238095238,19.15223405797101,16.076012931034484,15.3113772659125,18.23767488851728,18.878298350824586,27.868617245609997,26.894847020933977,27.62195512820513,27.026984057971013,29.505391680782985
273,12.388185606060606,13.370432890808138,14.510436664784491,19.06215738699706,19.276137465390256,19.532029955163882,20.01948649538867,20.367858301827347,19.30884381149154,18.582971264367817,19.57987515202189,20.409197204968944,20.541890480895916,20.32846937006548,20.493158496537788,20.78749843828086,20.14507454200389,20.253008893280633,20.982960055096417,21.763933534826975,21.642238921404683,20.87738268115942,21.968778079710145,23.026737318840578,20.902903321066738,21.903616987179483,22.565014224369296,21.960157490931568,22.680646604938268,23.37519298245614,22.649974444444442,22.34494077028044,22.595666666666666,23.053828502415456,24.096341856900864,25.822361816666664,28.919202898550722,29.84062284334023,29.5248296113307,28.821499255313054,28.474874717857144,26.595548654244308,28.06765549516908,27.593213217941475,26.829846021354854,26.977811498855832,27.07490030069999,27.12662454710145,27.939843749999998,26.983413753775555,26.546116394927534,27.190673374613,27.59605902777778,27.845572464,28.3552989125,29.7734126984127,29.961241142521622,15.074963383838384,15.962553492179063,18.788372807017545,19.588233796296297,19.200627651515152,10.136335441370225,9.63560270979021,9.82347061763236,11.054440312311378,11.62542913608131,11.45598166825678,8.445127607899348,12.114473391611073,11.46556030020704,10.927335947129073,10.422588274044795,10.995267707055563,12.904135035656774,12.709712474120083,14.943001878690284,12.432200136819704,12.001122598987587,11.668566125903082,13.617061374615723,12.68617391304348,11.939760179434094,19.60696111111111,17.610069047619046,19.025233838383837,16.03945586865658,15.251388266905508,18.230788740245263,18.983408701493406,27.909792978090078,26.917201605426243,27.673320158102765,26.909766139657446,29.51405998494259
274,12.37320624303233,13.273841567852436,14.38526092684883,18.619414316661597,19.041463222789112,19.24283466177973,19.486117147263144,20.058358598040748,18.964618153585544,18.309145773704056,19.268037306896,20.091969141604007,20.21449995508444,20.06958189733403,20.14972018355492,20.44348388305847,19.839643365660528,19.890205862977602,20.719891057312253,21.381641403498158,21.250096571906354,20.483411166007905,21.57919642857143,22.665248118729096,20.56958320271682,21.649502229654402,22.339015611135757,21.462661761224652,22.315861463147694,23.179803094693256,22.431758886418535,21.842932342751183,22.408385093167702,22.493641853315765,23.899281832298136,25.6058919947619,28.773310299086695,29.723534255599475,29.467680823177428,28.736059117512923,28.319672156071427,26.385728663446052,27.83141194554238,27.420861204013377,26.506753636912606,26.69328654392899,26.909305087252296,26.789491092308957,27.715301932367147,26.786927944036638,26.17116580204216,26.982877192982457,27.48357986111111,27.890354155999997,28.367578639375,29.774913733609385,29.996425559947298,14.8576829161177,15.799692427253385,18.406276697177727,19.36529089811155,18.965741330227743,10.068133035157063,9.468801016917864,9.786542848705517,10.961421383464112,11.471283832109918,11.448873777397015,8.366636805223761,12.042080745341615,11.349980590062112,10.89519741595478,10.385291454921889,10.958697299077734,12.869815958612678,12.679427212732918,14.862415650640289,12.482796822742474,12.029040294246816,11.745721006047093,13.548213109354414,12.710113197189283,11.939252635046113,19.540938569703243,17.52491956521739,19.013533876811593,15.991048975512244,15.275787674344645,18.234880156075807,19.063315501340238,27.90662238325282,26.906131361928463,27.679611330698286,26.794708168642952,29.50790137398833
275,12.347702764358562,13.255995059288539,14.264561391664415,18.360785959511503,18.82174735422825,19.026793393002094,19.270663372859023,19.91095138888889,18.56446099824089,18.243228499237222,19.068894674166412,19.89752988215488,20.0832178030303,19.85508703970719,19.91319705204216,20.143373063468264,19.341788388543822,19.44388265061684,20.441359330886502,21.12446224659878,20.907804237810243,20.21282675889328,21.259322204968946,22.367890740599982,20.316164855072465,21.340763363448144,22.185294819045776,21.223002509297295,22.049371578099837,22.99201296720061,22.205204607213435,21.475877926421404,22.32692753623188,22.27696718740197,23.664691474415854,25.459168547619047,28.562756211180123,29.63612947658402,29.4256636585535,28.53172554347826,28.042857535,26.107740099406765,27.5948657773386,27.272962454212454,26.366270575514463,26.433124237223495,26.54737277637821,26.475726116071428,27.448043478260868,26.68573131862099,25.751822916666665,26.831168954996183,27.43214963689692,27.758097047916667,28.068947143529414,29.749040986618628,29.94540574390952,14.73083080023841,15.42774560041408,18.120385678871088,19.2042086352657,18.713873455377573,9.999845191040844,9.328073707994903,9.711878151833176,10.928899754668121,11.242567146621495,11.3219701837393,8.295225607725609,11.965380251793295,11.275863221923004,10.840517704595545,10.30733445036375,10.926571852060983,12.865873779609926,12.659658867400713,14.657992276108219,12.517729933110369,12.006923272580881,11.4613344988345,13.394490008783487,12.639552434280695,11.84054512516469,19.419601216356106,17.457517391304346,18.89056697408871,15.95582396301849,15.275215801190313,18.26682274247492,19.113220094498203,27.863831552237347,26.88892914653784,27.654430044593088,26.657476190476192,29.486709215904867
276,12.313052513866523,13.215251355586508,14.165319785759293,18.181593433527254,18.693654735149206,18.906154549319726,19.165679112554113,19.652640010351966,18.499250700568002,18.13305132354325,18.97216654296258,19.794285608182665,20.02369729907773,19.71951686033265,19.749308959156785,19.963557280183437,18.901935990338163,19.127980895915677,20.178194499341238,20.871092444240542,20.746973662207356,20.12425750988142,20.94258333333333,22.272481084609517,20.212661811139885,21.113492908359756,22.00066532645667,21.11575151762354,21.927088750459077,22.872537882893734,22.011803321452096,21.228634723120017,22.247490683229813,22.23499269005848,23.46913880769699,25.376041666,28.47861743731309,29.443068701893072,29.267945285541753,28.43491847826087,27.8937317,26.026814535102577,27.471354166666668,27.208223981900453,26.219254595588236,26.15059506102212,26.23963300438596,26.421241666666667,27.278055555555554,26.58330107323232,25.51111865942029,26.67916135034556,27.374806159420288,27.745409450833336,28.13240622411765,29.742916666666666,29.786948013716355,14.593670383963863,15.260249789375568,17.80038911136537,18.95886564009662,18.446401863354037,9.940378787878787,9.168849200618222,9.641332981834442,10.892766266388337,11.145984547171619,11.255625984854461,8.274672852890816,11.899986218474014,11.191485507246378,10.777228101491778,10.251423199385156,10.859393390425998,12.83648346455364,12.597844291125542,14.436157468403845,12.485556020066891,11.970359903381643,11.22546857784558,13.300745169082125,12.559292615596965,11.972822244180941,19.340337499999997,17.36325238095238,18.841392261904762,15.914975369458128,15.127429467084639,18.26686682882335,19.01965778474399,27.89189143853999,26.925450603158456,27.618224490993367,26.654431469979293,29.52784779471736
277,12.295342117896787,13.170554347826087,14.0518115942029,17.99286614110527,18.558512546718294,18.73921226753478,18.939039855072465,19.40584090909091,18.319398622426572,18.047563265505293,18.87033114673275,19.65149908659116,19.85033031650497,19.57361222473179,19.474861971992652,19.989782675647824,18.608387459331556,18.875858036890644,19.974914084022036,20.683091009533943,20.769089046822742,20.023021864295124,20.74263949275362,22.13210117056856,20.102387645462983,20.962559820614167,21.94154082761251,21.189143465767117,21.753226417604136,22.735828315066843,21.893230766045548,21.19537612749569,22.26546405044231,22.40405271660706,23.34121425249942,25.352150363,28.32884669678148,29.20602413890457,29.13421910502541,28.211954365079364,27.711664031428572,25.873641304347824,27.353612895256916,27.13909009564044,25.997425322301964,25.922430023923443,26.1206828886693,26.2618213219148,27.065002705627705,26.455927756211178,25.185250946969695,26.68763552903999,27.313267676767676,27.705749856666667,27.998068278235294,29.71538043478261,29.624895379454482,14.35278085423893,15.270844580902189,17.763639874141877,18.7346957619675,18.204760416666666,9.934123188405797,9.00944770613635,9.605577324973877,10.898088455772115,11.039896529008223,11.19284713703754,8.214154595404596,11.784712898481015,11.110416666666666,10.726689935823876,10.190968791172596,10.846318401405359,12.78912938912939,12.562291278467908,14.295370370370371,12.403646987070902,11.959046356421357,11.146318265068263,13.155732323232323,12.41395899993726,11.96049854131376,19.158948616600792,17.2634,18.659871799516907,15.848729269293925,15.020562900367999,18.353171390013493,19.17167268638408,27.919742717025322,26.86121712292002,27.575451631701632,26.674463090532655,29.461326086956518
278,12.266340646806226,13.07080686830498,13.978949704989404,17.972264539760392,18.43762443188738,18.659740893426747,18.992810906799566,19.242211660682038,18.199801587301586,17.895347345287565,18.72980660643704,19.594770743145745,19.707969367588934,19.350598961274233,19.409125247035572,19.895076710307947,18.163711141304347,18.640214097496706,19.79194631093544,20.345229316107936,20.63390442890443,19.828539677206848,20.48119474637681,22.039602773132664,19.837216390181535,20.764673469646294,21.801722213595585,21.04682231800766,21.602581173355627,22.541947368421052,21.766545937323546,21.071276395173452,22.215363408521302,22.35542215634607,23.197331881663978,25.306011552,28.228087888646893,29.196952038990222,28.988699571805004,28.049455541439233,27.52925111148148,25.63434445878665,27.215667839105336,27.064241284078243,25.857526508289414,25.728818320504818,26.025079534313726,26.09865790719697,26.985037878787878,26.570419255050503,25.481349500439173,26.826013322949315,27.307706281565657,27.61117355875,28.075044563529413,29.63760869565217,29.587353226155415,14.145565969141279,15.2393688157081,17.65970833333333,18.648190519323673,17.972680274526198,9.85788043478261,8.854580538597558,9.585765044966694,10.796977187813019,11.018529102673543,11.131401992615228,8.175073851042393,11.695191447486135,11.036009159922203,10.694672030867684,10.240072651985695,10.856555304598782,12.750954623297618,12.530259428524374,14.185108329673549,12.328205128205127,11.869894817742644,11.11789297658863,12.994450483091788,12.36286982140243,11.923100753915971,19.02383878458498,17.17374347826087,18.4750317251462,15.793096264367815,14.878653825001376,18.429267516903387,19.112317055757835,27.85489618406285,26.77752372761431,27.505016722408023,26.703182324921457,29.347698826777087
279,12.235266098702693,13.055362029838301,13.91930056710775,17.711712225274724,18.27081375313283,18.398716327730558,18.825349245902174,19.115935135516658,18.03859001505741,17.797383963862224,18.63221687256298,19.49145887122965,19.5165680588351,19.23167132505176,19.217059640376092,19.634476319875777,18.27781202553485,18.43984299516908,19.626128668103966,20.310278944334648,20.55550137362637,19.755312028985507,20.33392877140975,22.008976804993253,19.804564405297352,20.719457670411206,21.641058393719806,20.880099726922253,21.533590896262396,22.376860380116955,21.618364999999997,20.990809496567504,22.082062801932366,22.09616798743485,23.011724129045557,25.2297302905,28.169197072768505,29.291926270716317,28.88419994918125,28.004521153427046,27.521641407777775,25.507109892023685,27.20481542397661,27.00784095131921,25.800192168755633,25.958297673531654,26.26628099937343,26.099018229166667,26.908854166666664,26.52960201863354,25.607291666666665,26.836065026697177,27.225399387900747,27.58001642375,27.94852941235294,29.630625,29.523551247212932,14.031197871572871,15.052819727891157,17.558599245075605,18.529858796296296,17.800843185863208,9.853175779534476,8.706427327535165,9.563714537126517,10.752479232871602,11.026933004789472,10.996876232936165,8.091447865381504,11.610929557007989,10.967704769654897,10.660521666272016,10.158400966183574,10.764515851048834,12.726896175929992,12.554695069875777,14.13917435221783,12.237699178485624,11.850858888822847,11.285216163844682,12.953463194236852,12.325792128445581,11.985164114371385,18.971985871133697,17.1291345410628,18.403091993464052,15.784524763353618,14.866983175079126,18.444898697317175,19.047226386806596,27.80083534621578,26.731750984075866,27.455426585349862,26.69803860089186,29.377852236652238
280,12.208154693065925,12.969815246894518,13.849672051326115,17.49331286829113,18.123753002016308,18.288636315774664,18.795914378337148,18.99915880858272,17.916025075658514,17.74136387751741,18.559285075146057,19.41747206661251,19.41402359350136,19.13010365831115,19.08197215663125,19.648091666188435,18.274204826858277,18.298333333333332,19.499670242800676,20.237210856625257,20.400285465440355,19.80203211180124,20.22090760869565,21.827722756410257,19.75863068465767,20.584428702239787,21.485465579710144,20.805351806239738,21.38231912652565,22.25147392938869,21.386691314699792,21.07238247863248,21.99759730848861,22.08048611111111,22.86450698757764,25.1841756565,28.14784334023464,29.366674113193508,28.69112323485693,28.14551542207792,27.60522343,25.358189357702102,27.1938556763285,26.8475289310008,25.826739987274554,26.07599342105263,26.249469870327992,26.088341838501705,26.841003787878787,26.2288834607973,25.80546875,26.581375540300023,26.872419987922708,27.305762889583335,27.88607300529412,29.707690217391303,29.702763282637335,13.825188531275487,14.49708090198322,17.402939499484006,18.43442938442395,17.827080706521738,9.817414635485287,8.580150096280532,9.53683551177047,10.676599601268885,11.000618855965449,10.950449390150862,8.066559178743962,11.560570237756938,10.924152432712216,10.647223847094017,10.135368115942029,10.7495009971091,12.726173135774584,12.556991567460317,14.165244229736983,12.167238095238094,11.911957183114792,11.347568403818403,12.952089737959303,12.321477455716586,12.00194835180449,18.926959696342305,17.064775845410626,18.328054189671036,15.765152037617554,15.024941940794308,18.503034818442426,18.962443778110945,27.764610842726782,26.699374240754864,27.472275641025643,26.582391304347826,29.291259128552607
281,12.181295500728472,12.829133185418867,13.777457466918715,17.3689155011655,17.98373667333,18.21323382505176,18.51314677386106,18.806692877529084,17.883437131163337,17.675373950939072,18.50703843258191,19.33900056465274,19.13788225600157,18.934131222943723,18.99467638339921,19.441451186947113,18.284034116676974,18.178343214756257,19.29069318181818,20.061756402758732,20.175712165551836,19.54543880952381,20.048469202898552,21.62948790792541,19.489870787820376,20.437969782608697,21.347060556653492,20.612399550224886,21.363931666666666,22.16432883194829,21.1832553030303,21.04905286837495,21.886309523809523,22.018272946859902,22.7494724025974,25.081934523,28.08442499529456,29.42199440052701,28.695191005040957,28.281519959246804,27.622583321481482,25.21502089864159,27.03006698917025,26.64145066889632,25.697827596618357,25.881779761904763,25.95824003189793,26.041414930555554,26.748358242753625,26.0072149122807,25.45318161231884,26.327777777777776,26.52686284722222,27.160343242083332,27.790196078823527,29.707083333333333,29.683711503623186,13.658492063492062,14.493659851061636,17.011864633173843,18.156587560386473,17.52715557712215,9.763086611456176,8.446842186372878,9.520318059700823,10.539370087683432,10.948539893531782,10.93908662551841,8.044896480331262,11.514433527457935,10.853667638003817,10.61037655658974,10.080196969696969,10.776501035196688,12.695320995359134,12.520504620927317,14.090768799102133,12.228333333333332,11.947362985444506,11.292637796985623,12.913155467720685,12.325586689880168,11.906702898550725,18.8777457815735,17.032673320158104,18.308687258454103,15.71194114874381,15.20381684157921,18.452334051817747,18.97275055653991,27.794250040083373,26.683145464304882,27.465621516164994,26.508531414237932,29.26169141727837
282,12.117194314484687,12.854665315728171,13.668525519848773,17.152241917502785,17.831347326336832,18.110521154871698,18.23599374176548,18.61694714187328,17.67190636025325,17.431200540602713,18.428173366488583,19.13330364985256,19.00417910827644,18.787980654761903,18.694616436100134,19.266806408976635,18.11697345459923,18.020149868247696,19.13007032279315,19.920185674028065,20.01777335164835,19.385231733091786,19.911285278413423,21.42960576923077,19.197798294846084,20.214994444866726,21.089701774112946,20.287243086789935,21.10085103121516,21.979255116959063,20.99109046772068,20.58815496098105,21.555123188405798,21.57939155422289,22.57659253918959,24.8569746375,27.912394015577245,29.578318511198948,28.844351825649667,28.23982356647763,27.45484433777778,25.054950365726228,26.85228060376926,26.64916451302321,25.57998012374893,25.81045245359776,25.763271132376396,25.94786515974967,26.629261363636363,25.695518699168872,25.61083559782609,26.23503611971104,26.23085945048309,26.963618659583332,27.241822638235295,29.680485248447205,29.66484887598814,13.406289839387666,14.488331053435868,16.871654176201375,18.028233000292783,17.271728174603172,9.706833964646465,8.300886074928123,9.456334865962194,10.465378674299213,10.947750556539912,10.878090500204443,7.9650530773574255,11.435062903379073,10.773294278185583,10.590560584810236,10.028463768115943,10.76663339248743,12.667137494959768,12.504666496094485,14.001620675352559,12.27336956521739,11.918887022397891,11.356399065909935,12.829839544513456,12.253920180061483,11.737648770311813,18.797496168203775,17.021404238877064,18.275376509661836,15.663683220889556,15.151511176230066,18.454368032329988,19.016617502936842,27.72535682916118,26.64914543990631,27.50392026451809,26.48252740616871,29.14332182438193
283,12.055302660838892,12.79523194031866,13.560368620037806,16.88802901536869,17.66891359467325,17.941250764073747,18.209400138299003,18.447137537801115,17.47830525362319,17.29189755347219,18.28908987417064,18.80694992441421,18.866992588932806,18.650741653726705,18.55670790984378,19.121858128478664,17.809388081121774,17.78191864295125,19.006538949275363,19.68940295031056,19.950855381032014,19.250887152777775,19.803686389887762,21.323336582801254,19.03230555258085,20.03946008158508,20.985899767080745,20.072927430078668,20.983746213026105,21.83965450310559,20.82920079710145,20.35023081990473,21.449366666666666,21.777432236262822,22.41388457556936,24.6312590585,27.830891994478947,29.629848484848484,28.88152472748668,28.171603260869563,27.345623673703702,24.82225655029628,26.642416968599033,26.424960184742794,25.404910361842102,25.630800247902364,25.482448266690756,25.87040962732919,26.507863965744402,25.572113905069,25.373924365942027,26.165800984675126,26.053917781938377,26.670051861666668,26.86547314647059,29.70330227743271,29.589577195558064,13.179897005772007,14.777072654462241,16.757078149920257,17.968629629629632,17.124176587301587,9.663992289889745,8.153740295031055,9.404061041932895,10.395130275771205,10.930011668806745,10.809328290400254,7.92397628458498,11.335612160249841,10.702541441477777,10.556001636278634,9.966594202898552,10.719634662425403,12.636897093781151,12.453733221187026,13.865464587394412,12.379573844030364,11.936534318338666,11.31328544643762,12.772373031557814,12.18435064935065,11.693420697659828,18.714280684955142,16.973623724953647,18.26472123015873,15.633812086381052,15.104059184522571,18.446418997668996,18.9455772113943,27.750270620862405,26.594794066394943,27.511013172563516,26.387903914925655,29.15608598034942
284,11.981147144522144,12.793538757136584,13.495009881422925,16.73860952181876,17.507096264367814,17.717398503670243,17.995997307670276,18.209622933884297,17.260061251150358,17.139772570984917,18.114161553549426,18.545708017023237,18.74348484848485,18.490391253092145,18.46416017786561,19.083180652098193,17.673391006336658,17.664907598714418,18.827915422933458,19.52915734065365,19.753009615384617,19.065803819444444,19.644185606060606,21.264009894091416,18.836521619060598,19.850469820035038,20.76122468102073,19.825814780109944,20.674047728539577,21.738091996570258,20.59965427298192,20.09392424242424,21.34005025409373,21.546974726922254,22.25249142849359,24.472997365,27.702291666666667,29.467063492063488,28.92505041452821,28.035257465963983,27.210872098461536,24.959722222222222,26.313817523056652,26.170034632034632,25.28869401249335,25.400038744341092,25.907324067469947,25.598589646464646,26.30999053030303,25.474578739338465,24.890932765151515,25.918932246711364,25.806336798693454,26.531645353749997,26.84070855588235,29.788223343685296,29.601115950498773,13.023805586925153,14.893574561403508,16.593588291380627,17.877728835978836,16.986014583333336,9.588674693362194,7.975514568764568,9.324938005834744,10.312831273757062,10.781340030742205,10.750273840352552,7.815929824561404,11.26542770702191,10.618058720523782,10.506690679586892,9.93513702239789,10.6386336748138,12.606142515562805,12.427832878754268,13.690705128205128,12.40186627140975,11.927216229547565,11.269170412920413,12.688207227555052,12.155446951848752,11.74436562833302,18.536248397013612,16.862566192865106,18.130544841269842,15.628976136301722,15.187135571824477,18.453412004662002,19.091085707146426,27.7070987654321,26.60968440443078,27.45182869666565,26.37974033816425,29.134425779534478
285,11.965689616755792,12.80760859189986,13.437022397891964,16.496254585088824,17.333282639524395,17.523862919130103,17.80769366804693,17.996621791745802,17.07050036075036,17.10418821169772,17.964922002635046,18.313266743522178,18.51097941370224,18.262422113522444,18.243200592885373,18.8618164489184,17.369233423913045,17.410278640441682,18.659095567476,19.385121880479364,19.428559294871796,18.872722222222222,19.48642663043478,21.05257051282051,18.599606000571143,19.663818887253097,20.509812678887826,19.520658965971556,20.338368260869565,21.444587199223356,20.377433333333332,19.664666666666665,21.16892708740535,21.187776468908403,22.08115245500114,24.349786967,27.681403985507245,29.372222222222224,28.926902846072,28.065549712968192,27.22326758423077,24.58481836384439,26.275760869565215,25.942149758454107,25.215125789141414,25.34711660945843,25.439985611261353,25.456817270531403,26.133027626811593,25.258947368421055,24.8396820005176,25.761364513352667,25.651556660353535,26.497879005416667,26.862745098235294,29.757410714285715,29.656185578407097,12.896853990212687,14.447138937149807,16.209753493169682,17.62075201288245,16.81822034900917,9.522903628678085,7.783287606415324,9.252580580651232,10.258405712557254,10.717135539373169,10.792713529598837,7.653381818181819,11.157955123315535,10.485351731601734,10.48376026848327,9.94534265010352,10.609474957497328,12.58379059748625,12.368813905750047,13.545742753623188,12.42079474872953,11.980386770900264,11.269179946225982,12.5642219463543,12.170671806953667,11.722020105143507,18.3701693001443,16.749059420289854,17.96345555555555,15.585286919040481,15.167062718640679,18.340966035775818,19.104994775339602,27.71602132435466,26.620251122334455,27.34175439596635,26.41167984189723,29.165209842995168
286,11.933034455961659,12.51767991176588,13.259667325428195,16.213731700364853,17.13878449168273,17.356385146944152,17.326953575724843,17.805902426295706,16.777028499278497,16.955809971162378,17.772654881350533,18.071421731736173,18.19591147891963,17.996664325710523,17.857752058629774,18.495580459770117,17.085726902173914,17.211505348516216,18.473771092132505,19.19920930462899,19.210836190078037,18.744282986111113,19.155916666666666,20.819020624303235,18.432392167552585,19.462705476588628,20.33783088001454,19.303679788961038,20.27182144927536,21.219096090770403,20.225939041755346,19.479036231884056,21.104718379446638,20.853220198470485,21.94740461401952,24.2481521745,27.58634963768116,29.23239851935504,28.85844671828775,28.01861481664471,27.20209140153846,24.61072075569358,26.16649413388544,25.98225872859025,25.226021896958716,25.53370656755525,25.677253447549077,25.692923212560387,26.166666666666668,24.730390025575446,25.516927083333332,25.86023603416436,25.708729640151514,26.64405365791667,27.383152174117647,29.77002018857609,29.636371143500217,12.720590635727282,13.673361842105264,15.90638838371673,17.30478160225443,16.400827083333333,9.480685249231444,7.603132563089085,9.168829152214245,10.230998047626905,10.619981080888127,10.663303575484987,7.6521634669678145,11.083221152170427,10.396394709069398,10.455307811636704,9.947978260869565,10.565455630028124,12.539199012206259,12.338117777459955,13.497781747238268,12.464619047619049,11.927389024643523,11.193167701863356,12.3542077294686,12.150491718426501,11.644537612146308,18.288428260869566,16.668881554826246,17.804213949275365,15.495209770114943,15.1273618872382,18.209453037904122,18.988519944573166,27.76044007462295,26.63796631776704,27.276811594202897,26.291862318840582,29.168602268806072
287,11.914701306706114,12.420770713558511,13.175897562582344,16.09594885730212,16.980243863714076,17.217988095238095,17.12531505986137,17.58560015741834,16.68082598276465,16.864424236232875,17.67687455660282,17.65357715311005,18.02522312552401,17.827258952098624,17.61558575128758,18.336520198504644,16.664952984817116,16.888864085519224,18.30904356060606,19.007028543532037,19.054760926573426,18.582895003019324,18.84171130952381,20.574529612597548,18.29272240338164,19.25827222002635,20.252888243378308,19.228300355504064,20.202642857142855,21.04958333333333,20.134661666666666,19.453445896209054,21.024679487179487,20.959688905547225,21.902291666666663,24.2100296445,27.50063158761528,29.093486887508625,28.64248711379656,27.995385599415204,27.16505270076923,24.619871659137964,26.10717226613966,25.924131944444444,25.25717450612491,25.608982265446222,25.850375226309232,25.64690166666667,26.27161458333333,25.092543859649123,25.288500494071144,25.68301334422658,25.47250973731884,26.432509489166666,27.56522804764706,29.773498964803313,29.57981416062802,12.55654155687308,13.456194805194807,15.638397556390977,17.072108796296295,16.169377878160486,9.452719155844155,7.415046670720584,9.106026422426678,10.151453980801806,10.584864953886692,10.543952455590386,7.648347543760588,10.96403318903319,10.338839285714286,10.40974170172978,10.001007246376812,10.571331752954691,12.523918446019897,12.334538596751834,13.49942421708726,12.522358091787439,11.93606991958566,11.19476356976357,12.441350069013112,12.154336468129573,11.772112820754126,18.271996608822782,16.65640588235294,17.828346195652173,15.456946018062396,15.168405002044432,18.210380869130866,18.763081933059446,27.74770573629269,26.658542289701707,27.26133241758242,26.17105072463768,29.110685770750987
288,11.88060826953748,12.340820799528466,13.095833333333333,15.927038891457512,16.829244147406815,17.07291147891963,17.01427063642092,17.457268372602364,16.565185339419035,16.753257942650745,17.54327387588257,17.681307147562585,17.844859796083362,17.62334439699793,17.292496426934754,18.212883318209315,16.3173446734425,16.57373188405797,18.07166934046346,18.75471550156624,18.806893382352943,18.3404117739899,18.530068580542263,20.329285256410255,18.06447792050944,19.087278591736258,20.021209020489753,19.079128899835798,19.972138116883116,20.83096948893974,19.850560118851558,19.27155797101449,20.78197115384615,20.82547788605697,21.801135481366458,24.070564339,27.367047101449277,28.882941945333247,28.603553166351606,27.808752705627708,26.891023523461538,24.343220470006184,26.062313903636905,25.650203804347825,25.119802332484287,25.433051214994006,25.531089763098223,25.64980404040404,26.203228519668738,25.05055648013314,25.293205492424242,25.53319931773879,25.22222124094203,26.218516276666666,27.304006820588235,29.831845238095237,29.552647569444446,12.420441581968756,13.431560526315788,15.444245414673048,16.882252314814814,15.908524844720498,9.36142500313696,7.20302522296544,9.038349567099567,10.069554346203521,10.383195155668918,10.540950390605563,7.626199792960663,10.889490313765677,10.285256826506826,10.369059913905636,10.00518115942029,10.541317977374948,12.489215045555625,12.24489773316734,13.439807746601225,12.500435606060606,12.000526441324793,11.346652251257515,12.528722522709936,12.150126641224842,11.92557791299725,18.263844116902586,16.62342060041408,17.85206900584795,15.433188119269447,15.187432599489728,18.214209169453735,18.64076963141806,27.726946904634104,26.623106995884772,27.264246562616126,26.09266403162055,29.0597251552795
289,11.861660757575757,12.23398892082884,12.865933045873758,15.741489316239315,16.619958199471693,16.803979541760363,16.77817939116566,17.292963957356445,16.48556119637938,16.61891267934044,17.381589728920964,17.460921588332305,17.640075799283064,17.350605383358875,16.944825780080034,18.023452591885874,16.026843253968256,16.294303408122143,17.803626490055837,18.369740543233142,18.496340679248288,18.178088531821047,18.104747023809523,20.09139,17.7603102876592,18.732777733860342,19.797655825496342,18.80279887687735,19.577735072463767,20.63481454996186,19.64573090277778,18.910183017465627,20.648536288814064,20.337181876975947,21.604670676644247,23.917257082,27.306005434782612,28.631816059757234,28.391247307116192,27.46145833333333,26.700927537200002,24.17470524691358,25.875913338187367,25.421177320565906,25.043748263888887,25.16000043917435,25.4242622763619,25.355923257418908,26.167596726190474,24.85014619883041,24.738268885719542,25.37543534896476,24.926825483091786,25.97405829083333,26.75726769,29.83253163584274,29.631035004705442,12.126627324711174,12.787420394370121,14.998466056445462,16.570718223905725,15.534103002070394,9.321149813350901,6.98090188876341,8.978122941370225,9.9683979438852,10.317529989334336,10.50607472237907,7.473417948717948,10.806666997790186,10.19012153975922,10.351500280719199,10.088189799331104,10.533479093786442,12.441565073201229,12.304031238309017,13.385395763656634,12.451140274344432,11.975378276770705,11.353915408263235,12.53055900621118,12.168429178268008,11.968639841971045,18.109898422769707,16.574821014492755,17.720922087071543,15.414962081128747,15.11975369458128,18.125707978615587,18.563140268101243,27.709873188405798,26.578766326713186,27.149972129319956,26.024035469107552,28.97427997364954
290,11.813193484848485,12.146794273739054,12.732262845849801,15.605878076443007,16.455469136629567,16.63363741833586,16.72686827375523,17.049270531750224,16.268260326629893,16.373887520952444,17.264451942984554,17.176020123322,17.414787389050687,17.091501752342815,16.673192135369355,17.791691297208537,15.7547904432524,15.952708333333334,17.51343576351185,17.98892067326125,18.130496671597633,17.747855308758663,17.744896374458875,19.756851449275363,17.33935015371102,18.572934507521463,19.425921029281277,18.39441308323111,19.20922839262187,20.295993689757992,19.45150603864734,18.397887529137527,20.28648780768346,19.715655987795575,21.340348844589883,23.701173656,27.168359683794467,28.450189786059347,28.1984186523729,27.167304498792273,26.364262714000002,23.98378900473233,25.69064057398178,25.281417572463766,24.595125755192083,24.57157729468599,24.835802879410554,24.505586616161615,25.52901947463768,24.501311473764503,23.2828125,24.625181830381106,24.695013457556936,25.634660817083333,25.680123614117647,29.806278377102174,29.686449437278966,11.823404071773636,12.223545169082126,14.518710430968728,16.16348691626409,15.134585921325051,9.284893926392067,6.849159211259755,8.903850965287301,9.840390697508388,10.292283417701038,10.399526713915769,7.443978072651986,10.72437313089487,10.128393493248565,10.341992708086677,10.056693940117855,10.538266181758745,12.418238178890352,12.27065857730074,13.280221285198403,12.451418894589972,12.030116570502628,11.221428870043,12.469187637241985,12.199468561173958,11.988074879227053,18.014434325396827,16.51299284261378,17.649961999916346,15.380443971240501,15.17565444550452,18.04513158942507,18.579246626686654,27.705839269426228,26.548898564850127,27.117532124625942,25.912011349520043,28.80468256477822
291,11.767379081996435,12.069714501380263,12.577355072463769,15.331753838552752,16.238862585752578,16.464187689057837,16.29131120992534,16.778508998172722,16.025777135723967,16.14676812696593,17.082592226613965,16.94663924571805,17.05016071403409,16.797347026162242,16.352734168241966,17.496214093169865,15.372010006901311,15.55443758234519,17.209001893939394,17.69710316508026,17.65848076923077,17.14578178524374,17.415015398550725,19.495295359531774,16.869294685990337,18.173441135856898,19.15544717724046,17.973274425287357,18.872681547619045,19.969077326468344,19.355129616977226,18.019429845516804,20.258646582144866,19.284926854754442,21.08586359628026,23.41203228,26.99115036231884,28.114266631114457,27.857521254422956,26.86276780088217,25.84679727846154,23.773612047091564,25.364507790571114,25.154559178743963,24.08383336078173,23.780239348095755,24.50561366213152,23.758807971014495,24.934185606060606,24.356134654818867,22.440736607142856,24.18508792405851,24.59600173611111,25.515212881666667,24.987915601176468,29.78181818181818,29.64161857048748,11.598095674793043,11.871514583333333,14.122865924693157,15.911522516835017,14.753878968253968,9.184595273386034,6.654560018309303,8.86207575421473,9.752296660111503,10.193277275864233,10.345411103971824,7.421593544137022,10.647765700483092,10.055418679549113,10.316734333922273,10.012181477942347,10.532445310957966,12.38648470557891,12.245346979107849,13.17565794712534,12.435371376811595,12.072447585730945,11.097190562107611,12.391838336783989,12.196621848850011,11.932690855102182,17.990348309178742,16.470754589371982,17.58023019005848,15.347636742592295,15.266366248693835,17.998835005574133,18.493221571032667,27.655417837424825,26.555809817754263,27.13766636141636,25.799529267833613,28.744989648033126
292,11.730942165016534,11.855663389529365,12.394503147583686,14.846061666666667,15.936224997607738,16.300317970073404,15.919388586956522,16.416105763958786,15.684794240337483,15.94334394118059,16.88644566856843,16.701761047906405,16.771923568690863,16.622981487456645,16.013115118577076,17.18690596395881,14.997899331344984,15.219483845370702,17.022402777777778,17.379283224784366,17.521558458751393,16.76514098465473,17.191340662055335,19.304565869565216,16.665771570683955,17.829929776363986,18.809424196384207,17.680002936031986,18.666213541831116,19.685728867623606,19.164980429292928,17.600803604607954,20.05619087702421,19.130058455620677,20.776507339279078,23.0771014495,26.837620950554133,27.909261363636364,27.717190136634333,26.576125585272685,25.650118040384616,23.52738733833454,25.096542218021426,25.04895833333333,23.57327872670807,23.370432913503564,24.201608906012996,23.38284329710145,24.380353535353535,24.219285345717232,22.61895100069013,24.093598441792174,24.495918154761906,25.436702829583336,24.864670868235294,29.81686507936508,29.619633326026065,11.429035037598702,11.839825558213716,14.138555345117844,15.824270833333335,14.50239311594203,9.148712980466287,6.499751818469142,8.799653283406144,9.647829512239678,10.187814443618528,10.226042598130524,7.317033126293995,10.564589666198788,9.970191682910981,10.295277777777777,10.078724747474748,10.514608032620737,12.3816261541662,12.19318584133258,13.14514054785794,12.443472673160173,12.054392418381264,11.164295134689873,12.444754062362758,12.157568027210884,11.871655619558641,17.981053656126484,16.444016666666666,17.577607142857143,15.273329353180554,15.382375330192046,18.046488927738928,18.35741542107734,27.55945453499801,26.577437584345482,27.131212340799298,25.639288072541266,28.741883990667205
293,11.701133985428823,11.87539603744209,12.223115471485038,14.550215000000001,15.753257989249217,16.07897627872219,15.766314009661835,16.305871939503735,15.472845408340653,15.85890715213961,16.75992322383499,16.47346928524374,16.72037121212121,16.509283955627705,15.855875393824828,17.115816523057152,14.749671382189238,14.925327070821142,16.743020235247208,17.155297637208964,17.48267005910756,16.81252876984127,16.949,19.01496480059795,16.567597489648033,17.57717112251559,18.739142233787454,17.65486990595611,18.583855013261342,19.535834763539285,19.03210158385093,17.575132275132276,19.949003492481754,19.3782573404856,20.700936063936066,22.940821815,26.683327666046655,27.717200854700856,27.705590039607525,26.379453386287626,25.416764213461537,23.359370720483913,24.891452569169957,25.07789100241546,23.380614352408774,23.35107127825878,23.946569711086017,23.407721259469696,24.256758109040717,23.90054012345679,23.304704655248134,24.156450980392155,24.447413825757575,25.273166515833335,25.15661764647059,29.771031746031742,29.509794021268586,11.212288528138528,11.58007886904762,13.92965954968944,15.565278784219,14.270813492063493,9.08943475396689,6.343344919645571,8.749887170283133,9.533534490871448,9.992271234512614,10.071928410794602,7.3234718614718615,10.498715348343495,9.895759963332425,10.287643678160919,9.997058823529413,10.526660638212363,12.357370223978918,12.159839125380792,13.0813832001332,12.432166666666667,11.84633935293485,11.298262154512154,12.470229233327059,12.138287998857715,11.926649499925361,17.90984125059723,16.391471277997365,17.515153269496203,15.241934862925682,15.365817091454273,18.080630341880344,18.375595238095237,27.519572711239377,26.568931159420288,27.082246376811597,25.68815292874396,28.784594789002558
294,11.602942335004178,11.844776102131,12.097450828157351,14.546947509534707,15.601442527010803,15.89369492115028,15.891136389342924,16.237392723822072,15.378711782681892,15.878458173580759,16.569876094837394,16.351697381422927,16.559707535885167,16.30957528955258,15.66038347797445,16.954705069277104,14.583028269608239,14.707510006188365,16.60316421983813,16.963898831375282,17.284210512313773,16.806397219477383,16.671229358805444,18.88025375887461,16.416428085199826,17.319712482264112,18.622779922113775,17.561229902094407,18.418289149666602,19.31318144546148,18.79801917874396,17.580041546946205,19.979700862462114,19.28099986032877,20.550945992432062,22.8545797115,26.69371905004056,27.671721918432446,27.516104985436744,26.4784080713972,25.37327197111111,23.320292353823085,24.913632305194806,25.038338164251208,23.358681285225444,23.49121497584541,24.078089087084113,23.518098958333333,24.226340579710147,23.866137770897833,23.702053140096616,24.113136933517367,24.485303819444443,25.321024823749998,25.55866271352941,29.706137626675382,29.434280218166318,11.182900855123139,11.528377083333334,13.725623188405798,15.290312701288245,14.059197463768117,9.044083891848542,6.138359606043344,8.689077453343758,9.453781635031635,9.924975081140747,10.03989028213166,7.293236551853942,10.453016151856731,9.833692232272794,10.240712560386473,9.945352100840337,10.451621993625036,12.31493559580516,12.10859036208357,12.966766239507074,12.43506239412761,11.900872339804122,11.384598101174188,12.456385595081247,12.122805236991894,11.946696294709788,17.79159830501416,16.302742857142857,17.404706280193235,15.205459707646177,15.325033687319824,18.03855332167832,18.409999278435645,27.544748485545583,26.565148998122392,27.048154843630815,25.65445403332524,28.7457126984127
295,11.557264451345754,11.788216761773581,11.994126997765939,14.563860044846459,15.531400227645918,15.791745419758813,15.683561669685991,16.105893879595644,15.271350040016875,15.749077400693594,16.445187240295937,16.310868821971837,16.444930759457932,16.115221673254283,15.524001646903821,16.85109714379823,14.443909054926317,14.559191196865681,16.40257697778177,16.80956699064489,17.1639433165857,16.63546709623408,16.53694696969697,18.73914608695652,16.246052777777777,17.08247555614675,18.47868935986552,17.41692385057471,18.30545524691358,19.10302192982456,18.613217101449276,17.545563825230243,19.80314680622652,19.11313239484154,20.399654421665293,22.774224897,26.612818849542453,27.739256697408873,27.41510067594661,26.501495915967453,25.429203301428572,23.314023094783774,24.828907867494824,24.97109552042161,23.3243501729249,23.410564480618543,24.181260025947136,23.525849977355072,24.138357487922704,23.88121662852784,23.41171875,23.957927162410854,24.766879071146246,25.267811539583334,25.78040405125,29.68401875901876,29.382743882928665,11.025634807312255,11.45535193550411,13.201278404756952,15.06348611111111,13.90980885832594,8.979147410560454,5.997922787502352,8.6253152644457,9.396655957735417,9.912339152393502,10.013523351960384,7.2405905640253465,10.388962694578638,9.787685402888492,10.217954970461983,9.932150103519668,10.40356015174231,12.286138752128455,12.067879887775268,12.859823476308984,12.544249771967163,11.92429928163624,11.469941109615023,12.467794168391995,12.142141053391054,11.912393500219588,17.705159632034633,16.267650211352656,17.30119806763285,15.11258224637681,15.231023119392685,18.071153846153848,18.426982531461544,27.647761387163563,26.5935168997669,27.05236900780379,25.568346273291926,28.79384970826275
296,11.506041586452763,11.664315074370707,11.839624403636693,14.40809963768116,15.303567138218924,15.56908843256202,15.540040157004832,15.995255927460697,15.16567129879677,15.551476491387067,16.207890026640026,16.17205681818182,16.24360408122579,15.84496564217891,15.221981580250247,16.59379335365386,14.219738132209406,14.31999655647383,16.08600595238095,16.785244833601716,16.93680803030303,16.316899714052287,16.299458333333334,18.49876920289855,15.785568812184817,16.77631066849817,18.236645149364094,17.11516448025987,18.132109126984126,18.869223684210525,18.39037374010474,17.295925428233172,19.44055518315625,18.7729538639771,20.1443272164525,22.630573512999998,26.517866721787527,27.652981119984226,27.440849052569988,26.34845798826777,25.193182012592594,23.035322658219762,24.6307612991923,24.66167316017316,23.023815738910844,23.424433591871093,23.886513614404915,23.24200192481884,23.981666666666666,23.54442117704165,22.746944444444445,23.533119658119656,24.06021739130435,24.928116112083334,24.98410414882353,29.58514739229025,29.413689669232372,10.936794059011165,10.941878598484848,13.063745068438003,14.849905092592593,13.613296285839764,8.86805349692578,5.746685335923667,8.5613483436853,9.368433559194429,9.955939887199257,9.96835908344529,7.161381422924901,10.300545395291772,9.709180457670797,10.200623157036201,9.89731966873706,10.36902514651765,12.268987896161807,12.082412841816568,12.717385461531151,12.470347826086957,11.909299333849559,11.420513019589105,12.256682900432901,12.011402334547011,11.848997416875978,17.58747978778468,16.150195932539685,17.19471123188406,15.116254287439613,15.060984068372512,18.083234265734266,18.52946424515015,27.68796296296296,26.579442586399107,26.990902777777777,25.49983913043478,28.871485720229426
297,11.439161972470702,11.50376955543503,11.655072463768116,14.069777463768116,15.031337509410879,15.324219940084069,15.217076231060608,15.744307557971354,14.884143053884783,15.096027497194164,16.00507466408496,15.944262896825395,15.854708807798481,15.603880508609333,14.865208827404478,16.248032675791734,14.006078025413066,14.050368083003951,15.746661255411254,16.508641437064217,16.54950144927536,15.836735985426346,16.078145833333334,18.231896666666668,15.456510608332199,16.46955569159102,18.029866783126295,16.73416088546636,17.814774612062656,18.54426239511823,18.129392222222222,16.981364346022477,19.0563758934373,18.497773759224284,19.86542642140468,22.419457217999998,26.335630215195433,27.37933135704875,27.184514601050964,25.856911338448423,24.84219224413793,22.644229113278993,24.345124019018158,24.41838819875776,22.718892393461005,23.140519781144782,23.325653177740133,23.33734375,23.90083333333333,23.262013778132197,22.595108695652176,23.52467190016103,23.67298611111111,24.696702899166667,24.92483766235294,29.64166901938641,29.430550522501907,10.743911201298701,10.749180303030304,12.898805857487922,14.585468287951983,13.367739906832298,8.794019764957264,5.601374137336094,8.48502334234089,9.22244528246081,9.695462982794316,9.91507139287499,7.135560606060605,10.216775850290343,9.617151086023636,10.170737263943785,9.860327122153208,10.354763081121776,12.247041228698837,12.033635146103896,12.569736970518816,12.43689393939394,11.8841082434973,11.377937189621973,12.018350116067507,11.926710751766974,11.833555543656743,17.487125422705315,16.07440719932242,17.07898086611456,15.069411660079052,14.964569530710834,18.09601252913753,18.539750660384094,27.580246913580247,26.514177217709825,26.94704037267081,25.4357122833688,28.916654244306418
298,11.382668695586133,11.411524547422275,11.492427208896963,13.828697900432902,14.901415285899937,15.243830486542445,15.23535869065717,15.406071143768512,14.725598534971645,15.05616507300067,15.882301083244876,15.74791577848351,15.758367255218086,15.538623497774923,14.593271044145448,16.38015344411128,13.784887927634822,13.838142367349384,15.481419905577514,16.30230973639456,16.280096153846156,15.905621703904991,15.866191287878788,17.979232575757575,15.329449712643678,16.219088570087425,17.638170172219084,16.54925930784608,17.595497574955907,18.298502819548872,17.941840920070266,16.98763799206571,18.871062801932368,18.414307391758665,19.720357740086,22.186201690555556,26.135884259396843,27.000929860884092,26.945176070270787,25.37532812850541,24.48933694,22.579613095238095,24.100486533828985,24.178653590497984,22.535330050102612,23.20102295008913,22.925755738985146,22.971228147644926,23.72824879227053,23.122461992043196,22.333095238095236,23.39100140056022,23.474218749999995,24.557000811250003,24.719650184117647,29.62894736842105,29.426749352863677,10.533245871278481,10.609073593073592,12.399142420582638,14.374314009661836,13.276469720496895,8.717130254748401,5.345281205973513,8.401548368203116,9.076742715236708,9.56561828975622,9.88042687802216,7.101123188405797,10.096050602644807,9.526508056666332,10.125281954887217,9.822941633728592,10.343875915750916,12.192884048636337,11.992920625117636,12.47532045785669,12.357318181818181,11.7646408045977,11.248443223443225,12.000287439613526,11.881680588277291,11.888587581209396,17.385141501976285,15.96927536231884,17.006708613018052,15.014634123847168,14.920146574440054,18.05539496735149,18.663474025974025,27.43327721661055,26.41199841824842,26.868748917748917,25.317981358204467,28.88898787878788
299,11.321347556050089,11.312944456208044,11.376456333521551,13.797334055437316,14.719988190585159,15.125737078032795,15.109298136211613,15.338989771806643,14.630130488315507,14.961433619324792,15.756344231216353,15.526901609260305,15.457575166187569,15.319913543228385,14.50036553030303,16.05021810749992,13.644849747474748,13.647059453227932,15.346972222222224,16.1506838121118,16.151955128205127,15.814289477657004,15.629496482683981,17.789083122529643,15.234461019490254,15.978339924568186,17.406281120600415,16.379314166780247,17.447312198067632,18.07260624098124,17.738638726708075,16.913691725565787,18.867980791350355,18.413830406225458,19.627748049052396,21.8598620595,25.930232265721397,26.73463232356253,26.7308766754873,25.34702785620177,24.492539286206895,22.42383666970694,23.998558875707914,23.990469735720374,22.472276299831524,23.044150895140664,23.04023519520144,22.655109375,23.44566425120773,22.399196360466384,21.8418115942029,22.919362745098038,23.168431461352654,24.38297623,24.358774510588233,29.6041994478951,29.357081434797088,10.409475680720245,10.373025946969696,12.191998843015467,14.2130079652634,13.089778726708076,8.649572237754619,5.1396005818312345,8.265060207218593,8.991738632211778,9.492723480916883,9.894528654790252,7.073389233954451,10.010025718483003,9.442989518885781,10.081826688757467,9.76944438170525,10.350419445950298,12.159057880525271,11.939251610772768,12.285742355470616,12.284072463768116,11.674212761043721,11.155103501570892,12.002554024903768,11.861684931343852,11.867930239425743,17.282035905640253,15.901545614035088,16.953342493255537,14.978167158385094,14.921755599472991,18.01822503583373,18.615188428513015,27.331155150539207,26.33789272321881,26.815458121588552,25.191026138716353,28.829822310057093
300,11.258816428571429,11.260848462390705,11.25643115942029,13.620617382014121,14.530483197556638,14.83692266083935,14.750353089317082,15.21591432519906,14.428886405696494,14.800363576469374,15.575541780257254,15.309099225955203,15.302511269527573,15.17241063937728,14.47538352809761,15.912448231241523,13.528745971774743,13.44990328183016,15.090702651515151,15.98137091515668,16.005595454545457,15.629366680194806,15.45067317193676,17.465384299577234,14.988966431556948,15.741586742062285,17.331934910701218,16.194655297351325,17.29582928723629,17.881002314814815,17.615454980237153,16.889439857993082,18.918656806156807,18.436960983793817,19.555651956738913,22.045567028,25.898252415458938,26.653270392478465,26.67744810136604,25.371702063128836,24.54592391321429,22.259584087826216,23.8702520478891,23.849140692640695,22.441909651279463,22.992320926196566,23.085106806164667,22.75411415102108,23.308888888888887,22.87479377104377,22.236908212560387,23.18118073316283,23.052150584795317,24.21199853083333,24.521141305,29.519952407840606,29.258239561221895,10.261831666558171,10.368603219696968,11.747671598228663,14.108063607085347,12.932782287157286,8.604771903820817,4.953344409213974,8.182634575569358,8.850678053830228,9.440132953004019,9.860767002862206,6.934769439583614,9.935591421460986,9.375111379495438,10.059368137900746,9.742244055461446,10.289838995545518,12.121202257887042,11.849387875258799,12.101011856606824,12.20817536231884,11.653783911615621,11.110378027769332,11.994780726519856,11.840723956203718,11.809624165190131,17.12943502415459,15.816709420289856,16.90351539408867,14.905838888888889,14.917623831482528,18.015558695652174,18.537389827813364,27.327364919031584,26.33214711013624,26.850561076604553,25.018924292615598,28.769534405066373
301,11.207336951041286,11.208716440591688,11.122562582345191,13.4476850310559,14.411718093759244,14.715004232374769,14.786002731978167,15.021394720098494,14.199358643142197,14.686632649868248,15.376323857302118,15.130150703463205,15.198851464247214,15.003845344373268,14.120087901701323,15.843426661669165,13.30243922924901,13.217429632291292,14.878731966403164,15.842953364311672,16.08771893152614,15.594291771885523,15.199188596491227,17.2349621465491,14.871006809095453,15.545883227279965,16.931194059563627,16.15817672413793,17.26235856146001,17.834462752525255,17.500632129186602,17.006077672886047,18.761169449388365,18.3180088527165,19.42915698061579,21.6935041405,25.798238828502416,26.547281936490013,26.59945965085639,25.360560895670936,24.34542089137931,22.196699134199132,23.800798390330527,23.760118012422357,22.34356467822636,22.710623114630465,22.921529173724828,22.40551958786232,23.08746376811594,22.737500914946565,21.59611440491875,22.474888392857142,22.92791351010101,24.109433229999997,24.26057291625,29.461848072562354,29.20114312911726,10.14141471390928,10.57281875,11.833087157809985,13.904722725442834,12.763684610075913,8.561418816928684,4.776442004662004,8.140393553223388,8.791514916243177,9.31634069328972,9.773397392212985,6.852842787139126,9.843560606060604,9.307386422582502,10.05275589748416,9.668278091473745,10.270710178710178,12.072580009898852,11.817489959768492,11.956581676156429,12.140626293995858,11.584191167403311,11.133619341185131,11.969319828722004,11.784292431706225,11.846625794245734,16.949523585231194,15.695079644268773,16.787631336117656,14.843134722222223,14.859336140912228,17.963047101449273,18.312425662168916,27.329602791196994,26.335737812911724,26.843545454545453,24.93135702341137,28.722229942445047
302,11.199066070403026,11.09435983193701,11.067366600790514,13.294051592320722,14.24127949134199,14.422508495839049,14.614255434782608,14.889168167292693,13.9788766579199,14.521471900683858,15.142190967440488,14.912565135046115,15.073660302559757,14.794327050290645,14.2820055171278,15.631064013447823,13.089769900294213,13.047305216193557,14.540761363636364,15.626041264227764,15.85572463768116,15.31896984107378,15.014639588100687,17.003390658254787,14.739284688013136,15.381762573477248,17.058641975308642,16.001204022988507,16.90785288269165,17.61993156805056,17.233872173913042,16.677725304014658,18.518416532474504,17.918160887088924,19.272993461181866,21.450200012499998,25.601599927849925,26.480736714975848,26.364256537492125,25.25424510320597,24.12359668413793,21.909309986240647,23.521027381566135,23.586688405797098,22.08046530016989,22.17810444225537,22.27778231852688,21.978801805418314,22.58732683982684,22.364808410188843,21.11364953886693,22.082305561020394,22.768550683465083,23.888460204166666,23.25944128875,29.47778640441684,29.187507611518914,10.044055730329022,10.141955706521738,11.508075126262627,13.665393820450886,12.531160455486543,8.524010093167702,4.533702978459667,8.095769972156779,8.63045183982684,9.040337217754757,9.81597042387897,6.7941314699792965,9.786285560923242,9.224960584682806,10.025475955204216,9.591544962284093,10.262788275733929,12.052895463956334,11.787291257461481,11.894261290027881,12.125164690382082,11.600194983676992,10.973319796145883,11.87275966183575,11.778415824555255,11.897568261323883,16.864084425364346,15.576981525720655,16.68951636681659,14.791297262479873,14.726360264132005,17.902639855072465,18.221074527671227,27.35211566144537,26.29127774399513,26.766664031620554,24.960786991993515,28.648168379446638
303,11.130223681697345,10.98714072550408,10.98902278716014,12.956202418595897,13.911756117071334,14.062329736786017,14.07961332070707,14.53146114636781,13.678988753999622,14.020783602719744,14.835654786670233,14.53737883493318,14.516559596529953,14.462663757407011,13.859060433884297,15.077801043935361,12.540472703497874,12.64955585998323,14.177520962732919,15.253157275953859,15.226640909090909,14.902310776168434,14.740877976190475,16.649076505016723,14.16549987506247,15.112933648778757,16.610426630434784,15.686001526022702,16.463055593896176,17.368936741557448,16.918546186545765,16.055938097605132,18.118794949329846,17.24095184550582,19.07524511854222,21.254375,25.43223922902494,26.340305383022773,26.08388463438735,25.027894064872324,23.837175310689656,21.826512811775928,23.286076604554864,23.667034161490683,21.88438294337004,21.955769820971867,22.419936888853037,21.711334375,22.144683794466403,22.429705493308436,20.239190821256038,22.337528180354266,22.835612771739132,24.076139402916667,23.20502490875,29.459920634920632,29.17827866930171,9.824310996612084,9.90815625,11.119776455026456,13.386226989093835,12.111763888888888,8.411436237373737,4.309800026007666,8.071251219912941,8.545568988464952,8.96335922947617,9.666485740230119,6.685078392621871,9.711586621912708,9.148235198778677,9.98824385155907,9.556966555183946,10.236275017253279,12.02039062676454,11.751214109260305,11.75165892883284,12.081430830039526,11.557089055580434,10.961347547380155,11.876910722128114,11.751264059528676,11.864646086047886,16.74633134920635,15.511101366930172,16.576305990673493,14.76544527736132,14.667125525440744,17.888516666666668,18.082002748625687,27.371692163177674,26.261267717789455,26.732710144927537,24.862924698489916,28.540732948211208
304,11.013396382259998,10.891493940329756,10.833982897866298,12.589037688273265,13.709398738130934,13.780730264042376,13.838390689699793,14.327528815702257,13.398917402362668,13.968304764076503,14.612995347063311,14.286666174734357,14.322476919819312,14.299643584863412,13.511339519865917,14.945469552390586,12.195092728527511,12.247852790325616,13.858170117322292,14.90579235069815,15.027170703933749,14.64608429304693,14.412916666666666,16.368736034798534,13.928046716090007,14.809380611672278,16.36928309877279,15.501843754259234,16.32058280995638,17.211516304347825,16.674752163561077,15.68021054407861,17.993238871635608,16.87215028849212,18.93191455618992,21.071946993,25.40163913753907,26.413581041112096,25.98755450271347,25.06727784679089,24.004371772142857,21.772019151138714,23.138592207519427,23.57618726163234,21.79938450545212,21.64884196504689,22.43448033126294,21.187149213897516,21.7668115942029,22.583129290617848,19.685272288098375,22.076145905221992,22.68697773248792,24.086678486249998,22.89301301,29.470364357864355,29.116599442875962,9.681288586956523,9.757153623188405,10.79989159905693,13.103660005855659,11.82330322636301,8.302324717311674,4.102057525434923,8.025379662356109,8.412305312441182,8.951266510456323,9.474338338851965,6.61750239036326,9.66453032742888,9.074466398881603,9.94207611007096,9.536021303549504,10.179933557543396,11.98907952192735,11.71176751431798,11.66490031072411,12.071902973837757,11.541739398158064,11.12230985071374,11.955300834431268,11.753864139358893,11.891668970709452,16.54977361111111,15.46603912768994,16.441416274817136,14.728676661669166,14.637193675889328,17.81665652173913,18.077498900071497,27.338874859708195,26.246333366122368,26.714732011935208,24.71425724637681,28.452134426102457
305,10.995101565342871,10.963222190852624,10.736256587615284,12.61870982667658,13.653241338063026,13.574976715636847,13.814196832454984,14.164925494480315,13.389874127447852,14.12362500733439,14.538760008107833,14.2071517333128,14.374424457237783,14.211728273850087,13.500980911600477,15.010259105073132,11.942277848359371,12.045025377290694,13.841473550724638,14.836403322673704,15.103990350877194,14.67667685363359,14.291326992753625,16.260245958751394,13.988446996896288,14.536951959205583,16.2501790241243,15.518837797010587,16.378402576489535,17.098371499400674,16.60438430641822,15.677838921448368,18.091959580274796,17.252824156103767,18.729135035656775,20.916172359999997,25.25570158102767,26.560594096524955,26.018054122960375,25.1476674571805,23.879111835517243,21.735495817731085,22.947110041817037,23.395442028985507,21.522969895970576,21.14079592924126,22.13211426518146,20.899153367918313,21.41633618796662,22.453575514874142,19.727871543462577,21.986973721601533,22.62204183135705,24.016296701666665,22.790904768125,29.441756854256855,29.146214057971015,9.489999835309618,9.412081276211712,10.441127379961761,12.785732445942804,11.601470065562458,8.25356420391203,3.8509508462551945,7.95177059738529,8.362139952750898,9.036509991757368,9.339178787229761,6.516288537549407,9.572974831127006,9.001357126713724,9.891950283237101,9.527178683863811,10.11052682515694,11.894779154371069,11.706640371102328,11.515999452774816,12.051273916015335,11.504957861978102,11.149819835961141,11.986591677646027,11.777284071708735,11.855952380952381,16.51248595122736,15.425999275362319,16.368227448775613,14.677562031484259,14.651382850241545,17.769760144927535,17.98580255326882,27.34854401502952,26.29267001114827,26.668978260869565,24.663689149015234,28.355003881987574
306,10.949199026915114,10.814046503186253,10.640682374279212,12.569684467706207,13.500506208746275,13.501649848921783,13.844994169019387,14.00078938248267,13.199227870113502,13.84945182501342,14.491562242105719,14.04872544936947,14.14257044247498,14.062375416749667,13.412321602886573,14.86115328455902,11.685565884820747,11.795516304347826,13.596858967391304,14.606266616283902,14.918456254767355,14.505470712560387,14.14497373188406,16.188802745261984,13.818032760405512,14.257198201825013,16.111024175412293,15.447386480443988,16.355774947543065,16.859473588863462,16.40945311594203,15.444940695236797,18.021273796079697,17.294349984098858,18.641619948374604,20.66733978,25.137990628745776,26.527440829098435,26.079954981688,25.030620289855072,23.84544883142857,21.28677658237208,22.788898026988765,23.29840052700922,21.316334589097497,20.59901700885668,21.885918762726075,20.664003458498023,21.111313199934123,22.310287081339713,19.87150238801054,21.880915331807778,22.430190038976722,23.881433904583332,23.07781756235294,29.375872634956483,29.150507353281093,9.269335976221846,9.190166030362917,10.19128108314264,12.649668788266295,11.385527950310559,8.181126011669491,3.631226164234316,7.874131684157921,8.406853618645222,8.957422158586756,9.235746574764566,6.414465117008596,9.489834943639291,8.936958438770032,9.868654183591069,9.501975625823452,10.070036085853177,11.852754424855876,11.69060330596336,11.42154071773637,11.99132946890384,11.402304943848423,11.187319835961139,11.936997694334652,11.722581890872746,11.802886473429952,16.382669334650856,15.374635507246376,16.27795727136432,14.645238514671236,14.730408902691511,17.747982476943346,17.91973445095634,27.313384344012203,26.265932879519838,26.70034965034965,24.624792562509956,28.28872830792396
307,10.89822860342556,10.622088760630016,10.582056234279555,12.394044543319,13.346774832978248,13.37002675042349,13.709740474975062,13.851554770400394,13.037916377861793,13.598027902415907,14.443202636735245,13.859982032425656,13.912478540127172,13.896110917006531,13.158746384297523,14.606631728778469,11.451107683982684,11.516852863046045,13.233067081641614,14.383627991121198,14.504956916996047,14.237563635422548,13.934235895445136,16.071559084321475,13.541225523601836,14.036027173913043,15.896369190404798,15.152667443064184,16.04441849249337,16.58574260998346,16.152868539431584,15.104023605080577,17.71200550872523,16.941440151136554,18.413804347826083,20.246436992380954,25.155348221391044,26.361488367658275,26.062295807453413,24.852069264069264,23.55660062551724,20.916540299612667,22.595857377375385,22.987603174603173,21.011774769237405,20.591807561441353,21.943572173955822,20.592619160843686,20.98973537784679,22.04879400411437,20.155011734189724,21.92423366689671,22.246679587999562,23.487278079583334,23.360908473125,29.34687222715173,29.06568418029399,9.104674083335574,9.173577651515151,9.988517448512585,12.25431843800322,11.165107487922706,8.132605307735743,3.3982384825319607,7.812392142673253,8.350910437638323,8.674679673977629,9.1443487509492,6.373456724815993,9.471434514224368,8.871599710005508,9.842344369785868,9.513169960474308,10.03501121463078,11.834077677908724,11.655380275974025,11.302152128601405,11.995119916315568,11.389537172971956,11.243213437020644,11.903143170838824,11.694183979438852,11.754080870820001,16.30336079943899,15.313461801242235,16.17612174270008,14.587070964517743,14.67778107158542,17.716431554677207,17.838431433633833,27.286028079710146,26.263257575757574,26.687340738971173,24.49821361609405,28.092616518445322
308,10.825668256083219,10.501041014321647,10.41236525332375,12.017140747839118,13.09165152292275,13.108849708749217,13.230506244510321,13.62451182599694,12.77711874176548,13.234276754495506,14.141937200861687,13.566205643390427,13.634845248324453,13.618992719549317,12.853124498442925,14.262983389884006,11.199524351769693,11.33034776406071,13.206069013112492,14.07626574367185,14.127466689107992,14.054789696969697,13.567050724637681,15.819352085414586,13.12553548225887,13.702991290412486,15.61228347433426,14.679390915119363,15.588929579612552,16.33588768115942,15.944505079051382,14.688587524419608,17.36991720107015,16.584343055744856,18.141520545965424,19.998026591428573,24.921271649392022,25.975001811594204,25.940117340452577,24.483814471950627,23.26060232965517,20.574731005709268,22.547698487712665,22.830406559877957,20.88179753845665,20.55667384370016,21.99834094533855,20.724580004528985,20.98118206521739,21.52370329851308,20.23611865942029,21.798433659632174,22.064045138888886,23.149236979999998,23.140473484375,29.227472596416696,28.975350718050066,8.96628042850869,8.907354990118577,9.927584434158518,12.139716384863124,10.957584078361252,8.016128176171655,3.1536835582895364,7.715292060907346,8.164997046931079,8.734950043917435,9.105527869182293,6.342431357048748,9.395403969776586,8.83470573575646,9.812947750395155,9.58120016939582,10.010611001317523,11.802593843707497,11.575575351731601,11.176841482457425,11.977649614877874,11.447000874562718,11.298940914158305,11.861824168182864,11.679783322624402,11.845190674864588,16.21505943197756,15.212410453216373,16.08791932213718,14.554867816091953,14.667101449275362,17.65581811594203,17.781959209789044,27.235994259363824,26.213532234003246,26.63210204650422,24.324217287784677,28.097661847306014
309,10.742084954900172,10.348332556935818,10.241733612237566,11.647182281197063,12.889779582611292,12.944872584747442,13.019333786231885,13.470013794421178,12.597277314860877,13.089759057971014,14.171051738116955,13.361436954127745,13.554445702297073,13.433964285714286,12.809687121212123,14.051799043659988,10.901716693330822,11.080109519104084,13.05505284992785,13.78095405921566,14.163690476190476,13.853501159420288,13.325166666666666,15.59039990353849,12.885367702512381,13.460246471825275,15.376705807810382,14.345905984507745,15.473119124300284,16.195430838707438,15.673395942028986,14.45747876061969,17.121959304316693,16.16998304419219,17.870178386572018,19.787949033333334,24.820277278716013,25.679232142857142,25.70883698316283,24.230672856053175,22.98293036896552,20.47261862489808,22.498796328120523,22.761425078544644,20.791596735013176,20.613869671708915,22.003364841822936,20.665937594893027,20.85942234848485,21.321571527161588,20.744770639233955,21.68709236326109,21.83143502964427,23.177942371249998,23.38393754125,29.112997880311543,28.893278372016997,8.826887601615088,8.749401903350273,9.905871610845296,12.121270833333334,10.867098775017254,7.9069208074534165,2.9216454664709812,7.645930973337665,8.029435996287571,8.572790404040404,8.996906498049675,6.337909730848861,9.34104624575639,8.758872053872054,9.794828494320079,9.659411421911422,9.961300786919228,11.748456493855045,11.554387896825398,11.143658810325476,12.009241754622188,11.483034310766694,11.381514228525099,11.837830478700045,11.640458585642245,11.824476363008973,16.024560201784265,15.12962416282389,15.971897909000045,14.48508195902049,14.626558519982433,17.620508441558442,17.66506746626687,27.2587003576134,26.12799553506075,26.600876172322657,24.23017484967359,28.048119909457437
310,10.83571411512929,10.406431324110672,10.170656879352531,11.803168348861284,12.803313097509688,12.82292314056716,13.20685474655017,13.385945098304473,12.513823013859263,13.103836736063185,14.020141995685474,13.209913764978984,13.431771581600504,13.33785966675753,12.766514739789194,13.930711905951785,10.752489648033126,10.850141163184642,12.808079365079365,13.684115584855103,14.169342132505175,13.71946,13.26703327922078,15.473620390479086,12.79978817409477,13.240523620401337,15.203933431011766,14.3013136727091,15.391350428892096,16.05410535850496,15.489741748541315,14.512171755031575,16.932148066736577,16.29712268865567,17.675986579414374,19.584843106666668,24.67870714335245,25.667804677206853,25.466391228864733,24.09343398516053,22.790236498965516,20.47046656866372,22.40707933370977,22.718762035066383,20.773524500635233,20.690902269260107,21.998524099692577,20.95852911490683,20.93503684947299,21.19494579781847,21.289375,21.929173376274825,21.700653079710147,23.269426995,23.788790760624998,29.04210317460317,28.773186994165254,8.615283769370725,8.618240051203736,9.864671052631579,12.0893471215781,10.897321083505867,7.84773874904653,2.6972115782767956,7.518392913932644,7.998073690427513,8.581726190476191,8.928309627653706,6.352807509881423,9.237135502715214,8.642964372583938,9.765781436889432,9.597807337589947,9.960757121439281,11.710811444325937,11.54453527903256,11.04089323183526,12.052523979643544,11.539674635085055,11.485645224340876,11.801419082125603,11.674350324837581,11.905787220026351,15.905884092123399,15.05401268115942,15.869809532733633,14.440070652173914,14.628302277432711,17.541002569169958,17.55320902860258,27.267578051477507,26.107652308105205,26.498926393299794,24.17295989789196,28.0461382269904
311,10.644777885158321,10.374772996766081,10.146933846002169,11.904890632917805,12.673053678517885,12.675147757858085,12.929096014492755,13.198180411451473,12.458357297479823,12.930723899624262,13.905612865395474,13.020502203714159,13.21458646142767,13.207259013350468,12.661766301139572,13.749774014778325,10.714011904761904,10.681404808959156,12.60788060731539,13.411262702230482,13.748916666666666,13.42623388888889,13.184655797101447,15.284929656394329,12.813946502514048,13.027790646853147,14.997908193630456,14.149870765275256,15.151825871726235,15.89236164274322,15.288559084321475,14.454027466786087,16.77544414307225,16.411405433646813,17.56616142010164,19.4373557,24.50583265959995,25.744083333333332,25.318415816170013,23.917617598343686,22.670519375172415,20.44081664573984,22.421620514147687,22.609304373163067,20.78637993065049,20.936534217538853,21.774398242630383,21.063397644927534,20.97078125,21.00586074870972,20.765833333333333,21.527294685990338,21.653293244949495,23.33687390208333,23.88618659375,29.12039572746094,28.76392214756258,8.44582187558818,8.33488446969697,9.678213863463005,11.908147544283414,10.73958997584541,7.7800249011857705,2.5105517357356604,7.482046792734869,7.864880059970015,8.55552316644708,8.963279155876608,6.244544137022398,9.194865807836822,8.55504869171749,9.749715472699343,9.565695793527603,9.946266572227671,11.692522061448452,11.523336509991452,10.914926731812695,11.922536984754377,11.601050518452997,11.452214241072937,11.788532608695652,11.707564075105305,11.991890418427149,15.81698415393322,15.038376811594203,15.793931650246305,14.376293542960664,14.603724387806096,17.505019235836627,17.507265786749482,27.294059340633485,26.052384830011643,26.5159316751136,24.23411467304625,28.010756916996048
312,10.552615331496623,10.02111837658246,9.899657579676981,11.515419574085335,12.415229663577303,12.341414385399892,12.440137753623189,12.931682973301859,12.249134042968164,12.573088222789115,13.601726715313672,12.693255340673819,12.888926197227475,12.924341961324533,12.360720779220781,13.554055714026104,10.634082424998985,10.459086267816504,12.443107820664498,13.118997546384774,13.355150000000002,13.028645289855074,12.970108695652176,14.983957148829433,12.424083666075125,12.759041966328867,14.736637539184953,13.97389732142857,15.074580615942029,15.6874209486166,15.096344657444005,13.979960583617965,16.513365973859898,16.079995797555767,17.466119180068453,19.318155376666667,24.39020092226614,25.70494565217391,25.198199992715615,23.827838367658273,22.588135591034483,20.3256381549485,22.345663153271847,22.526661605937925,20.684244736769873,20.86737616150059,21.234671195652172,21.017937635627373,20.91184329710145,20.887262144647053,20.321140478006612,21.350128718535466,21.603934254227052,22.97004834304348,23.54314486588235,29.020395279323846,28.776885488424618,8.316483617228183,8.196540843214756,9.440245518688025,11.788428405431123,10.544354296066253,7.752265763222286,2.2821228255440213,7.430797206438797,7.744874721730044,8.60090855762595,8.986039366680297,6.188008281573499,9.123671236171235,8.460991542912899,9.72909555381505,9.533990574642749,9.923400307422046,11.661539184111646,11.455763054109068,10.829069275687633,11.832701957462827,11.612376764539809,11.459540153269252,11.737142857142857,11.693690654672665,11.975604648974214,15.740706070168729,14.913998333333334,15.686179952231676,14.326205733578018,14.585863526570048,17.473599999999998,17.571022281067258,27.263481437041218,25.990848094471282,26.48630466400607,24.133147826086955,27.987398155467716
313,10.470374868247696,9.871003150598614,9.709280875866416,10.986680592052874,12.111971764117941,12.220295993607206,12.154304649758453,12.71202906099034,11.873345904699166,12.45889153138528,13.467612398407594,12.430764301175016,12.660095159330272,12.729674373040753,12.007801155969634,13.28172039169809,10.491145414226295,10.318234519104085,12.322864583333333,12.968165532099126,13.278931818181817,12.675084565217391,12.775109601449275,14.804885267811898,12.193551986703772,12.55279833572225,14.503627158011904,13.602392857142858,14.836919048342962,15.40566025240968,14.928667391304348,13.487231140923045,16.170908704390847,15.363111583306091,17.21153577381457,19.10834054809524,24.260716852317646,25.615280797101452,25.117055893155754,23.72648260869565,22.273624155555556,20.178615774904756,22.187958388230125,22.44360367892977,20.6182132397343,20.362378030303027,21.35348410891251,20.5518212182971,20.816642992424242,20.640478655230208,20.132628205128203,21.222277404036408,21.501230902777777,22.631148440869566,23.083788514705883,29.001621808143547,28.771743388015494,8.21337141602359,8.0639068301593,9.439845292579275,11.722248737373738,10.485427536231883,7.724757952192735,2.131608253340862,7.334360254937467,7.687612443778111,8.400229656816613,8.82730169006406,6.175540692640693,9.038098113641592,8.38821113112083,9.6913016915296,9.541053031636556,9.884591567852437,11.627380081003269,11.401493628486381,10.684315811670885,11.717475186649098,11.534126043039088,11.515372346951294,11.657324879227053,11.642591204397801,11.978330353221658,15.575667772804444,14.816266666666666,15.445397248102138,14.257394280538303,14.530809178743961,17.434833333333334,17.514600167448744,27.22716720343532,25.925640096618356,26.387589493839492,24.162117488686487,28.048056277056276
314,10.423030579710144,10.010472718680186,9.645964983346834,10.972457670047344,12.002711053564129,12.054619594626388,12.048869543650794,12.554554733187134,11.733938296631624,12.522675336438924,13.235660335088253,12.235660548010204,12.701447291917281,12.7072103948026,11.848840662055336,13.22817251033574,10.37768252606153,10.251973589651454,12.10339458247067,12.891540213570648,13.249473882850241,12.884341725955204,12.599479166666667,14.706169710144927,12.126446613427978,12.435476653491436,14.361205732361093,13.513144585601935,14.795205456681,15.327952803203663,14.725395279503108,13.574375312343829,16.196056085477668,15.447509686715083,17.07013649260026,18.916733953809523,24.131698823505044,25.500038875598086,25.065931004859674,23.60767809811672,22.23050654,19.992820209213576,21.982032416556873,22.328269827998092,20.421571619857772,20.068316592555995,21.39609234098229,20.086576073232322,20.689741847826088,20.292653800650697,19.718729096989968,21.004654651334217,21.31277628184014,22.363237885217394,22.391654072352942,28.98874302026476,28.80511545481994,8.053411796536796,8.003969348213595,9.27730619780677,11.408491042673107,10.337231021394066,7.664779126670432,1.9245403554778555,7.265755743997204,7.593100040888647,8.17382960035134,8.770983826268685,6.0258944664031615,8.98046833064949,8.331964398993383,9.657000935016363,9.574040422138248,9.848702349582785,11.598766251193787,11.383592138386975,10.623999048455572,11.67153850931677,11.504106217454044,11.4601966873706,11.617765151515153,11.639232169629471,11.994907491059665,15.365438734458868,14.709150395256918,15.270958378819248,14.215705256138165,14.452656142167012,17.300977715038584,17.51554961155786,27.216851355166572,25.819712584785048,26.269885332059246,23.941747835497836,28.10316158479202
315,10.327675455884695,9.757288157022561,9.530615942028986,10.870939463616093,11.849262756879137,11.926824127477078,11.805136228070175,12.317786681553386,11.535602788279775,12.248453083407275,13.071383779264213,12.109005011293055,12.442521739130434,12.488926724137931,11.695006370523418,13.003326774112944,10.187472135955831,10.08726966873706,11.934662698412698,12.65419416386083,13.04546,12.674379057971015,12.251604166666667,14.554144057971014,11.915942901234567,12.320622186147187,14.168712268865567,13.258243128435783,14.602978691598256,15.073509057971014,14.60538978166761,13.25139560687872,16.123331766917293,15.502681370353784,16.87100490759911,18.743811405714286,24.056327065642908,25.778308596165736,25.047899884259255,23.72480303030303,22.207912868214287,19.882722305243483,21.840105711849954,22.10411192068801,20.145057642452066,19.898968274044798,21.08348546632951,20.060491611083663,20.548301630434782,20.21563229156397,19.740802675585282,21.036214721586575,21.2638272192029,22.26661625695652,22.504411524117646,28.965081829833384,28.60778632109135,7.912512296881863,7.750686476566911,8.948548245614036,11.15058010357195,10.023763888888888,7.624433333333332,1.7846223079456776,7.239534984942594,7.5194771932215705,8.047227711901625,8.638580141747308,6.011789836250706,8.92448933679752,8.250857938357937,9.619006712081747,9.545087973620582,9.810677426438296,11.539371068022861,11.353663156072704,10.62939479334407,11.60789751552795,11.467278151598803,11.44054867234215,11.645501207729469,11.651183661416045,12.101340579710145,15.236428631185257,14.609543478260871,15.130738371290544,14.155662981009495,14.398822463768116,17.215445652173912,17.37576974499763,27.1793942923019,25.721316425120772,26.048971627796753,23.96977657004831,28.134632505175983
316,10.25359058337734,9.556266892527761,9.392609595823206,10.630682831661092,11.669808312649895,11.755241652134643,11.716931623376624,12.171282086556971,11.359361218517881,12.111337058192843,13.013697910784867,12.018529044818818,12.270404041767936,12.335673059303682,11.611777203856748,12.843780085403726,10.048477225672878,9.959459815546772,11.799081694271912,12.470466128678085,13.002528358416946,12.750900641821948,12.075677536231883,14.252661515151514,11.723310608353707,12.211390553359683,14.007138629548862,13.06083821482116,14.3686675492382,14.857807467793881,14.476642549407115,13.09249818272682,15.976099772652976,15.312038412611876,16.65344162234259,18.58406525285714,24.045958348305188,25.93748248530857,25.01300898248792,23.761844344061732,22.23061888285714,19.576826163419913,21.651959541062798,21.87403846153846,19.949839101179226,19.927312114277786,21.039040482773963,19.82295788043478,20.37769550120773,19.954611230457097,19.234270892151326,20.537447368421052,20.904896856766424,22.03237016916667,22.085578170588235,28.978321256038644,28.557460515480898,7.775870882740448,7.447916494490358,8.67597800083212,10.920230163958426,9.867641476880607,7.539461264822134,1.6416230689600253,7.21872353190288,7.384440166280496,7.978018774703558,8.498178767758978,5.936099269088399,8.845870454022629,8.196392060703655,9.581964278124866,9.575415004522556,9.775166337285903,11.501410237642121,11.293601061076604,10.57765639486654,11.558260794278185,11.476303822385345,11.478396965353486,11.72048309178744,11.684303681492587,12.081089152393501,15.14636758665598,14.556965942028985,15.052144323671497,14.115489942528734,14.376432623334798,17.130527777777775,17.276788878288126,27.105122820373207,25.64922168545357,25.947140579710144,23.955586798991806,28.09708695652174
317,10.192884901425806,9.57696176830416,9.270833333333332,10.571949145962732,11.496432760892281,11.425674277361244,11.524115362318842,12.038906298034695,11.216065307408408,11.99695790984378,12.709072463768116,11.81899836093858,12.054600491820718,11.997869582894813,11.43211251077298,12.560994852585305,9.807892868906457,9.804815696490598,11.480112750172534,12.167961036346908,12.747957915273133,12.267597826086956,11.784789855072464,14.002288919631093,11.252547235641439,11.902687290294248,13.716782001044933,12.643161975830267,14.149693492196208,14.615342793880838,14.115033333333333,12.7316049212236,15.633660747895997,15.06382893509955,16.372403817331353,18.414494101818182,23.854456757011107,26.0176402445036,24.988994617474916,23.78520276679842,22.135676348214286,19.340084351617897,21.379813076416337,21.609569177961625,19.711918703303628,19.212175438596493,20.33040735675858,18.83100173071946,19.80168704710145,19.401975500345067,17.848809523809525,19.59095156369184,20.312469724418094,21.603862245000002,20.76858482529412,28.921713250517595,28.517703421263672,7.626209360687622,7.096081521739131,8.35664846404549,10.727788061777193,9.621453102453103,7.477781291172596,1.5225475511807032,7.18813627229548,7.382289374793123,8.1071130560261,8.294151463229424,5.886554018445323,8.804649758454106,8.181615673644659,9.561011942708998,9.568820310124657,9.752797305351654,11.45562772305526,11.270634401636148,10.601658231730696,11.538449934123848,11.48651176913453,11.574873948515252,11.73609126984127,11.71966834764436,11.988615502854634,15.0521328808522,14.51770652173913,14.994586292270531,14.044542434140073,14.324106829161178,17.045806126482216,17.164011744127937,27.055534143005026,25.638041561229965,25.991143722943725,23.97133563899868,27.987457289087725
318,10.10331793478261,9.576781933567379,9.144690525290715,10.432494286510591,11.270045613556858,11.188317890766067,11.164166193181819,11.710796634826528,11.012474468690073,11.729412867864538,12.351102524096802,11.620600711697723,11.723858144297417,11.732135360890982,10.819525793650794,12.197192158665178,9.54676324581216,9.628219696969696,11.139795503840535,11.845086949550717,12.273618460344004,11.781316666666667,11.446144927536233,13.777193333333335,10.79361759503245,11.572363027387054,13.427268491565906,12.095519499178982,13.681204577125772,14.289517155248133,13.961906478449087,12.201399478832013,15.181126751095695,14.636649175412293,16.0602408823061,18.09753435,23.767918313570487,25.942020358868188,25.118334091415832,23.633114233592497,21.93001447321429,18.954516697588126,20.97946212905452,21.18364353289625,19.32954846777163,18.390346681922196,19.72637540257649,18.09618043154762,19.092413194444443,18.940441683919943,17.279761904761905,19.152260633467726,19.930433283730157,21.165907287083332,19.73132992352941,28.888214285714287,28.491428218520607,7.4154471545535205,6.808728545334771,8.113530095000348,10.408141606280193,9.265704365079365,7.417427536231884,1.3697919221479005,7.14367597045633,7.409577029666984,8.112702726017943,8.300134997436347,5.87871645021645,8.715557751427317,8.18686642128671,9.535746665369276,9.480833713388062,9.728611111111112,11.428196073920711,11.233879358413324,10.671891534391534,11.607651515151515,11.53007647907648,11.654917998668,11.739597135955831,11.754611087313487,12.016674430641821,14.979754887585534,14.468660559006212,14.93185533988958,14.007835903476835,14.328757246376812,16.998739588100687,17.071373972104855,27.004677795031057,25.664951024905257,25.992442063492064,23.843434178331204,27.94910173160173
319,10.013834546127024,9.372275666126564,9.043243091187326,10.177141392884383,11.071780893644087,11.017889355942605,10.935327667526716,11.504955510723173,10.745768698325408,11.508585721343874,12.081538992408559,11.361498214285714,11.585363106490233,11.542226210758256,10.723850672877846,12.054909673207229,9.338138468809074,9.421799766439095,10.782801082251082,11.670617839889578,12.066423450643558,11.578063636363636,11.114467803030303,13.522014710144928,10.503803945249599,11.398064999999999,13.179984416882467,11.793328148425788,13.38758727196046,13.9793946164544,13.796899130434783,11.959081379994068,14.987501216161522,13.940287870418858,15.745521297924045,17.80352512409091,23.780166786441487,25.669078540507112,25.111476512644487,23.623146809712026,21.870319821428573,18.600415714301636,20.732724665129556,21.072816770186336,19.1337608748494,18.02358157694006,19.70572397499843,17.865502717391305,18.62442995169082,18.573527309474514,17.563988095238095,18.93161299989103,19.624951629062362,21.01354098,19.90865302588235,28.86375603864734,28.43823648203685,7.3083064731162555,6.67212303761785,7.901971092503987,10.29980827294686,8.979284992784992,7.356899209486166,1.0563640236460716,7.067604266048793,7.362141656444504,8.053906455862977,8.235481663929939,5.850238659890834,8.649150668172407,8.116926511491728,9.508993612745366,9.478964224181615,9.685904071773638,11.39170643634412,11.177887061049717,10.643759890136701,11.640717391304348,11.635993650901822,11.620229933110368,11.754936868686867,11.713339353050747,11.999360452349583,14.856340112201964,14.429584362648221,14.856311663216012,13.946146980081387,14.31875,16.982147101449275,17.026038230884556,26.982505175983437,25.65734893796488,25.924230030114813,23.779727757648953,27.88889470401198
320,9.899565200722238,9.238522709183167,8.927869376999812,10.049540931894192,10.895114692653673,10.976368844223849,10.793886465551132,11.395332967836259,10.589147504437326,11.417984523809524,11.96186665919575,11.180384255599474,11.623802364381051,11.419660569336543,10.77587389422172,11.901045338870066,9.1933088336784,9.188433644747873,10.683113403332348,11.496442901234568,12.017785547785547,11.771489565217392,11.08232886502323,13.420013840579708,10.3832102791197,11.078318994601888,13.021363818090954,11.658403748300675,13.163530280878966,13.822426414768806,13.652443435635123,12.013587838433725,14.980995906267646,14.13503929853255,15.457857142857142,17.581016225454547,23.68182759269716,25.31293133195307,25.07953494027229,23.453152691511388,21.598522492142855,18.40813073979592,20.526107954545456,21.008340579710143,18.97509203796862,17.938449351639967,19.487420387885063,17.78553514492754,18.870722222222224,18.59938050582552,17.62609989648033,18.920619824016562,19.047231280193238,20.777335684583335,20.075652174117646,28.843003795721188,28.40403655538302,7.216489595200122,6.333781620553359,7.8017916666666665,10.171364806188176,8.89841019668737,7.211716293368467,0.8725764451147632,6.96905686767006,7.371083208395802,8.201100617981053,8.225302235246012,5.771913043478261,8.585171765968868,8.023858408097539,9.484529334620499,9.506058162851641,9.650377689942907,11.35794152982368,11.129670278091472,10.566557395905223,11.619216036137775,11.528147281300011,11.55612159579551,11.75248966425878,11.701711806434446,11.939007073844031,14.718372553930408,14.342223847167325,14.759978140096619,13.875388404012279,14.270814746847355,16.947928345567476,17.058228515612324,26.961442133177382,25.59254696725711,25.830752898550724,23.705343805619123,27.829850946155293
321,9.77869493851559,9.0344588441122,8.80808629776021,9.937283596837945,10.719206433952316,10.739892569626665,10.781870308435526,11.197474057343625,10.467378397122726,11.283365969757469,11.883719375431331,11.109542328042327,11.305926839030038,11.18859749589491,10.530651515151517,11.739432736506078,9.054899674915507,8.99406036651096,10.565620538087643,11.248964439076758,11.825201923076921,11.749935025409373,11.004560606060606,13.208888795986622,10.252955467935966,10.833028662460729,12.817351903593659,11.608276937445494,12.980005099302202,13.727874956866806,13.524540087403539,12.04656005330668,14.931016492565407,14.304279110444778,15.253068387371592,17.447560464545457,23.50996376811594,25.01414026794462,25.006012723785165,23.180939393939394,21.282171577142858,18.140911593215336,20.255292526012635,20.751908508158508,18.726562656641605,17.78106773356316,18.839838399580845,17.748661550971672,18.449479166666666,18.545828086768303,17.410608917480037,18.840318322981368,18.897528916886255,20.529039423333334,19.87755657647059,28.81286231884058,28.359424078456186,7.019009436758893,6.207482954545455,7.519567479717079,9.854288546698873,8.628444789510008,7.09759907773386,0.6587481884057971,6.834943956593132,7.305521103084821,7.96270792814271,8.07198275862069,5.727990683229814,8.541183749154763,7.9849563614056365,9.451614724686253,9.457733625070581,9.622127568592099,11.294233755410337,11.14532130447873,10.425634014402132,11.555745718050066,11.474433504297634,11.536479281587978,11.723053489489022,11.683859206760257,11.975626686115817,14.629465122068208,14.263660935441372,14.653931547619047,13.820156142707866,14.228280946107033,16.90567142857143,17.007522780817382,26.903291454921888,25.57352022641878,25.72466179183136,23.707465041721562,27.867552827607177
322,9.693291479503912,9.001730038707354,8.714427626063001,9.686780702087766,10.506725812418468,10.508195978069168,10.38986927047389,11.041715827072485,10.253822063324384,11.03518115942029,11.79883876321238,10.850565439219165,10.864752642206565,10.953342845117845,10.141914361001318,11.426893759886974,8.779192702067938,8.759839651455264,10.385899464007666,10.94206304156123,11.56524526198439,11.379141014492753,10.644208333333333,12.886070791527313,9.933557692307694,10.549896878483834,12.653638498337411,11.362741263296924,12.740671564680623,13.549334981544222,13.318664779589371,11.658279170363798,14.832801282568363,14.185544727636183,15.034051636769028,17.292779824545452,23.26769939860002,24.571101190476192,24.82691427536232,22.887182684973304,20.9976601025,18.016392129234948,19.958858194420575,20.58626740345848,18.437142240088633,17.594387443273312,18.698470108695652,18.10562838164251,18.24327445652174,18.492784161490682,17.758928571428573,18.795684782608696,18.948892587560383,20.58309521875,19.894540997647056,28.72245670995671,28.316515574024407,6.885305877093922,6.085137523954964,7.322100332352621,9.556126811594204,8.293903554175293,7.094389478637305,0.46511748541313763,6.693641929035483,7.301620618262298,7.793097135955832,7.994954146303472,5.655434782608695,8.429769572885515,7.887951007661154,9.419706911835243,9.382607971738407,9.592508745627187,11.257533652606117,11.138097576001561,10.215767579173376,11.539300810904072,11.403720928226363,11.538460543080108,11.757044205170143,11.651544763332618,11.943263614404918,14.509304183135704,14.201767325428195,14.585547834713596,13.76656627936032,14.199503968253968,16.864027536231884,16.97548100949525,26.85458166962437,25.57734740434016,25.61631460930374,23.700735635123614,27.8909787676092
323,9.600591900517625,8.922114274806221,8.637569169960473,9.40084076973751,10.31616732705076,10.27222771364438,10.2217742044021,10.798013260826226,10.005150159780358,10.769246578099839,11.584176692872346,10.634680543231786,10.621081836798991,10.868392857142856,9.8196875,11.222555314121696,8.4620059073724,8.458586357647622,10.175432416267942,10.669873812312218,11.273033584169452,11.20172,10.30048188405797,12.549465022296545,9.712254361245304,10.314702271460423,12.462336354549997,11.198485426929393,12.660795625335481,13.276770430756844,13.106488739295125,11.310507540466778,14.654285563039446,13.782096451774112,14.794012473034211,17.165051053636365,23.050529361942406,24.432653890160182,24.56494629493695,22.415363109354413,20.783830934285714,17.850440394280977,19.95262269433465,20.369073498964802,18.13111808300395,17.37562289100972,18.756786268586485,17.59897638134058,18.139588479907772,18.572332674571804,17.150336438923397,18.609086743393007,18.82323410541753,20.491796065833334,20.29249011875,28.646155969634233,28.327654422720997,6.739055681818182,5.784766775961193,6.921129585326954,9.35084792673108,7.845344375431332,7.054914886029303,0.33147155750047064,6.633686619893516,7.029256800171343,7.672688201894724,7.996747648902821,5.61551185770751,8.376041906295528,7.824959742351047,9.394871450428955,9.299662384716733,9.575929402722881,11.226165031962134,11.005556641292149,10.060792099741375,11.39998115942029,11.324647221644362,11.523666387959867,11.688871635610766,11.618903048475762,11.950375572495139,14.37921229700702,14.117934782608694,14.501729468599033,13.707212706146926,14.16838713219148,16.82877602108037,16.930449872466365,26.807369894598157,25.555475998773098,25.609252178980437,23.69298869910283,27.817066538533933
324,9.488808279582736,8.862710765190014,8.49721673254282,9.228536580267559,10.14142812116669,10.15834145229238,10.009233004385965,10.640356496512746,9.880764085630815,10.665944333810598,11.507993406285072,10.405616188504387,10.35182892412265,10.75975689935065,9.631481637022398,11.136213574016564,8.194590178724868,8.149886609602518,9.973465826745718,10.426787612146306,11.173817238015609,10.951244492753624,10.171480072463769,12.253005295429208,9.593009454447861,10.03458431152181,12.255883394091288,10.969786538548908,12.515839841653246,13.031105621431708,13.031073043478262,11.038542960662525,14.47016516092603,13.58095238095238,14.555302030159009,16.894517906363635,22.884972394755003,24.402146262395117,24.399081594202897,22.369526877470356,20.59599292607143,17.677432797354047,19.689768610013175,20.217516722408025,17.748404914529914,17.055002669717773,18.347262444005267,17.278346827651514,17.896354166666665,18.086863306982874,17.469859307359307,18.3703125,18.45719192605402,20.515323452000004,20.29428215625,28.60131931560503,28.244254734848486,6.617942232495766,5.60248811983471,6.6197009916094585,9.230725168350169,7.571129572118703,6.996729813664597,0.19269216167890083,6.6160681023124805,6.912868565717141,7.40232574189096,7.918720693481011,5.504927536231884,8.277650295222758,7.711379495437467,9.363207637383654,9.205889943389945,9.526380654369785,11.17139889230469,10.95794645732689,9.892236216547811,11.328395915678525,11.271207564778218,11.522902188391319,11.616886199757264,11.644670467796404,12.005587395696091,14.2989749384618,14.03222536231884,14.381599999999999,13.658449108778944,14.141501427316646,16.803116666666664,16.855897051474265,26.71287290607943,25.4635013000955,25.532867892976586,23.655816186340356,27.741900183150182
325,9.427811036789297,8.682415431488801,8.380184153790873,9.037210423634336,9.938636556721638,9.989608325939072,9.791788341076671,10.372273020382396,9.634687165073396,10.490099853577794,11.534535024154588,10.112134057971014,10.30994291688148,10.565891865079365,9.466004446640316,10.927491254372814,7.9393602709514814,7.860271813989699,9.715768857048747,10.144372753152643,10.943727564102565,10.625600952380953,9.62484649122807,12.1210337995338,9.371588499731615,9.829457224840377,12.039601985695464,10.74170708395802,12.415560520665592,12.780826817606709,12.933534955141477,10.969105030817923,14.174159742948563,13.452461269365317,14.332050938192243,16.676893938636365,22.7515873015873,24.54528985507246,24.411366666666666,22.348133399209487,20.639533723793104,17.54492470599717,19.509169823232323,20.08685200668896,17.57967584325397,17.234015400903445,18.42056097120271,17.435221240942028,17.862703804347824,18.21726148341119,17.787391774891773,18.440224378881986,18.413044143884495,20.5189696976,20.613242134375,28.588793995859213,28.26514815958498,6.50638814386097,5.5840492648820215,6.370164291657999,8.972988828502416,7.163743755209593,6.941515019762846,0.1140657259254857,6.607141315705784,6.906380738202327,7.361095740008784,7.839353537516955,5.362931677018634,8.248844727467915,7.644789510006901,9.337430480926274,9.193066930171279,9.49739898989899,11.104606572976138,10.91776538591575,9.71679231932855,11.293423364075538,11.181393500219588,11.468536988373945,11.617235132433784,11.629554540911363,12.046945542380325,14.13027501409846,13.960766666666666,14.263973611111112,13.595431096951524,14.105499011857708,16.760866666666665,16.796766389532507,26.67893080651233,25.44848972819987,25.42583751393534,23.679094202898547,27.692099929056447
326,9.350723570994223,8.695224368187807,8.330440664408057,8.80030197791339,9.713463620230701,9.7976310449419,9.743060299071955,10.144170793210236,9.551603633195908,10.454005770263016,11.333061971692883,9.881891053391055,10.157730820219479,10.420608630952382,9.471831086485977,10.832422240178612,7.677644297416509,7.548968813630375,9.532300253024315,9.94395025510204,10.862103875291375,10.568177732919255,9.371862648221343,11.904475544383153,9.235839232778092,9.607271416083917,11.850575837400177,10.715095264867568,12.256476390893058,12.619228160225443,12.777120079051382,11.070776016212672,14.202634117408147,13.75831840231627,14.248543503597851,16.555068933636363,22.61463804438633,24.46640422077922,24.404697602108037,22.281287462727963,20.55419204214286,17.300102919335377,19.38795687134503,19.919024725274724,17.579188392857144,17.36806569264069,18.452281089152393,17.154631716008772,17.8187757328722,18.1125859063532,17.629429499072355,18.33407051668072,18.189853940217393,20.5359660268,20.1204123425,28.53267154687962,28.207307007820237,6.333831018705243,5.272647174383588,6.059564359267735,8.693388285024154,7.1907132191480025,6.803336231884058,0.06025762840313989,6.580058266321385,6.868387234953951,7.333067946546207,7.764303265034149,5.3638134714256,8.250018211793574,7.6440680643197805,9.302230605999892,9.256524296675192,9.44467287784679,11.04190817770528,10.891394848516036,9.654764014413137,11.21137127754333,11.040199667641028,11.3981841623289,11.580609695152424,11.610990608591807,12.085799532593011,13.93220079074598,13.861499275362318,14.154534702616223,13.57304947526237,14.02448562529512,16.75486277056277,16.726456791657647,26.667171577128872,25.419629873615378,25.413074425574425,23.602906427221175,27.581027934689264
327,9.267790032431337,8.515939052795032,8.134773197816676,8.638208041958041,9.478432765151515,9.663357683982683,9.45958795838823,9.95907794560512,9.314066406495074,10.233906535158347,11.02287954735323,9.673125760712717,9.74418749335101,10.137473237812912,9.199698863636364,10.444138536251353,7.406586292645602,7.295339112468559,9.28703933747412,9.64574053030303,10.355327480490523,10.112424710144928,9.101425611954788,11.662236666666667,8.81771077343981,9.277358758994628,11.669503027151837,10.338561781609195,11.79457709949739,12.270800623993559,12.467490759457933,10.637619664193876,13.872316156736447,13.237107825957152,14.024743070938722,16.378360625000003,22.401859880974786,24.247210144927536,24.439618429324295,22.1306231884058,20.357040676551723,17.3918560460831,19.220303304787,19.836727855477854,17.40084851915898,17.25338463872131,18.226175746204277,17.168655208333334,17.598858489789194,18.02334272068511,16.884327861579415,18.250175840889717,18.18338979468599,20.3312922084,19.04886363625,28.483585858585858,28.147148644305574,6.108795266327875,4.83286939268461,5.651109553775743,8.409960648148148,6.877516233766234,6.72413768115942,0.03166823640127986,6.5285843441915405,6.723327540775067,7.315755709266579,7.665008567144999,5.331409222661397,8.137589664763578,7.596129166056703,9.264618110845136,9.286063021519544,9.380640096618357,10.91822834975009,10.884530595813205,9.573598876968443,11.147908563899868,10.983841829085458,11.30886061402366,11.53221473678745,11.58007538438573,12.030498306041784,13.907713828502416,13.792171212121211,14.051075883838385,13.554168683515385,13.96403640441684,16.75567608695652,16.718852051247104,26.687747203624532,25.4265551477508,25.434302810715852,23.52957430093536,27.546550804268197
328,9.174892572673322,8.137975745598276,7.973959627329192,8.305734785142393,9.165139023081052,9.384749541263874,9.0947803442029,9.530735957204028,8.963804919340925,9.853116071428571,10.7456283436853,9.407674603174604,9.494687348096138,9.841297259352084,8.613726323796977,10.246533420789605,7.145393115942029,7.036458408192598,8.999071266019882,9.4589615170673,10.01495032051282,9.910000494071147,8.80655701754386,11.539010172798216,8.427133734472049,9.00779613230972,11.260650112443779,9.967881377493072,11.387560654857756,11.954063250256185,12.27041974402409,10.22389866669536,13.734520280444192,12.594203700288894,13.868259629386632,16.191431158636362,22.318761707581583,24.133635069640505,24.4503568115942,21.979983208020048,20.463014657142857,17.4014475040808,19.155136967501097,19.748334726867334,17.327116648825207,17.1703224365261,18.508080648291926,17.08119449013158,17.5796875,17.923702075098813,16.892884199134198,17.96762554112554,18.176933046497584,20.2326533348,19.12968235375,28.47605244996549,28.11883459171163,5.951498247783962,4.384980754752494,5.429849169613758,8.238203703703704,6.704846187025535,6.631752700922266,-0.004219407312748227,6.483018312272435,6.640816199043336,7.256302936194241,7.533506980560756,5.30163415484771,8.042404723564143,7.570469184599619,9.23525163476075,9.261760869565217,9.331389950226907,10.883997410265525,10.805446531586943,9.495862855609232,11.066121739130436,10.887645462982794,11.195414368240456,11.481418949616101,11.517616678673651,11.916698585231194,13.783412840360123,13.724169696969698,13.938451136363636,13.43535376061969,13.959582784365391,16.78591515151515,16.731938499308104,26.622372835497835,25.364707461084272,25.362330342765127,23.437714240705734,27.59313266443701
329,9.074163781870304,8.086439738292011,7.932412499283955,8.00623313490476,9.042830610481472,9.102856526668639,8.887911282051283,9.371910031996988,8.857557608303532,9.695261281291172,10.486606837874954,9.179216873706006,9.396165513833992,9.725972576001562,8.494185817805382,9.99634694016628,6.953136377957267,6.803881902024195,8.779199066825797,9.298853519668738,9.881301560758082,9.78748,8.529917048054921,11.348966553183658,8.274869075644093,8.816992715617715,11.06962487506247,9.761994604970242,11.423492985409652,11.762621880032206,12.155968899868249,10.000122213329426,13.564585181898847,12.399264004361456,13.7242053633501,16.073773057272728,22.193378662400402,24.240690876152833,24.427741287408242,22.07554989747095,20.30854264896552,17.25172973698336,19.169178881203337,19.583295508838987,17.293268331608004,17.07934307606962,18.918940368357486,16.98473125,17.53922821969697,17.72535604884246,16.974184782608695,17.892027251924276,18.210298768939392,20.0762736392,19.516213768125,28.46329365079365,28.15171186143265,5.788078483369633,4.159930440331001,5.205927033492823,7.910863023349435,6.53561544011544,6.581140739695088,-0.053910218332392255,6.356585830461392,6.724709074034411,7.292123172720999,7.425182863113898,5.3181826651609265,8.001534060410872,7.570209339774557,9.207148093841642,9.220256433904261,9.3052886002886,10.847443232648548,10.685851192156704,9.393411144284972,10.970298245614035,10.893699117963992,11.170599780654129,11.418190904547727,11.451877470355731,11.899175293305728,13.635360118263378,13.664051778656125,13.824231038647344,13.38292959770115,13.838142841458058,16.77089782608696,16.620710586265307,26.61987140706085,25.295959595959598,25.264210758377427,23.17934985147178,27.583816093326963
330,8.98167092327962,8.256256625044914,7.998893515904386,8.020334186646686,8.991119610649221,8.956488647959183,8.8665882397343,9.419640612648221,8.663325630087419,9.79870339850367,10.478244949494949,9.17609118357488,9.53282679584121,9.72951806599833,8.663456274703558,10.05102173426274,6.889565783066965,6.673715564738291,8.536749834240199,9.136126488095238,10.305278846153847,9.964513010540184,8.335881960335621,11.158736524526198,8.429668040585799,8.66846850613155,11.065363921826965,9.92284711053564,11.456524621212122,11.755429713804714,12.119387002635046,10.097257810488696,13.593667738834665,12.382230459445601,13.663370401528296,16.024530312272727,22.13501552795031,24.38101119894598,24.45404082345191,22.349925676199334,20.397593671034482,17.457278338945006,19.19845396903821,19.597955034096337,17.43842223869126,17.117027432712216,18.846292689119455,16.70009466226708,17.455203804347825,17.450869026230688,16.463988095238097,17.718291770681645,17.942998954020013,20.016134559166666,19.1004734839375,28.41024475007394,28.130248759920633,5.670381603300082,4.358418273776878,5.1579687955065525,7.728039772727273,6.280159161490683,6.5812897510574855,-0.09161761638120335,6.283678047339967,6.6449457089637,7.292055728088337,7.399498313613756,5.293507246376812,7.954482018250134,7.552658224759674,9.184655713617847,9.184005401844532,9.27351125645691,10.828914507392769,10.672345745610498,9.339032474503489,10.907293242988894,10.819850253444708,11.128590612286265,11.374838960389935,11.407119654458485,11.90645202020202,13.38370430107527,13.581001449275364,13.71302564778217,13.300316297208537,13.769675010979359,16.73455,16.590161169415293,26.58057582815735,25.217438271604937,25.1574016563147,22.992980466288596,27.518600511807033
331,8.949490999037193,8.303557656605582,7.803237342367778,8.32443367411574,9.035111268229521,8.901888862560835,8.997104134923047,9.39321062049062,8.616319643445323,10.051249594155845,10.47090140012966,9.137283800740322,9.572895443088733,9.762383779264214,8.792300795219274,10.153643404758661,6.86193229077161,6.561680665349144,8.431573788777099,8.954434052425318,10.275769230769232,10.043252971014493,8.257059063171763,10.828753550724636,8.447437957276732,8.539655448717948,10.922321118012423,10.041424361682795,11.45016586855174,11.688758316864297,12.099416805006587,10.400638787748981,13.768174171842649,13.194007255599816,13.65217101738841,16.027300874545457,22.08453996486605,24.137971014492752,24.424077285902502,22.39811311876529,20.358964836206898,17.351897841423206,19.033017676767674,19.460886577190927,17.41307868867244,16.85565751334859,18.229222979013738,16.753116666666667,17.17350543478261,17.066387845849803,15.307116977225673,17.48614468864469,17.59984458031401,19.5990048308,18.4602807966875,28.365942028985508,28.05393712748604,5.522179967375619,4.248848312672177,4.976809115179253,7.610338466183574,6.172913419913419,6.500859980980119,-0.1379662796442688,6.183943985799308,6.52735036702428,7.252314605684171,7.374208788462911,5.243170431018257,7.9277712714910775,7.4488672961499045,9.167183840002915,9.069836956521739,9.250276052449966,10.828914237265687,10.5912223009263,9.2569047096221,10.981998599264962,10.773379479518614,11.077924104880626,11.311455067920583,11.336084457771113,11.821775997965931,13.195846174269986,13.486157246376811,13.554113888888887,13.209479385307345,13.741973775017252,16.660790476190474,16.477522845719996,26.566036860396334,25.148415573959053,25.104111595597104,23.04295634920635,27.463493662134965
332,8.855611406709233,8.120874086716972,7.7507756132756125,8.401124321330842,8.918978828767434,8.81389440069506,8.876031044137022,9.259939914361002,8.592335831137461,9.79090320910973,10.37526300930191,9.12744650699542,9.321018218873517,9.509861210347623,8.581321722661396,10.049723974051934,6.809860805939492,6.446278820816864,8.299874621426005,8.863013748597082,9.832964743589743,9.756978682476944,7.998793859649123,10.733366689469952,8.145169827245248,8.351822187172731,10.738056346826587,10.000217578710645,11.302345154845154,11.429987117552336,11.877543478260868,10.16339779785432,13.64073841493119,12.913992435600381,13.542369224977922,15.915290005454546,21.942261904761903,24.110975319969885,24.319181045548653,22.071411299697743,19.892450868275862,17.138903614505384,18.76078271064684,19.29741372757677,17.308160332949054,16.477125199362042,18.021331971824647,16.443125,17.03020833333333,17.171672160267267,15.347916666666666,17.21924948932142,17.779784495772947,19.3894416328,18.336197916875,28.38075396825397,28.002167441361554,5.326245255348517,3.983852355072464,4.682523550724637,7.453972853535354,5.968572032436163,6.488929512516469,-0.1796922123015873,6.122854709009132,6.474565444550452,7.001544685990338,7.286158576555878,5.13917306606437,7.7701379739423215,7.357067453927357,9.128713274803737,9.003926486982753,9.212623407992973,10.789869957644894,10.540696281526445,9.201694847020933,10.949862918164976,10.624011541534998,11.075924045761003,11.321237676616237,11.257233801930203,11.74610248447205,13.018202537294403,13.399366666666667,13.392077777777779,13.12700912043978,13.676046176046176,16.57365,16.39073588205897,26.531462030464358,25.07566693505099,25.0839515757994,23.15412120035761,27.46804999058912
333,8.726835905036992,7.781529022936879,7.636027309474514,8.160725324494347,8.714087564172459,8.567745476896292,8.64317900412442,9.036000025575447,8.520262736056214,9.34679613095238,10.270536019267903,9.107018892339545,9.12021067330918,9.34959455128205,8.354718214756259,9.661792431300583,6.7768102551984875,6.306710085040124,8.213410984848485,8.875818862957082,9.835320512820513,9.749388050065876,7.789999999999999,10.62098286224645,8.07589821524423,8.273904066985645,10.607600119583065,9.916803354004816,11.259833333333335,11.230590982286635,11.817065289855073,9.947264435963836,13.401101290684624,12.582781147305134,13.43495680044593,15.745690993636362,21.798146997929607,23.7797481413514,24.19694567193676,21.734691187073796,19.79393890724138,16.903776289464695,18.510350104303907,19.083118964368964,16.9782784767316,16.393235420567226,17.85887109039354,16.556403854405033,17.08203125,16.88430099520045,16.079774844720497,17.240120471014492,17.514383680555557,19.3071859024,18.95480834125,28.34172089125505,27.965943453361252,5.23349025974026,4.029013968738771,4.595947177726926,7.536186090982287,5.689842822636301,6.362760869565218,-0.2023197463768116,6.08649709236291,6.427901958111853,6.966213219148002,7.173844673983354,5.082672407302842,7.704853486556385,7.304016615429659,9.102197971500216,9.02543751729941,9.183321256038647,10.72127635917491,10.518814298990348,9.15522678475577,10.893099567099567,10.710381073199663,11.049784334023464,11.236950274862568,11.170861049311297,11.733336352657005,12.861877070393374,13.283245652173914,13.271028502415458,13.040931806418218,13.6014990745969,16.493399999999998,16.35177297714779,26.51620082815735,25.05846752549651,25.021224059086375,23.057118055555552,27.369696075450552
334,8.621918408584168,7.628979683195593,7.509161490683231,8.00446885451505,8.521662293853073,8.43914459753633,8.575086247637051,9.049313752307317,8.428341177036204,9.255103696122717,10.265600494614082,8.954930629498175,9.0324264726065,9.247131508319914,8.170724712540423,9.562801089309241,6.724179552410413,6.224590220385675,8.086536157024794,8.593425465838509,9.876167781493868,9.742981086956522,7.739354500381388,10.355349710144928,7.9840300015336245,8.189449895760676,10.480244377811095,9.764085653601771,11.175151844532278,11.174166611769872,11.68667775362319,9.833922146069822,13.32307391304348,12.201057263576004,13.27970571095571,15.632028536363636,21.82239318652362,23.582509057971016,24.025171739130432,21.6556809066749,19.754922831034484,16.830651760880023,18.47646868530021,19.011606545628283,17.02218557861221,16.723419180361972,18.000801906112162,16.91099935300207,17.2640625,16.902623532758415,16.67573757763975,17.455738066281544,17.720995697463767,19.5725248448,19.488034420625,28.29286745001031,27.93286313248949,5.11082022084196,3.9313411935561144,4.655886060259344,7.4066935386473425,5.649125776397516,6.323253058535667,-0.2249417819499341,6.017125641724592,6.465786214035839,6.967288961038961,7.10718958702467,5.065666666666667,7.722663139329806,7.222850049842804,9.080341125189614,8.921629065379067,9.126696467783425,10.650807244285504,10.503837384368182,9.117894524959743,10.79686637336094,10.68648397392213,10.96072376898464,11.176527432712216,11.115029985007496,11.70291102013928,12.738216938975004,13.195292028985508,13.135265382081686,12.965097502587993,13.555730754752494,16.46684347826087,16.285739630184906,26.463344312692136,25.0279857756307,24.912295574795575,22.971900291737246,27.391632099784275
335,8.60789800437083,7.6415200622829085,7.483566252587993,7.899548793597707,8.420903742933728,8.421656192706918,8.669514331571682,8.991204907773385,8.201225151726197,9.308167384246188,9.963250388198757,8.865993403421975,9.065467981444884,9.08115077970875,8.316826374629981,9.522238030538302,6.701847240975786,6.271515622059099,7.94533415357699,8.375657699723499,9.930087792642139,9.760060023310023,7.72295818597878,10.335233802847096,8.060422064560953,8.170485009212754,10.402835582208896,9.651392232455201,11.027299582663714,11.19198888339921,11.463843274044796,9.830297351324338,13.403964604236343,12.386988324019809,13.237348883001058,15.63157721909091,21.859182037768992,23.682302371541503,23.991243359683793,21.703208737216887,19.800345762068968,16.72592080222515,18.562044288414796,18.975157903690512,17.135679011583225,16.994608960986678,17.798540015776073,16.640366394927536,17.162407508705062,16.935759924385632,15.994746376811595,17.21,17.595910511363638,19.3673343312,19.270745155,28.275814601202796,27.87483615496319,5.019397993914298,3.696988742928001,4.576838695057803,7.256397644927536,5.574152560935441,6.244561791831358,-0.24793217305037954,5.914062821530411,6.47247733085329,7.041061284197474,7.059476154779753,5.083782608695652,7.7283145464304885,7.222559115179252,9.059434608855655,8.877759011023077,9.111355935127674,10.616326470567731,10.499250970806463,9.10906358268677,10.77582731037079,10.71343618348037,11.040577312180574,11.126265700483092,11.066181481451787,11.792166227492315,12.57697661624257,13.078142028985507,13.014671633941093,12.887608307453416,13.533682361371149,16.390893346508566,16.242483905106273,26.403920711601867,24.98615616133732,24.862923417793407,22.998938735177866,27.451824808184142
336,8.516305477131564,7.4353238336926575,7.316645492188971,7.80502300235996,8.328416213768117,8.265144918344431,8.498713179381006,8.88176236089997,8.20754320924594,9.102850149397705,9.765549055111554,8.74336670610273,8.80212464022994,9.004354893295112,8.298823416619612,9.373343266292023,6.581558851750015,6.16072171816984,7.759091687627261,8.19764729859335,9.701845039018952,9.513511863354037,7.639934297205464,10.094993600713012,7.933645024396741,8.125386666666667,10.271149636220851,9.5795415246922,10.77278008133171,11.193827237175062,11.349471642198383,9.813564408272056,13.101289018952063,12.417968586053293,13.159028109571588,15.562745539545455,21.796635186353857,23.692361542443063,23.93867188405797,21.571789431352254,19.747520395172415,16.45842343378575,18.354415134330065,18.770995580506447,16.80071010179434,16.71453818073612,17.64627704502492,16.351284414872406,16.810981172360247,16.942506469979296,16.03678107606679,17.05526575630252,17.346256548403286,19.1916781292,18.994825634375,28.30055210489993,27.843915362867808,4.87684959286745,3.5332314905121227,4.426497902364607,6.924583406529059,5.4192056097801435,6.175201769245247,-0.311581627140975,5.794718112971487,6.43900533499484,7.026053328314197,6.895691126188837,5.012612836438923,7.654079441760602,7.209760040013663,9.029572245192862,8.819188013073882,9.082119784464648,10.584086192033052,10.424629481090857,9.088355394781788,10.779530817009078,10.72524773327622,11.080201915742533,11.14436507936508,11.077568371716277,11.863294497772758,12.498161268792598,13.008000724637682,12.934697443276685,12.841233048654244,13.514739384693618,16.339728985507247,16.157658670664667,26.38209330479862,25.018554361187213,24.82613601508529,22.92379706380576,27.38082646339168
337,8.460464689116291,7.370663565354277,7.273618375649268,7.686948197566091,8.1498635732084,8.102249800209913,8.278275891861762,8.73825409207161,8.079838239734299,9.003126588085827,9.572923393032088,8.54835569828722,8.658651222041847,8.818695606929303,8.044284222661396,9.229686945430347,6.490432834965916,6.055641469038208,7.560253529079616,7.9538319204163885,9.319596153846154,9.162907931488801,7.447653508771929,9.804289402173913,7.560350188391856,8.020474373615198,10.118199220910936,9.424006880488326,10.714303811057434,11.070024099692578,11.21442464709204,9.741310297232337,13.004163965395849,12.130534148510161,13.017203960227416,15.426347324285715,21.730047592159394,23.593838629429303,23.964828268398268,21.418858234519103,19.69391282137931,16.544717220514322,18.23648321590193,18.725590858416943,16.84035907704043,16.6166468177082,17.84040768746062,16.311276413690475,16.744921875,16.72838833803662,16.417956349206346,17.089941188197766,17.310155453996487,19.221052234583333,19.36919981125,28.233207070707074,27.805987573099415,4.725537788956761,3.4692663668773296,4.31880194186058,6.740571155394525,5.212649585921325,6.10027907684813,-0.3775139459815547,5.739776512119881,6.35377522704813,6.998223887885176,6.87313322505414,4.9185,7.599714362395521,7.152314814814815,9.002078206481395,8.834227982162766,9.04610527544351,10.559053213292342,10.353263477723106,8.885236422192945,10.662068766076919,10.655605625217694,11.042750938674853,11.133560919756572,11.036264787535568,11.827336331834085,12.337568176328501,12.945242028985506,12.777160143097642,12.771318452380953,13.527905365499068,16.28416753246753,16.085033285496287,26.298066046942857,24.920829571886333,24.9073175203896,22.86686956521739,27.257557488278312
338,8.367371885952448,7.098697853916989,7.120460961962937,7.588044574960419,8.0781943208464,7.988999375217288,8.01792061889801,8.469440788384002,7.901564980158731,8.758346726190476,9.50781601007688,8.462851515243779,8.375788647342995,8.576841594865146,7.8617594696969695,8.9890484509021,6.237003701953371,5.7211421277997365,7.391448451910409,7.769826354679803,9.014407232260494,8.798936739130435,7.240548245614034,9.682353115942028,7.285772796080989,7.936915041952708,9.94432047245094,9.30891709486166,10.513164462081129,10.833780495169083,10.959685385956755,9.45490060705578,12.702630602087124,12.219001096942273,12.874261890070715,15.28950631,21.670669920141968,23.725799485125858,23.96481296368185,21.414117864062618,19.67734067,16.575959011524155,18.171565251809607,18.674626726640792,16.87911129265577,16.704321735663267,17.914797378320063,16.395122406126482,16.79291213768116,16.586836022594294,16.40940635451505,16.9221626984127,17.29533031400966,19.1497881116,19.3692039275,28.155753968253965,27.73512423765345,4.609895316804408,3.1363289840100608,4.031003047391206,6.67978605804421,4.8350806277056275,6.083049218897044,-0.4275388998682477,5.73932579164963,6.369169960474308,6.729450592885375,6.832055752426817,4.854853096179183,7.562839750158592,7.104872134038801,8.960348430204672,8.842455923176747,9.014015883472405,10.509849617639473,10.350698663876305,8.729637379765258,10.563710408954973,10.67531412864996,11.024679927242856,11.11604797979798,11.04803348325837,11.776460366755398,12.174535264992137,12.843944202898552,12.668173611895352,12.70450614648033,13.504110663364095,16.227344155844154,16.03064454614798,26.228820816864296,24.88071083505866,24.756294570968482,22.644706543456543,27.216227700419942
339,8.268453567478325,6.975126413770682,6.978161157024794,7.240192766798419,7.883644524638708,7.73738189150825,7.732721693273038,8.344386872616324,7.618814297216471,8.529734988776655,9.561130288793333,8.289879893657067,8.232460858585858,8.463495040989606,7.739272899449035,8.848250754830918,5.83520432757224,5.455965909090909,7.242993629476584,7.752799649517346,9.056964116499442,8.686141443701226,6.940311784897025,9.523712687747036,7.1727813803212355,7.789112966711651,9.735816118726351,9.161502547211244,10.307713317032762,10.59387770824184,10.873021818181819,9.277658914049468,12.404288206425887,12.091361852330053,12.714894840095068,15.127255183809526,21.610451094798922,23.865503787878787,23.870152747388484,21.419152335383913,19.50103826275862,16.368590633429815,18.034569943289224,18.62670547873553,16.861458300983436,16.95224488593024,17.951857861971046,16.12356699810606,16.734207589285713,16.429321496084256,16.187071262071264,16.717487332461587,16.925184998274673,18.7935333904,19.102274149,28.06226002258611,27.63629574690548,4.5353855904471025,2.96955472212241,3.849309531239165,6.647442980529937,4.57848033126294,6.026897013614405,-0.4695646837944664,5.691225220722972,6.283926610828785,6.522259107639543,6.74889315894001,4.850294466403162,7.5419259015273505,7.084775533108866,8.927524887700573,8.807512024588684,8.98953465085639,10.459278656126482,10.293267707265896,8.598717244912896,10.494078565980168,10.67544225964598,11.007761089025392,11.051713658322353,11.065951115351414,11.781360456135568,12.086586171497585,12.74740467720685,12.636470430107527,12.635229606121104,13.491667764602546,16.16369400527009,15.902785620176925,26.144490261483014,24.831317767042403,24.70353684670607,22.481652664967882,27.179222214089364
340,8.204098071632016,7.139778663612409,6.905120078334365,7.044717535885168,7.7966731778057445,7.929774149361106,7.67879389865474,8.235573205478731,7.449389467864652,8.62071362172449,9.452469939480808,8.223614566248106,8.209484808926865,8.41582326007326,7.558004759979809,8.690632034632035,5.5082445652173915,5.170685037130195,6.9946029614325065,7.720078867222233,8.964329453441296,8.606309573578596,6.829952153110049,9.368505513833991,7.145565677478721,7.651510676929634,9.587648042050402,9.048781280193236,10.134191290928609,10.42607239057239,10.712825289855072,9.30419468296155,12.310752818035427,12.182434318555009,12.584559466298597,14.963322322380954,21.58009881422925,23.81499741200828,23.81169293478261,21.2802170891656,19.32550178310345,16.30747289318304,17.824301242236025,18.438111888111887,16.687053623642438,16.689811802232853,17.414688183823106,15.938497395833334,16.5476836622807,16.14483292825637,15.388840326340327,16.380465367965368,16.553436017786563,18.263067354,18.75229797933333,27.995903578822837,27.596365208764666,4.4896113980716255,2.9577156271210128,3.605470135318533,6.515992854267311,4.555304692891649,5.954625070581592,-0.5053400724637682,5.680748792270531,6.1706996204278814,6.470135668276972,6.680815497070331,4.707167061923584,7.506865149075294,7.062044966573952,8.88743890518084,8.779316954974849,8.953493642951253,10.39767770295548,10.271611494517291,8.448190235690236,10.387864734299518,10.614849082493386,10.972596994919648,11.021953876957625,11.054202875493218,11.763860823556476,12.042981783413849,12.68265,12.595463826554465,12.592371659137964,13.474435268837443,16.2245422979798,15.884204732049561,26.104155931293608,24.78100644122383,24.664517837235227,22.505535750481403,27.21082759966818
341,8.10508768288383,6.910692410767757,6.742350441320693,7.044649999999999,7.647219083452779,7.726325720977895,7.603017328011574,8.037130091673033,7.315257401883332,8.351000970496894,9.19070894627874,7.988319752538696,7.896970607369946,8.197488037324995,7.379908762370733,8.433457715744401,5.311247579767429,4.886494565217391,6.753229001976285,7.459353498191096,8.418630355152095,8.172485304550522,6.633789017999544,9.346863168642951,6.8633184144607355,7.456896390746934,9.389399538866929,8.80931684102934,9.844263327721661,10.185072061191626,10.472461231884058,8.939697277984385,12.198051948051948,11.784325775423977,12.445421813757052,14.87627619904762,21.61973178994918,23.535546066252586,23.77218572075569,21.293569673834618,19.2289025937931,16.141311057434248,17.654458403914926,18.291598799750975,16.29486750201288,16.33195611916264,16.902676333276048,15.455182291666667,16.165489130434782,15.947420912814342,14.54702580028667,16.001894773164796,16.477499396135265,18.1381159416,17.58133128933333,27.971494559615675,27.561759116789005,4.400490410528207,2.602455937836867,3.226876754385965,6.250658963585434,4.360351911976912,5.879586736934563,-0.5216359420289856,5.6546072134387355,6.32832517723822,6.509366144849653,6.670973604107037,4.782445773524721,7.463883922036096,6.993530227082858,8.84913177052027,8.706128593628593,8.904263285024154,10.293485228539577,10.242683703843124,8.333031400966183,10.259392155248134,10.545217979484283,10.963346132128741,10.990626845668075,11.069850988814498,11.81688960714448,11.926092423179906,12.646141304347825,12.550013720150817,12.58909200310559,13.451394378568292,16.184045138888887,15.86386409068193,26.107675159984943,24.796695212999563,24.612598814229248,22.524557996351476,27.189797474398922
342,7.940978835978836,6.370449687088274,6.5090838509316775,6.586233675889328,7.317552998631803,7.476807806324111,7.3753852537821,7.6458791005944535,7.1104618055555555,7.9733262810559,9.009222820149594,7.682195738440304,7.534524603310993,7.707274780915501,7.00288032636495,8.14864562915087,5.141485507246377,4.666774656502917,6.385161537737625,7.205928459471563,8.069140373213743,7.838791666666666,6.212020933977456,9.201076319603356,6.409940425742295,7.20465574009324,9.093885188087773,8.158230402655814,9.609946994095546,9.84458143939394,10.234516739130434,8.38921978404737,11.92556582038466,11.090538659241808,12.212586179252845,14.809720660454547,21.457811813790077,23.628177700922265,23.82588911533816,21.280497666267117,19.248329245172414,15.927705981382452,17.63250883339322,18.253706800445933,16.122253245772946,15.974664653784219,16.703393722534553,15.178604166666666,15.9859375,15.749076109460797,14.904930576669708,15.885721275442611,16.38115603041282,17.9973955672,17.6094999998,27.886822192645177,27.466051246398,4.226415513833992,2.3720089788340775,2.9163338274044794,6.007592817561807,4.105861832611832,5.846916996047431,-0.5288891567852437,5.613606366459627,6.27808110434922,6.5196517812522305,6.679061617730096,4.770896386222473,7.463690476190476,6.938749853700273,8.810895837254533,8.723433010226488,8.87564025346634,10.266599885621625,10.125546853106634,8.288503086419754,10.213786561264822,10.471542717548152,10.934437198067632,10.918574879227053,11.011801242236023,11.780861273908501,11.719984676804211,12.583082497212931,12.468743571762506,12.522724491476433,13.434248933433715,16.195801150087835,15.852550770069511,26.080398717891565,24.743914385399894,24.625551712779973,22.47579500209935,27.14122383252818
343,7.814091000585567,6.105077501796623,6.267610667455388,6.0507545652173915,7.067814659977704,7.198351999986058,7.002440723145292,7.422544220901972,6.774408290984378,7.759756211180124,8.891273491001751,7.447480762594893,7.369993085049796,7.525471773864008,6.658964780808354,7.889679306653491,4.856351076931889,4.49875179662235,6.113970779220779,7.071780387403701,8.020084057971014,7.662870192307692,5.879861111111111,8.7601283747412,6.1620300259322,7.026568179706767,8.798347165702863,7.724850574712644,9.424278437410683,9.595053442028986,10.09512966873706,7.992543311677495,11.704858714822482,11.076916006282572,12.014868629266036,14.463607880476191,21.295038203687273,23.853598484848483,23.8098299571805,21.31985054347826,19.20097865,15.91226559940328,17.617127799736494,18.154203495779583,15.951241394927536,16.061878623188406,16.66930781348456,15.255490036231883,15.808432310085987,15.476525432900434,15.259149184149184,15.653425229741018,16.005805555555558,17.6699186008,18.034049707999998,27.805615942028982,27.43179737674055,4.129763774104683,2.1706128322870653,2.8575561457992804,5.844369138959932,3.8533097277119017,5.789033766233766,-0.5320757312252965,5.628385647737356,6.217532206119163,6.383485671936759,6.632601637492941,4.8022974308300395,7.416996657395208,6.89907911430604,8.772477931488801,8.691625910797821,8.826202867181129,10.253402916350487,10.135272775372776,8.095191650807593,10.19046866177301,10.445933441558442,10.859462344720498,10.884304943848424,10.978352974186308,11.792783721775475,11.524759567979938,12.495937848383502,12.350860663082436,12.448137731619068,13.393635030428507,16.188793456694274,15.863062218890555,26.004346296819126,24.72169887278583,24.651288385527515,22.419297152123242,27.03039562289562
344,7.728817543388799,6.256166325522304,6.136747913921828,6.015926918878223,6.937666238652652,6.9921980698287225,6.84651218808586,7.350590145206634,6.580476515608988,7.808219977553311,8.685219047619048,7.189831381696288,7.306941986022799,7.556020846542133,6.480320674678189,7.716083462732919,4.676000860881543,4.289127314333264,5.917206604084321,6.979989370748299,8.014321666666666,7.588493646751799,5.677590579710145,8.46498558629776,5.944074773790354,6.776301596429885,8.722170530168588,7.790180591630591,9.41687473162802,9.574436274509804,9.930449354302986,8.104134199134199,11.511967640518366,11.164022874926173,11.82385865618389,14.390761557727274,21.345362554112555,23.74928053830228,23.705801206291696,21.433133272699205,19.098433575517245,15.675667649580692,17.63186983471074,18.094255744255744,16.00995975672878,16.235683263880194,16.604891862863035,15.064204823369565,15.711624053030302,15.013903704203798,15.006142046359438,15.48554427075594,15.711740845959596,17.281565450400002,18.93207060357143,27.736111111111114,27.358286964168077,3.920648464458247,2.0365806595365417,2.722626120637562,5.5897046035805635,3.710103151075977,5.710835309617917,-0.5450922727272727,5.646932249513772,6.097051798174987,6.4041525223396345,6.624039865620721,4.710318991153773,7.386830625091495,6.933040027605244,8.750179132779246,8.647534059190237,8.770017582658886,10.21099983953245,10.137327522986944,8.105102352022643,10.277605872388481,10.4727068040655,10.909795940774202,10.959896999552173,10.993769440436107,11.829952590348707,11.500532347619654,12.419494210499645,12.2812828090563,12.439511193064181,13.40709972394755,16.156758756038645,15.808635454999774,25.931667607754566,24.697179396302204,24.631161809205288,22.483350202429147,26.99426092023918
345,7.679356804762602,6.4195513010540175,6.135145711776147,6.163875902503293,6.840329545454545,6.96901490875958,6.891725090579711,7.304867185519794,6.487567325036075,7.826305741812535,8.402623421883863,7.014644307986699,7.148228905906895,7.374474073410829,6.509568289224953,7.67384200310559,4.53393706679269,4.14447792079462,5.6792488396813985,6.7264005434782606,7.90119856979405,7.715426548089591,5.4872453703703705,8.121504710144928,5.852136727581776,6.533184971731168,8.481573735859344,7.815288044262501,9.11953278297119,9.381262983091787,9.809932463768115,8.025564490482031,11.431441223832529,11.042166416791604,11.632698796104593,14.255400633181818,21.322087974607737,23.495510069640506,23.637467597167326,21.60093066211992,18.952885488965514,15.74782236694465,17.456500029943705,17.914355390985826,16.04502775719148,15.663160441148639,16.280672969816745,14.972896550324675,15.51544384057971,14.693482424160592,14.541712454212455,15.481934274091026,15.507007575757576,17.0409163372,17.677662179333332,27.73135783298827,27.26851544266422,3.8076486840454233,2.099391514524123,2.539656559877956,5.335212489343563,3.7336707839262187,5.592118144174666,-0.5607529004329005,5.686680972700463,6.145359803240238,6.279054965524231,6.603985158695304,4.612947957839262,7.338500602993356,6.940895061728395,8.742849325756058,8.601921910088386,8.769828329882678,10.190022832518652,10.088199452251988,8.247901896814941,10.277572463768115,10.47142303848076,10.927036231884058,10.971801599200399,10.996428480939349,11.884496469713861,11.40290667367929,12.370820327015979,12.225177185600748,12.361384446169774,13.39035413137587,16.099302467610894,15.795296101949026,25.84157331410825,24.654646403650027,24.551582927941624,22.440288063385886,26.99023882719535
346,7.634290868551738,6.30912106988861,6.047758194186765,6.021909701663707,6.643341250670961,6.9639554726004,6.8279049166191506,7.073706314699794,6.474384795626723,7.727028985507246,8.325233733657647,6.922856403430937,7.071084877305665,7.189209975931523,6.5624576368852185,7.701805159514399,4.731054924242424,4.240876026147766,5.553261348664511,6.359496349363197,8.009299201251647,7.806957497212933,5.267950885668276,8.040205951251647,5.781130846508565,6.438992848636871,8.311057164599518,7.67027702020202,9.116832623160521,9.24923021885522,9.644233787878788,7.878495039149639,11.572221263706771,10.527802733971361,11.440903010033445,14.091105874090909,21.27518490238352,23.280806159420287,23.61367661671058,21.58210144927536,18.9234542625,15.11449309520324,17.294705204216072,17.729713565420088,15.716744137806637,15.139817246572397,16.422946767576953,14.662010416666666,15.248063858695652,14.74145956731779,13.793882385730212,15.366934046345811,15.530886548913044,16.9145039524,16.899628391133334,27.693037518037517,27.327164280270736,3.6386105874801524,2.109986111111111,2.5885191123188407,5.280187766410911,3.676461266390614,5.44951743984467,-0.5770989789196311,5.6165798219771235,6.104555823939882,6.381576781539301,6.519212657980773,4.591972990777339,7.282004830917875,6.897377153174255,8.721545220791365,8.613176070687512,8.75679292929293,10.175179188766144,10.062517352266628,8.342387766554433,10.294,10.520945777111445,11.006412761151891,10.95720321657353,11.006060379837553,11.90187440578745,11.277331750180629,12.32790501165501,12.176684401619884,12.312044006405888,13.411549109103456,16.057454435660958,15.761013243378311,25.778409679089027,24.620547312322675,24.539146270396273,22.289020999704228,26.993401835543327
347,7.573274671886086,6.062532608695651,6.003209109730848,5.995859462095875,6.504047912701899,6.866070981875712,6.709471471759273,7.019736612044357,6.411881249054454,7.725714170692432,8.212876254180602,6.8469232804232805,6.994955039525692,7.062961838595293,6.380020478890989,7.538626358695652,4.658942523056653,4.123281830159301,5.294771739130435,6.306073646125117,8.008130362318841,7.7284922785547785,5.290548245614035,8.04252619263285,5.645932295447823,6.294985193534536,8.140342311798646,7.537544811468724,9.18084258213606,9.186857789855074,9.646615401844532,7.865562218890554,11.275815850815851,10.486648298373028,11.238284903502294,13.97441113318182,21.189116318464144,23.258061986322854,23.549740575396825,21.41480575945793,18.846772656428573,15.068497779729663,17.023863636363636,17.68883082497213,15.502426822573561,15.173208949192325,16.17985200063012,14.632065001235178,15.13353713768116,14.722956377848153,13.966666666666667,15.954560727115073,15.599741610593512,17.04376548,17.1920421598,27.633307453416148,27.254100606060607,3.508946114875463,1.8489900062881781,2.3907448863636365,5.177885656436488,3.412227100550964,5.399942687747036,-0.5999007660455487,5.519047619047619,5.942971380471381,6.370965085638999,6.415459866667596,4.599769787757,7.2525447713853515,6.890327292533175,8.704574824330258,8.605419485672043,8.722122149656965,10.144093316104186,10.060283322302716,8.259151905528718,10.237282608695653,10.503011010728402,10.997065864389235,10.940467266366817,11.070945671344223,11.896929944118849,11.258780913978494,12.282403846153844,12.122569658719028,12.285027298850574,13.442318204932622,16.02554951690821,15.695579482985782,25.7835096130386,24.6479602791197,24.517614269788183,22.281581733483907,27.11143125527183
348,7.437629385643879,5.837973978919631,5.9408102766798425,5.9017855224485665,6.378185185185185,6.69938390077448,6.602039533084137,7.060478109354413,6.321176793590783,7.608271604938271,8.00894304970392,6.738564393939394,6.710015583827405,6.8581877104377105,6.53795329237555,7.421092308959156,4.4100746691871455,4.0180176518145885,5.469815052700922,6.0977011289917815,7.801342173913043,7.4042483974358975,5.076676201372997,7.8926825757575765,5.664082792207792,6.127282353214418,7.973869076825224,7.384094565217391,8.963685693198373,9.020930070633874,9.451343043478262,7.670756726899708,11.093079836829837,10.693184657671164,11.128252635046113,13.918560306363638,21.09404269972452,23.399029249380913,23.490377189009664,21.451686758893278,18.91554364862069,14.969574179510774,17.046694214876034,17.6686245819398,15.439878358997584,15.25156111111111,15.994497426383022,14.930885416666666,15.082102272727273,14.81359077099649,14.739701783723522,15.671558556478915,15.723402777777777,17.023324275416666,17.511666666666667,27.60712011418533,27.244765316205534,3.3667036984754373,2.032211203651421,2.4513142127799736,5.13119799658994,3.268148331137462,5.313078149920256,-0.6343772463768116,5.495121887687882,5.924314400039037,6.283066502463054,6.3974018029111805,4.548331357048749,7.193364197530864,6.8462139511052555,8.689336611456177,8.639288410864499,8.702329192546584,10.144188329786155,10.05051324255218,8.208341872834625,10.228267080745342,10.436401335896678,10.892953114216702,10.998915882967607,11.085351008358256,11.837289553275312,11.19711864689775,12.243445512820513,12.063543164817885,12.236111915633092,13.437812049062048,15.988139959376374,15.654296147380855,25.783380300590444,24.605434782608697,24.47905011655012,22.371512092979483,27.10138217928073
349,7.320258800043221,5.822473355448898,5.784541847041847,5.762227152376609,6.251327361782073,6.598477016542234,6.564892391304348,6.936697634105026,6.208928390696918,7.522627482555019,7.8170992956319045,6.702789572746094,6.532842315821256,6.79501268115942,6.281719517958413,7.347410187444543,4.3637457538523226,3.9253722002635048,5.341315824820765,6.11420168862937,7.823410737812912,7.233229413702239,5.118799493793773,7.8374299999999995,5.716664443346509,5.9494187882662946,7.81476286163779,7.296360699385156,8.892799897119342,8.931748677248677,9.34829770750988,7.731284357821089,10.863104920441877,10.834594783236087,10.968865994892566,13.886444745136362,21.068910947418853,23.329300995760622,23.50128348296631,21.340555750047056,18.936757757586207,14.898274586792704,17.150154958677685,17.59779260594478,15.482376804732104,15.538442583181714,16.270615773675377,14.970043138586957,15.16735321969697,14.76478825193892,14.472802197802197,15.569625765325892,15.58206627415459,17.33360359125,17.884009661333334,27.5550581233811,27.224452457069784,3.174387265512265,2.243659470552504,2.4260197393186522,5.178411977834612,2.95955349300458,5.255770196241592,-0.666937303421039,5.379654099782206,5.9600784414190215,6.334832340323345,6.36589323183526,4.504654733672125,7.080888073279378,6.74322678127026,8.66188825134797,8.605174173652435,8.628486087583914,10.129939082656474,10.005155540557608,8.049499509704823,10.231727743271222,10.382035878104718,10.832094038208169,10.937321351286078,11.022658057822055,11.783454149548602,10.98819419652344,12.16433807134894,12.027816200043919,12.175846333412242,13.399388266725223,15.929098526021079,15.577637317704784,25.801543401579632,24.55812533548041,24.391659825681565,22.3509733201581,27.001137217586493
350,7.203242481753351,5.645811314015365,5.6146502738117645,5.896253205128205,6.139640480024537,6.391378550864058,6.399421041189932,6.7665980902189595,6.1203007134932195,7.465917740203971,7.709697216399162,6.575653687496079,6.386062223228663,6.620978281875992,6.281534420289855,7.3720267489711935,4.318329409405969,3.91075682716493,5.158636462022826,5.9497090943164785,7.5797,7.258589192510389,5.057737414187643,7.757668333333333,5.65695781573499,5.885150905946142,7.734150963102633,7.220810265700483,8.78345314810707,8.803703282828284,9.154675151515152,7.870072047309678,10.821313107182673,10.78874455778775,10.900757837170879,13.878077404545456,21.04435533565318,23.258212560386472,23.37093615942029,21.236545454545453,18.730714643448277,14.619203998321085,17.09211956521739,17.46808707596751,15.590905381795269,14.992847306393072,16.237022233201582,15.048462635869566,15.291144215838509,14.88760920199838,14.14896878483835,15.706331045003813,15.679512681159421,17.4851663492,18.051352656666666,27.456969091984618,27.21451521080369,3.1925266958831684,2.1371090400047907,2.2884845932147564,5.182428437185151,2.818462215320911,5.187553171466215,-0.6927527056277056,5.228783929579737,5.873408690075357,6.317799622915815,6.296486623527051,4.462192753623189,7.073862242159344,6.7123664178012,8.63615228370663,8.53714653845728,8.584598380007991,10.091548216276477,10.015165407480053,8.065018978605936,10.214122153209109,10.328376774622892,10.835901624945103,10.851683058846517,10.944535735779697,11.761735203826658,10.869763440860215,12.076891025641025,11.851112560943031,12.132230447276362,13.360055058255186,15.854839957787256,15.53189428013266,25.78401164276768,24.579083467525496,24.385645206243034,22.253767171758447,26.95056628083897
351,7.101502952227589,5.343802818558253,5.444894262052647,5.598598621487208,5.959592813051146,6.344326251646904,6.222020120772948,6.743947126717946,5.949846769323671,7.159308113250142,7.51075591075591,6.484332433698117,6.221751136465929,6.536698402150157,6.069026278856619,7.3236790093964,4.281540055565103,3.8998649538866927,4.952809707749432,5.684683766071509,7.4223022463768125,7.057861140670923,4.829133468552804,7.667191904761905,5.41071635286253,5.765342013059405,7.577958906388643,7.075107367149759,8.59931546694765,8.60080324074074,8.905968919631093,7.68732626168119,10.64363824581216,10.774925037481259,10.786660079051384,13.862833602727273,21.03484805708126,23.36119502478198,23.26893321757952,21.055290382081683,18.59328815758621,14.820219064349498,17.015376762493965,17.421474358974358,15.417198510401635,14.923925324675325,16.573620820981557,15.079420634920636,15.241517857142856,14.900312137374282,13.74811872909699,15.23637298842462,15.521331823671497,16.950966332608697,17.216071429285712,27.39990790782716,27.182826537737625,3.1051160393460293,2.0023662863816027,2.175104891304348,5.075068201193521,2.5894054766471806,5.1283766233766235,-0.7098717532467532,5.104066892775417,5.95823573903284,6.28310958157285,6.288667471819646,4.424142059694692,7.007374905019833,6.682115009746588,8.598274363551361,8.525355951256982,8.603385803111204,10.070049407114624,9.942410561329885,8.117595398428731,10.234485507246378,10.337080314009663,10.839836815358554,10.798157349896481,10.914108187134502,11.76954866722483,10.704606659765355,12.03095924908425,11.770601273959794,12.00813088768116,13.30124483212939,15.785256456255098,15.466315868040006,25.81680133808757,24.572401496562126,24.344747372193027,22.202281920307282,26.89929234501126
352,6.995343835956822,5.093850872859025,5.30169787941527,5.287581122681666,5.832921641361859,6.272620530181037,6.063724210526316,6.580294466729929,5.714996472646366,7.054475101254087,7.464322995844735,6.353850802837604,6.051539102202146,6.465558574879227,5.843030933150025,7.069333380387728,4.149673347367818,3.8766516199544854,4.94989775304061,5.650874906702493,7.373915238095239,7.033809155518394,4.718455117536926,7.602975910973084,5.268311083094817,5.672509399115378,7.491875917560701,7.063975307422046,8.550221598471405,8.495785292538917,8.827318043478261,7.636140263201733,10.543682476943346,10.565908117369887,10.61334308807135,13.87309686090909,21.11653117139777,23.434435638550546,23.27537993130058,21.067659420289857,18.497022822413793,14.570054757373597,16.886964398235666,17.250840554373163,15.344256453118136,14.338416098484847,16.49168787741546,14.390252462121213,15.039743148013313,14.583374651183727,13.760335497835499,15.147837560386472,15.143986810064936,16.85390717173913,16.63763285,27.42080600050852,27.159088036890644,3.0597546416684,1.8102579201101927,2.067830568181818,5.099643329070759,2.6912137286324787,5.104755411255411,-0.7458065650291738,5.071827861579415,5.744149831649832,6.206845522044173,6.210457595276436,4.322092132505176,6.9941545893719805,6.6353126677402035,8.578083960219304,8.490696260261478,8.561078200483092,10.009920785736002,9.948772057504323,8.078457888059337,10.192741106719367,10.36499053030303,10.835244024091852,10.765116548868422,10.93492259552042,11.835266327875024,10.611469086021504,11.958952991452993,11.715270161290324,12.02138340462122,13.285894552723638,15.723726325757575,15.411293103448276,25.760014090177133,24.567220819304154,24.318751583561365,22.078361391694724,26.902608695652173
353,6.928525837834768,4.997522600011977,5.172755505364201,5.042460423634337,5.665091653247451,6.277499780412824,5.966144607843137,6.441367073216639,5.655955487195976,6.869298347485848,7.332368736336127,6.17841023365868,5.793730902777778,6.289987654320988,5.554973334274421,7.030043740545552,3.978393020594966,3.871220826275174,4.872011704780727,5.539643654192024,7.129719046345811,6.786471540235127,4.607553827751197,7.451557536231884,5.15390435139573,5.591390442890443,7.309832562885225,6.962025674907645,8.350237890922958,8.316715881642512,8.766917299077734,7.374914626020323,10.432571428571428,10.445438449606366,10.461265988969078,13.775332703181817,20.995958027479766,23.123418116797563,23.213528004893657,20.592292753623187,18.258033482413794,14.3375,16.5451220959255,17.179285117056857,15.116808946199777,14.421754966715207,16.372379188821444,14.649483242753623,14.925349672971954,14.550245746691871,13.951540359226696,15.272424732574189,15.144665966732541,16.88960803625,16.778316290625,27.423807641633726,27.124219366202066,2.9391288349331828,1.6176879812381295,1.7692278326745718,5.04551225490196,2.4310747446997447,5.195240636175418,-0.7657354329004329,5.035677818558254,5.799458961596643,6.026887124619509,6.177922273982056,4.240678053830228,6.961239434774904,6.579614380520177,8.548706919335373,8.425470362970362,8.571006570362005,9.940397917300091,9.897254347826086,7.974722222222222,10.1850046113307,10.312734683794465,10.812184076792773,10.769502748625689,10.933618012422361,11.840462723183862,10.52221744974287,11.877738230971927,11.669206513390769,11.94188171113307,13.261498796056516,15.657828351449275,15.417722388805597,25.760064412238325,24.575916166495876,24.252547000101348,22.100726402220968,26.951222826086955
354,6.875660638341798,4.848093206913859,4.982340485601355,4.742939779423475,5.5256643492377195,6.179907378651944,5.891424216073781,6.254088485789573,5.413149132767044,6.683713773277179,7.153392440892441,5.91260647401253,5.593484073067633,6.147227724100913,5.438463468809074,6.86878970258137,3.6697109213250516,3.5254424931129478,4.882144708305528,5.305817270531401,6.802858,6.506208403010034,4.3337271167048055,7.1951329296066255,4.871168915542229,5.415125059722886,7.135571373404207,6.7020790229885066,8.139792353414796,8.045983796296296,8.60608909090909,7.02382183908046,10.216126348479895,10.010857071464269,10.263594829083958,13.835084937727272,20.867327246205704,22.961480824213744,23.081458623188404,20.253899604743083,17.978700991034483,13.799976035868893,16.41090250329381,16.893213489409142,14.850569364594561,13.980868879399585,15.962438323451911,14.397671875,14.839549365942029,14.256031443587917,13.943193581780537,14.980557598039216,14.81566790674603,16.760168366666665,17.239419671874998,27.436331521739127,27.125703463902724,2.8445275182656604,1.7428027597402598,1.6502371376811595,5.042132352941176,2.2005859788359787,5.140496699258026,-0.7996952042160739,5.0267884871339845,5.83385241301908,5.918963813547771,6.066725451049985,4.190860173160173,6.913747987117552,6.563871252204586,8.506065766865206,8.324733835005574,8.515147172815109,9.879522397891964,9.799534830999201,7.936901421623643,10.195383676582761,10.362240242312705,10.760684641445511,10.66106857285643,10.880143045360438,11.795472961571162,10.40150426069956,11.77259476031215,11.608604166666668,11.92048721824153,13.254810094952523,15.631324659639878,15.365020330743718,25.69690890385335,24.536328502415458,24.127333083583082,22.055199829931972,26.941583733295687
355,6.766257334389485,4.886306935817806,4.816705659075224,4.649612097141988,5.387469473461321,5.917619688735178,5.8093267962231,6.259292635046113,5.506668827604104,6.564196683013712,7.120471014492754,5.7121447001066565,5.449310009057971,6.0108825757575755,5.293073217661356,6.630923107890499,3.45294384057971,3.2506445596564175,4.7181206506767275,5.232175662168915,6.597596376811595,6.237440454473063,4.285438596491228,7.272224927389544,4.561910509031199,5.262119560994561,6.9410647644927534,6.401202904229703,7.871638669301713,7.894455988917307,8.42342198757764,6.803792746483901,10.0055,9.635219890054973,10.02199556801539,13.674782258954544,20.702791501976286,22.705615942028984,22.89149669584039,20.05222463768116,17.622005474827585,13.739348359068467,16.277726219904856,16.610405717470936,14.698972826086957,14.130038154194484,15.634039772727272,14.05376185770751,14.741778273809524,14.074475560356468,13.95327380952381,14.900338915470495,14.71584375,16.99277950307692,17.396323433125,27.3713134057971,27.120546778656127,2.77460621032459,1.4926297760210803,1.6254883481554678,4.879813725490196,2.123324365942029,5.089409749670619,-0.8204542424242425,5.024305947675513,5.6562208340717115,5.953572320982365,6.078510790020884,4.250675362318841,6.851936026936027,6.53329978529254,8.482390120398534,8.308772296544037,8.476953776899428,9.829169200364852,9.712032675791734,8.02841275069536,10.167569828722003,10.339187318317752,10.817278881987576,10.64999618697145,10.867377776209297,11.758047112807233,10.297766905429775,11.665152972027972,11.492967994384843,11.823088303453792,13.197939666530372,15.563851686507936,15.323408182272502,25.689882943143814,24.51119650612404,24.11241883116883,21.99534161490683,26.727430098082273
356,6.7020983337314854,4.865513457556936,4.774006368028107,4.659614871208121,5.273051269964507,5.686942115355087,5.657314411764706,6.115937387490465,5.466175208108756,6.467090797336722,6.841107859531773,5.647178477319781,5.378798111158166,5.923239079023499,5.221764613049206,6.513845321166577,3.3676920289855077,3.1576237530585356,4.510051802611091,5.051650177346392,6.646236231884058,6.345344760312153,4.45280701754386,6.98671216555184,4.636109195402299,5.190638991815941,6.8834666796066255,6.384906323623902,7.7271626552795025,7.8479054951690825,8.363708624129494,6.804766009852217,9.900749482401658,9.434726386806597,9.817320632266284,13.505234153217392,20.618461791831354,22.346724790047773,22.775659670619234,19.880583229813666,17.561898920689654,13.431923494035294,16.199362648221346,16.590533922599143,14.635112060041408,14.401754858366271,16.229819917929294,14.406625905797101,14.794113936335403,14.343353207677639,14.147321428571429,15.168417252770672,15.109909406565656,16.625389986400002,17.36076388875,27.334215838509316,27.117184992471298,2.6955598649538866,1.3708938315965982,1.7111891304347828,4.721765519646594,2.371173822463768,5.046523334026767,-0.8357997233201582,4.996937347073216,5.581726687161471,6.02613125255554,6.067466037798519,4.268966459627329,6.829891304347826,6.456800858829844,8.464603039857709,8.301431539475017,8.456020531400966,9.815613915070436,9.739934306836481,7.852644160723871,10.100016092603049,10.246099033816424,10.719365612648222,10.695710478094286,10.85413666948993,11.756348595182928,10.162486022567895,11.609489966555184,11.415967484628899,11.776540696169773,13.159801836094939,15.526495457290295,15.322351981903784,25.71131802979629,24.522685185185182,24.2076881270903,21.903882575757574,26.581548577563073
357,6.646722482630092,4.975475351339481,4.734561665315179,4.740512379227053,5.109285928464339,5.467172331149018,5.653047725611985,6.018997483530962,5.5480967338546385,6.481818581780538,6.877382943143813,5.6295459497369436,5.431708175505051,5.981273908570405,5.377754489603024,6.527822511693889,3.513411468178954,3.1617143401983223,4.0884952553485165,4.8677493404271885,6.683868333333334,6.559455058528428,4.401885964912281,6.8361780936454855,4.716294084086203,5.03835402097902,6.854277636054421,6.281791601966874,7.663681700545831,7.8842800925925935,8.187097732572537,6.965386511289809,10.084013175230567,9.558504676233312,9.841469404186796,13.461186785521738,20.55413223140496,22.40047939465641,22.72008723884811,19.95957453416149,17.65626145241379,13.559323942620527,16.179210085040125,16.5583751393534,14.54816300519497,14.575779979840906,16.06673834325397,14.467769421701487,14.688303894927536,14.27794401703369,13.079680283484631,15.03317407195525,14.735453275966185,16.4870507252,16.919565216875,27.28097908432148,27.085000050818746,2.6181851804322163,1.4798495043603739,1.6774627717391304,4.668914002557545,2.4223787467061926,5.021111989459816,-0.8473889657444005,4.982922195558065,5.628313165984791,5.981974353732225,5.99977946613428,4.171140127987954,6.818359492091377,6.473911823549504,8.432619745845553,8.225617588932806,8.398927536231884,9.801954494780581,9.684968367247352,7.78847154025453,10.16132279314888,10.188663158500114,10.661916117698727,10.638105571274513,10.822770629991126,11.753848383395452,10.042645060351056,11.55081730769231,11.289552477793361,11.735203138864241,13.125381059470266,15.505111714975845,15.310213075280542,25.73393255295429,24.54008152173913,24.225600215002387,21.839686057229216,26.590499194847023
358,6.579865902213728,4.936363315217391,4.634174822761779,4.730541194312933,5.059771926536731,5.484887043404318,5.660281099033817,6.0027245548654244,5.390703635620915,6.410513558785799,6.716391547049442,5.527983868184955,5.32285330400276,5.827697455322455,5.250181359912929,6.399897213618514,3.690153656126482,3.200578800013869,3.977065870551119,4.726281608605234,6.585070086580086,6.348182677638913,4.263223684210526,6.682179403024511,4.550899612693653,5.002310130992196,6.760389538185453,6.387345473367212,7.61681849859509,7.830894395560157,8.129469389233954,6.700060272965021,10.082167701863355,9.71682783608196,9.772109455698544,13.431628197391305,20.385721343873517,22.140317617165444,22.766974868875085,19.971228139518757,17.574630509310346,13.51757100732256,16.064559378368667,16.468173076923076,14.432439540984378,14.363379793356911,15.654362868788821,14.225596958031401,14.485439311594202,13.97554774238717,12.985868298368299,14.620035783191994,14.320897682178932,16.1904938828,16.7217236901875,27.25644045266328,26.930490131245566,2.5330335262563524,1.3728388215868454,1.3040825742716475,4.597618536556037,2.436097126152833,4.943492753623189,-0.8522136796536798,4.857212765847787,5.638607058436023,6.002580730579452,5.972095013099511,4.121735177865613,6.827681926232651,6.486767946436139,8.407964108121893,8.252334902892683,8.39989502948742,9.785544028766536,9.665599160166188,7.73765631139773,9.966212516469039,10.157546786058921,10.70716671421637,10.591727978287,10.752746254581687,11.768854940526934,10.007008590462833,11.504347536521449,11.232897132262316,11.746329040836725,13.172071107303491,15.471177536231885,15.255697151424288,25.74853191192865,24.515026278069758,24.205883066209154,21.778215610208363,26.638297824070342
359,6.533659581427697,4.857624859379751,4.673388504611331,4.639325231833384,4.9881186801079975,5.4518799818840575,5.555273857630009,5.931266529662017,5.325454115102892,6.402236899994551,6.824719461697723,5.466619588744589,5.208459314613527,5.835157051282051,5.324522168757518,6.3249515993265994,3.7505653749212353,3.2823601700232135,3.8561529010154785,4.6656541047658,6.6353842028985515,6.3622905219780215,4.2421650717703345,6.555042433110368,4.367489085002953,4.954651952214452,6.5979524532144875,6.299417313664597,7.542869600508188,7.7479617552334945,8.176621356107661,6.635371376811594,9.785213438735179,9.79317757389248,9.776428188022392,13.378961503478262,20.414731554677207,21.9833069828722,22.814862115317936,20.009267457180503,17.610949071724136,13.195034420289856,15.858953274985884,16.34501811594203,14.42507021299956,14.125871472158657,15.267284495772946,14.143058574879227,14.39592803030303,13.590282420478074,13.074277210884352,14.255254613807246,14.230183801328502,15.925558442000002,16.7093410314375,27.20762551759834,26.94174872859025,2.4794466103724995,1.3874088438735177,1.347822966507177,4.586440519323672,2.283056826849733,4.856944121522126,-0.8575298616600792,4.755072463768116,5.658942687747036,5.918740629685157,5.92270092226614,4.1057907961603615,6.84097923681257,6.501324668353654,8.389778722913366,8.221704292084727,8.373291611769874,9.7533728047315,9.645077820998111,7.698932277688317,9.979483989742143,10.140116782037072,10.71484556318332,10.52415743085395,10.740595002823264,11.80723420757154,9.820061561264822,11.443855908584169,11.139607638446174,11.657903235882058,13.13694913906683,15.442835144927535,15.235788355822088,25.732444638694638,24.625,24.2975340782406,21.646631776704243,26.70322204968944
360,6.462424131487633,4.834370438076417,4.709390700483092,4.639584935897436,4.999932859260305,5.316682982778091,5.456499059488749,5.903107434006212,5.219153127121012,6.424458333333333,6.652463408210636,5.323662870945479,5.072984072345307,5.70338650932401,5.260750247547034,6.312934945556322,3.7914927536231886,3.2917852437417654,3.8286323953823955,4.554634245377311,6.645568247694334,6.409020833333333,4.382447368421052,6.284256611769872,4.291632984644042,4.938921182983683,6.394815284487386,6.3559574922360245,7.443464356295878,7.803191324476651,8.005084078674948,6.885200082009088,9.685668642951251,9.74004247876062,9.772277190776764,13.324805128695653,20.409227366836063,21.808537549407113,22.818958066262493,19.928276773950685,17.449130435172414,12.695388972074337,15.674304557432027,16.088111888111886,14.167711360602594,13.789310284280935,14.761250301932366,14.046535984848486,14.326711309523809,13.325651515151515,12.836956521739129,14.212756315340782,13.879771890096618,15.7176153964,16.5904220779375,27.199085144927533,26.923404548475933,2.442642591927177,1.3864463109354412,1.3222021357742182,4.498743055555555,2.118787852784134,4.778995765104461,-0.8643157839262188,4.706046976511744,5.521332698099003,5.800104068636677,5.901362780133896,4.204959239130434,6.7992744909411575,6.499557165861513,8.371058739063647,8.204599114653464,8.341658745843528,9.711671877505212,9.613983139713211,7.696307990184802,9.89738005050505,10.071562460788003,10.720449136675681,10.5173047404869,10.662818590704648,11.71677536231884,9.63043472222222,11.358963210702342,11.029305633473586,11.620126436781607,13.072007746126936,15.353897397891963,15.18536583980737,25.73173076923077,24.674162486064656,24.37323717948718,21.649984589685676,26.8495018115942
361,6.290494043697848,4.452273871870883,4.6559901185770745,4.528441123188406,4.7672427609247325,5.228678442028985,5.333923731894377,5.704802636876006,5.100102595385981,6.197722826086957,6.357433359213251,4.935615678524374,4.874522411616161,5.432299229755752,5.273407372400756,6.141215244229737,3.78552063642092,3.455662504491556,3.70971765010352,4.285399452059685,6.3024233333333335,5.99152787701429,4.389804625199362,6.325544548748353,4.1053904127481715,4.872622585747586,6.222639816252588,6.119207482993197,7.213739736260116,7.676883928571428,7.592409680030115,6.572014966542703,9.533393939393939,9.394965017491256,9.509390428412168,13.144236606086956,20.186223649538867,21.661457509881423,22.684157608695653,19.719372546980097,17.128778223793105,12.74924969246592,15.565265301233682,15.993596711259755,13.955638015441684,14.883347361078819,14.539773228205974,13.927841938405798,14.450577445652174,13.273367375049192,12.99702380952381,14.421674406604746,13.940060029644266,15.876072463999998,16.566652961875,27.191174242424246,26.909822337226085,2.367440135046113,1.42172784914361,1.3463409499539363,4.542468223905724,1.8162182494279175,4.807451228396497,-0.8686733333333333,4.743347674249,5.4144233483907405,5.787878317334839,5.79489508492507,4.174300294612794,6.841975308641975,6.480119431025228,8.343474617948672,8.18246527023701,8.305168631971894,9.642667477450086,9.537006483921338,7.657912893601299,9.729549689440994,10.031929658721197,10.648512085740347,10.50919540229885,10.652403343782655,11.704886363636364,9.608329397801098,11.288072045707915,10.974663978494624,11.570291797283176,13.03341056744355,15.306661382850242,15.13019740129935,25.694886363636364,24.664599259436216,24.404145763656633,21.572679753597626,26.86908269314591
362,6.19716149068323,4.506104981884058,4.693102311939269,4.3504263109354415,4.617995441901926,5.123061037952731,5.325621527777778,5.526227678571428,5.0929035579260065,6.1109312888198755,6.193765632917807,5.0979972394755,4.838510954851308,5.459272366220736,5.127224266360608,6.145968263553408,3.7065460273815662,3.405496284841641,3.7909546866177304,4.361059049344376,6.246083260869565,5.907206129015912,4.446644736842106,6.2914635274146145,3.8522886453823952,4.79909351880004,6.093092132505176,5.860908084648153,7.206967450122341,7.590959895965759,7.618671849237719,6.617613440303658,8.944688539117887,8.817310723696593,9.367739373517406,12.977541318391305,20.104358306383997,21.656215415019762,22.50178621227806,19.611816864295125,17.02989162896552,12.83462703510258,15.632223170439573,16.19830685618729,14.085464688121625,14.460626239511825,15.011549705125793,13.929442028985507,14.40294034090909,13.308613931691879,12.808967391304348,14.463957220950928,14.217566047705313,15.922166271200002,16.45504467375,27.240205745341616,26.925125135130568,2.2814988471673256,1.5228959317197954,1.3421008771929825,4.464882538621509,1.8263014354066986,4.781791643139469,-0.8763034848484849,4.8474882756132756,5.411932602421733,5.790603498755672,5.864299162221122,4.082469696969697,6.744657873884927,6.423352573352573,8.329958091230882,8.174432451606364,8.283977455716586,9.60715621938448,9.603665965207632,7.81299823633157,9.777533860342556,10.094029517109874,10.669302846911544,10.451552632774522,10.641779867641937,11.712884800384801,9.577363505747126,11.252532051282051,10.948913744740533,11.525877061469265,12.997861069465268,15.23476600241546,15.077976028219656,25.660536112438287,24.603421125975476,24.3981351981352,21.575956650703027,26.879711909467343
363,6.174205207835642,4.264590709481213,4.465459876222176,4.26964641025641,4.502242628685657,5.035195642931085,5.150742864774115,5.374335648148148,5.1500670256244785,6.031464457375689,6.044025989409142,5.0567489177489175,4.747300271739131,5.320682499599166,5.03508125570082,6.153129466682003,3.7227066792690606,3.4779714850367025,3.6744828512396692,4.268578623707302,6.147670000000001,5.967038461538461,4.102478864734299,6.1871864801864795,3.8656565911443628,4.5165397044984,6.137327975854373,5.874214267866067,7.2338482470557395,7.61814522417154,7.552490817805383,6.761338008523567,8.991638339920948,9.263121361397223,9.342245236647411,12.98495812547826,20.10179512516469,21.795317028985504,22.36905530361848,19.812804498400148,17.25857071413793,13.080471637298487,15.874786209379781,16.236103678929766,14.19141745580808,15.106713969404186,15.317470815491875,13.944588768115942,14.379799107142857,13.25238290513834,13.652380952380952,14.514181513566527,14.192907659017713,15.815455016400001,16.539843749375,27.225870859213252,26.95599865706757,2.200524389148401,1.4095657713498622,1.3106941934148322,4.601104219948849,2.028422794882463,4.7600524475524475,-0.8827812121212122,4.896100708696055,5.3961057434245845,5.6684816682567805,5.895447991449545,4.055011387163561,6.677741615603934,6.408212752089564,8.319576902566034,8.14442785475394,8.313177426438296,9.607224949916597,9.505364813013967,7.857844129554656,9.860705409356724,10.209189723320158,10.692347826086957,10.493135704874836,10.74326168682576,11.690098700649674,9.568248090240594,11.222336956521739,10.920336021505376,11.534675412293854,13.003134057971014,15.161067536780854,15.02457066921085,25.715587761674715,24.516581881618112,24.266152325934932,21.620974235104672,26.87675336438923
364,6.117847275912494,3.982429907773386,4.377591991341991,4.33586782910628,4.409924951485296,5.07500988562421,5.08590199778583,5.335270009881423,5.202785611214183,5.988116450042175,6.051362084997383,4.976426550330277,4.590568902338603,5.292658887587631,4.791566370223979,6.073220526521251,3.753141304347826,3.4931378009342438,3.7042610791711583,4.111719669599582,6.198863809523809,6.049893432654302,4.121936026936027,6.176390734265734,4.015356737012987,4.434316837944664,5.876952880251793,5.8510773988006,7.240093433046196,7.368360294117647,7.448724275362318,6.761215642178911,8.966772727272728,9.617288230884558,9.364895330112722,13.062483882434783,20.144097346987664,22.144015151515152,22.360712451573182,20.18772068511199,17.408327086551722,13.096613041461643,16.07703500028642,16.319160272804773,14.414964761159732,15.041632207704577,15.403263891829788,13.999937216977102,14.351218708827403,13.284884210897799,13.970595561594203,14.491880361659295,14.237512287334594,15.6938860348,16.44341299125,27.200354437229436,26.918844538866928,2.128153507477371,1.3939162249970056,1.2538199541249935,4.7562332693947145,1.9394310606060607,4.726602430750028,-0.8833,4.861050724637681,5.426194310252281,5.63026554904366,5.815704488317066,4.058521739130435,6.645973625140292,6.3824873127409365,8.290509222661397,8.120582673428784,8.25105119518163,9.544821192346935,9.433565460157126,7.8874781016085365,9.82759916713721,10.200228053950879,10.68594861660079,10.595618686868686,10.754133644564545,11.65896280755726,9.525773611111111,11.22371794871795,10.909038884385835,11.499141207805188,13.016264743710396,15.120976731601731,15.01516206182623,25.7154681389464,24.53938478992827,24.27496516164994,21.481944403168658,26.859854954827778
365,5.99460593440122,3.747788996948894,4.311785243741765,4.030777398955801,4.1907959327011435,4.855603286139518,4.774373360938578,5.163018694915671,4.837450634057971,5.795964950670846,6.022322763034067,4.75919255599473,4.037976524134627,5.022944995902939,4.5787105684170895,5.866315097040641,3.5421535737812913,3.310841579055865,3.456095385980479,3.845192240730284,5.670233016304348,5.7404997722567295,3.8636297345024966,6.036219344966627,3.9530962909373235,4.334236413043478,5.688063268253486,5.624211623779947,6.810531872113393,7.228948660714286,7.376153754940711,6.52594677363699,8.866096426218709,9.480201863354038,9.280824338704774,13.08918751940909,19.915597826086955,22.3617944317315,22.5301648049493,20.440234938672436,17.470173731785714,13.214327191863424,16.183835638998683,16.380966873706004,14.253921550094518,15.232143386906975,15.459351091252794,13.905718357487922,14.705695934500282,13.25960248981914,13.72561111111111,14.361541005291006,14.198048136645962,15.6412476756,16.174368687133335,27.1172292143402,26.81545135457839,2.0719332611832613,1.174726755128929,1.1904936637542471,4.4920183129823075,1.963769182095555,4.684129132759824,-0.8817741389045737,4.937556151223031,5.379870401337793,5.497285381543922,5.705070372461677,4.007352053140097,6.564228977544195,6.3481605351170565,8.233438913660054,8.065526773950687,8.195962312961166,9.505968488033705,9.320026420137832,7.773833333333333,9.797953722002635,10.124677639751553,10.653636618514335,10.519512630048611,10.71468253968254,11.512094323895566,9.519992753623187,11.129066666666667,10.849974758454106,11.362184329710145,12.914877280259393,15.11109375,14.94920183982684,25.686243828635135,24.505187246963562,24.21892951251647,21.209928929765887,26.816592860976918
366,5.797916666666667,3.9323484848484846,,3.4150000000000005,4.036904761904762,4.287959886128364,4.102777777777778,4.217547760210803,3.968333333333333,4.989303571428572,5.229861111111112,,2.8575,4.766660714285714,,5.10319264069264,2.840869565217391,2.638181818181818,2.5018416666666665,3.417613095238095,4.312916666666667,4.686972222222223,,5.034585858585859,3.2216450216450214,4.165292297979797,5.218333333333334,5.294515527950311,6.091666666666667,,6.981136904761905,6.445075757575758,7.7041666666666675,8.680231664470794,7.923333333333334,11.830357142599999,18.33068181818182,,22.619249999999997,18.637409420289853,16.162111801428573,14.011920289855073,15.085833333333335,15.908333333333335,14.160416666666668,14.643416666666667,14.225833333333332,,,13.100108695652176,,,14.620062500000001,15.576388889999999,,27.17253623188406,26.763990683229814,2.009740579710145,0.6200724637681159,0.5176652173913043,,1.5364811594202898,4.851509661835749,-0.9205666666666668,4.84344806763285,5.304419191919192,5.702083333333333,5.634027777777778,3.6089015151515156,6.54047619047619,6.051383399209486,8.152557406361755,7.906150793650794,7.93897280255976,9.513358350586612,9.41889007936508,7.675776397515528,9.794642857142858,10.244166666666667,10.443928571428572,10.25,10.708333333333334,11.484722222222222,9.497722943722945,10.862168737060042,10.935261904761905,11.1815625,12.791511387163562,13.985180218332392,14.777143719806764,25.748611111111114,24.506114718614718,24.200688405797102,20.860843685300207,26.417261904761904
